bid_id,tender_id,vendor_id,bid_amount_inr,submission_timestamp,bid_status,disqualification_reason,technical_score,financial_score,is_winner
B0001,T001,V006,69018197,2023-02-07 00:30:00,QUALIFIED,,79.9,85.1,True
B0002,T002,V049,150987372,2023-01-22 00:30:00,QUALIFIED,,82.1,72.3,False
B0003,T002,V011,134464544,2023-01-20 23:30:00,QUALIFIED,,91.9,88.2,True
B0004,T003,V043,23627838,2023-01-20 02:30:00,QUALIFIED,,83.0,81.3,True
B0005,T003,V015,27286226,2023-02-10 22:30:00,DISQUALIFIED,Defective EMD bank guarantee instrument,45.4,0.0,False
B0006,T003,V050,24489948,2023-01-26 02:30:00,DISQUALIFIED,Non-submission of audited turnover sheet for FY23,52.2,0.0,False
B0007,T003,V019,25807205,2023-02-09 01:30:00,DISQUALIFIED,Defective EMD bank guarantee instrument,48.1,0.0,False
B0008,T004,V037,17983544,2023-01-31 20:30:00,QUALIFIED,,77.9,88.6,False
B0009,T004,V046,16879212,2023-01-26 23:30:00,DISQUALIFIED,Minor technical non-compliance in machinery deployment schedule,68.0,0.0,False
B0010,T004,V021,17589942,2023-01-25 21:30:00,QUALIFIED,,83.4,75.5,False
B0011,T004,V014,17956609,2023-01-27 20:30:00,QUALIFIED,,76.9,71.2,True
B0012,T004,V042,17589942,2023-02-10 01:30:00,QUALIFIED,,91.6,80.6,False
B0013,T005,V050,66121632,2023-02-07 03:30:00,QUALIFIED,,93.4,76.6,False
B0014,T005,V042,66022598,2023-02-16 02:30:00,QUALIFIED,,93.3,77.5,True
B0015,T005,V022,66729154,2023-02-01 00:30:00,QUALIFIED,,91.0,83.5,False
B0016,T005,V008,66729154,2023-01-28 03:30:00,QUALIFIED,,85.3,72.8,False
B0017,T005,V019,66729154,2023-02-09 23:30:00,QUALIFIED,,80.1,84.2,False
B0018,T005,V028,66729154,2023-02-19 02:30:00,QUALIFIED,,92.1,94.4,False
B0019,T006,V046,134703146,2023-02-04 20:30:00,QUALIFIED,,79.7,78.5,False
B0020,T006,V020,138641095,2023-02-14 00:30:00,DISQUALIFIED,Technical evaluation: non-compliant asphalt batching plant certification,59.9,0.0,False
B0021,T006,V026,76027932,2023-02-20 00:30:00,QUALIFIED,,76.4,70.8,True
B0022,T006,V043,131880370,2023-02-05 00:30:00,QUALIFIED,,85.2,83.5,False
B0023,T006,V042,142181475,2023-02-02 20:30:00,QUALIFIED,,84.9,80.2,False
B0024,T007,V016,120060512,2023-02-11 20:30:00,QUALIFIED,,94.4,81.1,False
B0025,T007,V013,168773070,2023-02-03 02:30:00,QUALIFIED,,76.1,95.0,True
B0026,T007,V035,129768385,2023-02-18 00:30:00,QUALIFIED,,85.2,75.3,False
B0027,T007,V029,119571977,2023-02-19 01:30:00,QUALIFIED,,95.7,76.6,False
B0028,T008,V004,116956566,2023-02-24 20:30:00,QUALIFIED,,85.6,91.3,True
B0029,T008,V038,113712700,2023-01-27 02:30:00,QUALIFIED,,76.4,71.7,False
B0030,T008,V048,130202417,2023-02-14 02:30:00,QUALIFIED,,87.0,84.5,False
B0031,T008,V035,110957548,2023-02-23 21:30:00,QUALIFIED,,86.9,77.9,False
B0032,T008,V021,116131729,2023-02-04 22:30:00,QUALIFIED,,83.3,86.8,False
B0033,T009,V001,5416259,2023-01-27 23:30:00,QUALIFIED,,87.8,94.7,True
B0034,T009,V017,6425413,2023-02-22 23:30:00,QUALIFIED,,77.2,92.0,False
B0035,T009,V009,5957954,2023-02-20 01:30:00,QUALIFIED,,87.7,87.9,False
B0036,T009,V023,5884904,2023-02-02 23:30:00,QUALIFIED,,80.3,92.7,False
B0037,T009,V005,5701528,2023-02-02 21:30:00,QUALIFIED,,75.9,78.3,False
B0038,T009,V016,5797562,2023-02-15 01:30:00,QUALIFIED,,86.6,80.7,False
B0039,T009,V024,5652168,2023-02-21 01:30:00,QUALIFIED,,92.5,84.6,False
B0040,T009,V019,5818293,2023-02-19 03:30:00,QUALIFIED,,93.9,89.9,False
B0041,T010,V001,24766823,2023-02-12 21:30:00,QUALIFIED,,91.8,91.6,True
B0042,T010,V048,30183873,2023-02-15 01:30:00,QUALIFIED,,77.3,91.8,False
B0043,T010,V010,30445927,2023-02-16 00:30:00,QUALIFIED,,84.7,77.6,False
B0044,T010,V016,30099502,2023-02-16 00:30:00,DISQUALIFIED,Technical evaluation: non-compliant asphalt batching plant certification,52.7,0.0,False
B0045,T010,V011,27541158,2023-02-20 23:30:00,QUALIFIED,,85.7,87.0,False
B0046,T010,V012,30364140,2023-02-13 03:30:00,DISQUALIFIED,Technical evaluation: non-compliant asphalt batching plant certification,63.6,0.0,False
B0047,T010,V027,26721243,2023-02-15 03:30:00,DISQUALIFIED,Technical evaluation: non-compliant asphalt batching plant certification,56.1,0.0,False
B0048,T010,V002,29733618,2023-02-12 21:30:00,QUALIFIED,,85.7,79.6,False
B0049,T011,V001,133766309,2023-02-10 23:30:00,QUALIFIED,,81.8,87.4,False
B0050,T011,V002,126687352,2023-02-13 21:30:00,QUALIFIED,,83.0,88.7,False
B0051,T011,V003,108970802,2023-02-01 23:30:00,QUALIFIED,,83.5,90.8,True
B0052,T011,V040,120646727,2023-02-13 21:30:00,QUALIFIED,,87.7,78.1,False
B0053,T011,V021,123971853,2023-02-13 20:30:00,QUALIFIED,,95.2,88.4,False
B0054,T011,V043,129205427,2023-02-10 22:30:00,DISQUALIFIED,Technical evaluation: non-compliant asphalt batching plant certification,63.3,0.0,False
B0055,T012,V001,46468037,2023-02-04 21:30:00,QUALIFIED,,88.8,70.1,False
B0056,T012,V002,46938286,2023-02-16 21:30:00,QUALIFIED,,91.9,87.4,False
B0057,T012,V003,44471968,2023-02-03 00:30:00,QUALIFIED,,77.5,73.3,False
B0058,T012,V027,44472772,2023-02-03 22:30:00,QUALIFIED,,93.7,85.3,False
B0059,T012,V041,46665398,2023-02-03 21:30:00,QUALIFIED,,86.5,92.4,False
B0060,T012,V037,40880423,2023-02-04 20:30:00,QUALIFIED,,80.4,76.2,True
B0061,T012,V013,45962633,2023-02-03 20:30:00,QUALIFIED,,80.8,71.9,False
B0062,T013,V001,79954991,2023-02-08 22:30:00,QUALIFIED,,86.4,80.4,True
B0063,T013,V002,93787451,2023-02-21 21:30:00,QUALIFIED,,91.2,93.7,False
B0064,T013,V003,84311023,2023-02-10 20:30:00,DISQUALIFIED,Technical evaluation: non-compliant asphalt batching plant certification,54.9,0.0,False
B0065,T013,V046,97422387,2023-02-09 00:30:00,QUALIFIED,,80.7,82.1,False
B0066,T013,V014,90908752,2023-02-10 01:30:00,QUALIFIED,,94.3,94.5,False
B0067,T014,V001,152264238,2023-02-22 22:30:00,QUALIFIED,,83.0,88.8,False
B0068,T014,V002,171492772,2023-02-25 02:30:00,QUALIFIED,,90.7,71.3,False
B0069,T014,V004,149756528,2023-02-26 02:30:00,QUALIFIED,,91.4,86.3,True
B0070,T014,V017,169084304,2023-02-26 00:30:00,QUALIFIED,,88.0,76.0,False
B0071,T014,V025,160383310,2023-03-02 00:30:00,QUALIFIED,,80.4,79.2,False
B0072,T015,V026,212345855,2023-02-16 02:30:00,QUALIFIED,,91.7,84.1,True
B0073,T015,V046,221402120,2023-02-07 21:30:00,QUALIFIED,,76.4,86.2,False
B0074,T015,V013,220075081,2023-02-11 20:30:00,DISQUALIFIED,Technical evaluation: non-compliant asphalt batching plant certification,63.5,0.0,False
B0075,T015,V005,249165287,2023-02-11 01:30:00,QUALIFIED,,90.4,94.1,False
B0076,T015,V038,232096759,2023-02-07 20:30:00,QUALIFIED,,92.3,84.8,False
B0077,T015,V045,234535471,2023-02-18 02:30:00,QUALIFIED,,84.5,88.8,False
B0078,T015,V041,246095522,2023-02-12 22:30:00,DISQUALIFIED,Technical evaluation: non-compliant asphalt batching plant certification,61.9,0.0,False
B0079,T016,V001,5228891,2023-02-05 20:30:00,QUALIFIED,,77.0,75.5,False
B0080,T016,V034,5230034,2023-02-17 22:30:00,QUALIFIED,,86.1,80.6,False
B0081,T016,V013,5282557,2023-02-15 22:30:00,QUALIFIED,,80.7,76.3,False
B0082,T016,V006,4363314,2023-02-24 22:30:00,QUALIFIED,,77.5,83.4,True
B0083,T016,V016,5298324,2023-02-26 00:30:00,QUALIFIED,,85.2,88.1,False
B0084,T016,V027,5506309,2023-02-19 02:30:00,QUALIFIED,,81.2,79.0,False
B0085,T016,V032,4852200,2023-02-28 23:30:00,DISQUALIFIED,Technical evaluation: non-compliant asphalt batching plant certification,50.8,0.0,False
B0086,T016,V036,4842373,2023-02-28 20:30:00,DISQUALIFIED,Technical evaluation: non-compliant asphalt batching plant certification,50.2,0.0,False
B0087,T017,V032,104664913,2023-02-25 14:45:00,QUALIFIED,,77.5,89.1,False
B0088,T017,V005,89118177,2023-02-15 12:45:00,QUALIFIED,,91.3,79.5,True
B0089,T017,V037,106513970,2023-02-25 09:45:00,QUALIFIED,,88.0,85.2,False
B0090,T017,V041,103315514,2023-02-28 12:45:00,QUALIFIED,,76.7,76.0,False
B0091,T017,V044,99743266,2023-03-01 15:45:00,QUALIFIED,,89.5,81.7,False
B0092,T017,V004,89879980,2023-02-25 11:45:00,QUALIFIED,,84.5,87.2,False
B0093,T017,V010,106806566,2023-02-14 12:45:00,QUALIFIED,,86.4,86.2,False
B0094,T018,V001,18205736,2023-02-16 02:30:00,QUALIFIED,,87.6,92.2,True
B0095,T018,V002,18338426,2023-02-19 23:30:00,DISQUALIFIED,Technical evaluation: non-compliant asphalt batching plant certification,53.2,0.0,False
B0096,T018,V045,18233045,2023-02-09 03:30:00,QUALIFIED,,89.1,76.7,False
B0097,T018,V026,18338426,2023-03-01 01:30:00,QUALIFIED,,88.7,92.9,False
B0098,T018,V018,18338426,2023-02-24 21:30:00,QUALIFIED,,85.3,72.3,False
B0099,T018,V033,18338426,2023-02-18 21:30:00,QUALIFIED,,89.1,91.4,False
B0100,T019,V001,101656625,2023-02-17 03:30:00,QUALIFIED,,88.8,83.6,True
B0101,T019,V017,101809110,2023-02-16 03:30:00,QUALIFIED,,82.6,88.9,False
B0102,T020,V046,67873538,2023-02-14 02:30:00,DISQUALIFIED,Defective EMD bank guarantee instrument,57.2,0.0,False
B0103,T020,V011,80416038,2023-02-13 20:30:00,DISQUALIFIED,Non-submission of audited turnover sheet for FY23,46.7,0.0,False
B0104,T020,V020,81283729,2023-02-12 20:30:00,DISQUALIFIED,Defective EMD bank guarantee instrument,45.9,0.0,False
B0105,T020,V036,78965755,2023-02-13 00:30:00,DISQUALIFIED,Non-submission of audited turnover sheet for FY23,50.1,0.0,False
B0106,T020,V001,72205891,2023-02-13 23:30:00,QUALIFIED,,91.2,91.4,True
B0107,T021,V001,12961186,2023-03-07 00:30:00,QUALIFIED,,95.6,76.0,True
B0108,T021,V031,14222662,2023-02-17 21:30:00,DISQUALIFIED,Technical evaluation: non-compliant asphalt batching plant certification,60.4,0.0,False
B0109,T021,V023,15124369,2023-02-19 21:30:00,QUALIFIED,,88.9,90.5,False
B0110,T021,V022,15895498,2023-03-02 03:30:00,QUALIFIED,,95.3,78.3,False
B0111,T021,V036,13431901,2023-02-17 20:30:00,DISQUALIFIED,Technical evaluation: non-compliant asphalt batching plant certification,62.7,0.0,False
B0112,T021,V049,13194015,2023-03-12 21:30:00,QUALIFIED,,95.4,71.9,False
B0113,T021,V035,15337857,2023-03-08 22:30:00,QUALIFIED,,83.3,72.0,False
B0114,T021,V025,14070430,2023-02-23 21:30:00,QUALIFIED,,88.2,92.2,False
B0115,T022,V001,23326137,2023-03-05 20:30:00,QUALIFIED,,81.3,70.7,False
B0116,T022,V002,20028670,2023-03-07 23:30:00,QUALIFIED,,82.5,80.8,True
B0117,T022,V003,21622512,2023-02-24 01:30:00,QUALIFIED,,76.7,91.8,False
B0118,T022,V049,23264747,2023-03-01 20:30:00,QUALIFIED,,78.0,81.5,False
B0119,T023,V001,142392834,2023-03-07 21:30:00,QUALIFIED,,77.2,79.5,False
B0120,T023,V002,129904428,2023-03-01 23:30:00,DISQUALIFIED,Technical evaluation: non-compliant asphalt batching plant certification,61.6,0.0,False
B0121,T023,V003,130850578,2023-03-20 03:30:00,QUALIFIED,,90.6,90.8,False
B0122,T023,V020,143872688,2023-03-05 22:30:00,QUALIFIED,,79.0,76.3,False
B0123,T023,V041,140088826,2023-03-12 02:30:00,QUALIFIED,,88.6,77.7,False
B0124,T023,V028,132006540,2023-02-25 01:30:00,DISQUALIFIED,Technical evaluation: non-compliant asphalt batching plant certification,54.1,0.0,False
B0125,T023,V045,139880925,2023-03-09 00:30:00,QUALIFIED,,86.3,94.3,False
B0126,T023,V017,119720028,2023-03-03 01:30:00,QUALIFIED,,80.4,90.6,True
B0127,T024,V036,166308867,2023-02-17 21:30:00,QUALIFIED,,75.3,83.4,True
B0128,T025,V040,113135738,2023-02-20 23:30:00,QUALIFIED,,77.5,71.1,False
B0129,T025,V036,150208668,2023-03-19 23:30:00,QUALIFIED,,77.4,75.9,False
B0130,T025,V021,110806324,2023-02-25 20:30:00,QUALIFIED,,94.9,87.4,False
B0131,T025,V015,110862301,2023-03-12 21:30:00,QUALIFIED,,92.5,85.4,False
B0132,T025,V001,105696127,2023-03-05 03:30:00,QUALIFIED,,89.5,75.4,True
B0133,T026,V008,34219721,2023-03-18 22:30:00,QUALIFIED,,77.6,84.1,False
B0134,T026,V030,28774083,2023-02-24 00:30:00,QUALIFIED,,92.1,75.8,False
B0135,T026,V006,33032672,2023-02-23 03:30:00,QUALIFIED,,95.7,94.7,False
B0136,T026,V043,31619778,2023-02-23 01:30:00,DISQUALIFIED,Technical evaluation: non-compliant asphalt batching plant certification,62.1,0.0,False
B0137,T026,V014,27169693,2023-03-21 04:29:18,QUALIFIED,,82.5,89.7,True
B0138,T027,V001,69268988,2023-02-25 00:30:00,QUALIFIED,,75.9,89.6,False
B0139,T027,V002,70997347,2023-02-24 23:30:00,QUALIFIED,,95.2,71.5,False
B0140,T027,V050,70997347,2023-02-25 21:30:00,QUALIFIED,,77.3,87.8,False
B0141,T027,V024,69165240,2023-03-10 22:30:00,QUALIFIED,,87.8,71.6,True
B0142,T027,V033,70997347,2023-03-04 22:30:00,QUALIFIED,,87.5,77.4,False
B0143,T027,V038,70997347,2023-02-24 21:30:00,DISQUALIFIED,Technical evaluation: non-compliant asphalt batching plant certification,59.8,0.0,False
B0144,T027,V007,70997347,2023-02-24 00:30:00,QUALIFIED,,93.6,80.3,False
B0145,T028,V044,29001190,2023-03-16 02:30:00,QUALIFIED,,77.0,72.4,True
B0146,T028,V031,31571569,2023-03-14 03:30:00,QUALIFIED,,86.8,78.2,False
B0147,T029,V001,74092452,2023-03-05 22:30:00,QUALIFIED,,77.4,77.0,True
B0148,T029,V043,79517991,2023-03-10 03:30:00,DISQUALIFIED,Non-submission of audited turnover sheet for FY23,56.9,0.0,False
B0149,T029,V031,89256479,2023-03-15 03:30:00,DISQUALIFIED,Technical criteria deficit: past similar experience below threshold,46.4,0.0,False
B0150,T029,V015,88174138,2023-03-12 22:30:00,DISQUALIFIED,Technical criteria deficit: past similar experience below threshold,44.9,0.0,False
B0151,T029,V007,78179698,2023-03-01 21:30:00,DISQUALIFIED,Technical criteria deficit: past similar experience below threshold,44.3,0.0,False
B0152,T030,V001,28121996,2023-03-06 02:30:00,QUALIFIED,,93.6,73.9,True
B0153,T030,V002,32219741,2023-03-23 02:30:00,QUALIFIED,,88.9,82.1,False
B0154,T030,V003,30374421,2023-03-16 00:30:00,QUALIFIED,,77.4,80.7,False
B0155,T030,V020,29436392,2023-03-02 20:30:00,QUALIFIED,,81.5,75.5,False
B0156,T030,V047,33578425,2023-03-23 03:30:00,QUALIFIED,,94.9,89.2,False
B0157,T030,V021,32277187,2023-03-14 22:30:00,DISQUALIFIED,Technical evaluation: non-compliant asphalt batching plant certification,57.0,0.0,False
B0158,T031,V002,198253650,2023-03-14 23:30:00,DISQUALIFIED,Technical evaluation: non-compliant asphalt batching plant certification,50.3,0.0,False
B0159,T031,V030,147189514,2023-03-02 20:30:00,DISQUALIFIED,Minor technical non-compliance in machinery deployment schedule,68.0,0.0,False
B0160,T031,V005,162048512,2023-02-26 22:30:00,DISQUALIFIED,Technical evaluation: non-compliant asphalt batching plant certification,61.8,0.0,False
B0161,T031,V021,210908138,2023-03-20 21:30:00,QUALIFIED,,87.4,83.1,True
B0162,T031,V037,149269259,2023-03-18 22:30:00,QUALIFIED,,91.4,71.9,False
B0163,T031,V028,156225068,2023-03-12 00:30:00,QUALIFIED,,82.3,88.2,False
B0164,T031,V046,161665441,2023-03-02 01:30:00,QUALIFIED,,78.1,74.9,False
B0165,T032,V021,189143781,2023-03-06 15:45:00,QUALIFIED,,76.6,81.5,False
B0166,T032,V041,163034061,2023-03-08 11:45:00,DISQUALIFIED,Technical evaluation: non-compliant asphalt batching plant certification,62.1,0.0,False
B0167,T032,V050,191172883,2023-03-06 09:45:00,QUALIFIED,,86.6,89.8,False
B0168,T032,V010,192569469,2023-03-07 12:45:00,QUALIFIED,,85.0,73.8,False
B0169,T032,V029,153988404,2023-03-10 10:45:00,QUALIFIED,,95.6,72.1,True
B0170,T032,V005,183974898,2023-03-10 12:45:00,QUALIFIED,,95.8,83.1,False
B0171,T032,V031,182724969,2023-03-08 10:45:00,QUALIFIED,,83.1,89.4,False
B0172,T032,V046,185102625,2023-03-10 10:45:00,DISQUALIFIED,Technical evaluation: non-compliant asphalt batching plant certification,51.3,0.0,False
B0173,T033,V001,165609321,2023-03-28 23:30:00,QUALIFIED,,86.7,86.1,True
B0174,T033,V002,180768782,2023-03-26 02:30:00,QUALIFIED,,83.9,79.0,False
B0175,T033,V020,181995403,2023-03-23 00:30:00,QUALIFIED,,91.1,74.8,False
B0176,T033,V042,204908548,2023-03-25 02:30:00,QUALIFIED,,91.6,82.7,False
B0177,T033,V045,188364601,2023-03-01 03:30:00,QUALIFIED,,93.4,85.5,False
B0178,T033,V043,190430795,2023-03-25 01:30:00,QUALIFIED,,89.5,85.6,False
B0179,T034,V001,110062170,2023-03-11 00:30:00,QUALIFIED,,82.7,93.7,True
B0180,T034,V002,119478470,2023-03-11 20:30:00,QUALIFIED,,91.3,82.6,False
B0181,T034,V035,116489479,2023-03-21 00:30:00,QUALIFIED,,77.9,76.3,False
B0182,T034,V016,121553505,2023-03-15 02:30:00,QUALIFIED,,85.8,73.1,False
B0183,T034,V020,108870492,2023-03-20 23:30:00,QUALIFIED,,85.8,90.8,False
B0184,T035,V001,9787284,2023-03-06 03:30:00,QUALIFIED,,77.1,87.9,False
B0185,T035,V002,9772625,2023-03-06 01:30:00,QUALIFIED,,75.8,92.9,True
B0186,T036,V047,119505211,2023-03-24 21:30:00,QUALIFIED,,88.1,71.6,False
B0187,T036,V039,137221868,2023-03-17 03:30:00,QUALIFIED,,87.1,88.0,False
B0188,T036,V034,123704225,2023-03-31 22:30:00,QUALIFIED,,83.7,86.6,False
B0189,T036,V028,118607174,2023-03-21 02:30:00,QUALIFIED,,86.4,89.7,False
B0190,T036,V008,129066282,2023-03-31 21:30:00,QUALIFIED,,75.9,79.7,False
B0191,T036,V019,125737275,2023-03-09 03:30:00,QUALIFIED,,76.4,76.0,False
B0192,T036,V016,132771055,2023-03-28 22:30:00,QUALIFIED,,82.4,78.5,False
B0193,T036,V020,132416425,2023-03-05 20:30:00,QUALIFIED,,85.0,74.6,False
B0194,T036,V001,111626162,2023-03-09 20:30:00,QUALIFIED,,75.8,75.0,True
B0195,T037,V023,89111067,2023-03-22 20:30:00,QUALIFIED,,83.1,94.3,False
B0196,T037,V004,90138913,2023-03-19 22:30:00,QUALIFIED,,85.9,90.0,False
B0197,T037,V042,82239564,2023-04-01 21:30:00,QUALIFIED,,87.7,90.6,True
B0198,T037,V022,90993623,2023-03-25 02:30:00,DISQUALIFIED,Technical evaluation: non-compliant asphalt batching plant certification,59.3,0.0,False
B0199,T037,V018,86848045,2023-03-15 21:30:00,QUALIFIED,,84.3,81.2,False
B0200,T037,V008,94139341,2023-03-23 21:30:00,QUALIFIED,,95.6,93.7,False
B0201,T038,V003,159575389,2023-04-06 01:30:00,QUALIFIED,,94.9,79.3,False
B0202,T038,V009,154310807,2023-03-30 22:30:00,QUALIFIED,,88.6,76.2,False
B0203,T038,V005,135961131,2023-03-27 20:30:00,QUALIFIED,,94.2,72.9,False
B0204,T038,V016,134451015,2023-03-11 00:30:00,QUALIFIED,,95.9,77.1,True
B0205,T038,V042,158643601,2023-03-08 00:30:00,QUALIFIED,,92.9,81.3,False
B0206,T038,V024,158140824,2023-03-11 02:30:00,QUALIFIED,,95.3,94.7,False
B0207,T038,V045,151620517,2023-04-03 23:30:00,QUALIFIED,,92.9,87.8,False
B0208,T039,V024,148806882,2023-03-28 02:30:00,QUALIFIED,,96.0,88.0,False
B0209,T039,V036,130551246,2023-03-17 02:30:00,QUALIFIED,,77.6,77.9,True
B0210,T039,V037,133741626,2023-03-15 22:30:00,QUALIFIED,,92.4,83.8,False
B0211,T039,V030,148130006,2023-03-25 21:30:00,QUALIFIED,,93.2,90.8,False
B0212,T040,V017,17723017,2023-03-13 23:30:00,QUALIFIED,,92.0,94.0,True
B0213,T040,V038,19369418,2023-03-29 23:30:00,QUALIFIED,,86.5,82.0,False
B0214,T040,V026,20047348,2023-03-15 02:30:00,QUALIFIED,,88.0,84.0,False
B0215,T040,V036,20725277,2023-03-18 01:30:00,QUALIFIED,,89.5,86.0,False
B0216,T040,V027,21403207,2023-03-16 01:30:00,QUALIFIED,,91.0,88.0,False
B0217,T041,V042,13536665,2023-03-24 23:30:00,QUALIFIED,,85.1,90.1,True
B0218,T041,V014,15678951,2023-03-23 20:30:00,DISQUALIFIED,Technical evaluation: non-compliant asphalt batching plant certification,50.8,0.0,False
B0219,T041,V037,14964487,2023-03-12 20:30:00,QUALIFIED,,87.7,77.8,False
B0220,T041,V027,15776117,2023-03-20 21:30:00,QUALIFIED,,82.8,84.0,False
B0221,T041,V040,14613669,2023-03-14 02:30:00,QUALIFIED,,80.2,72.4,False
B0222,T041,V041,14529512,2023-03-18 21:30:00,QUALIFIED,,93.2,74.0,False
B0223,T042,V006,45487846,2023-03-27 03:30:00,DISQUALIFIED,Technical evaluation: non-compliant asphalt batching plant certification,56.9,0.0,False
B0224,T042,V026,44449397,2023-03-17 20:30:00,QUALIFIED,,81.0,70.2,True
B0225,T042,V033,44491610,2023-04-02 23:30:00,QUALIFIED,,91.0,79.1,False
B0226,T042,V030,47203999,2023-03-20 00:30:00,QUALIFIED,,81.1,79.7,False
B0227,T043,V024,149704982,2023-03-30 22:30:00,QUALIFIED,,91.9,83.0,True
B0228,T043,V049,162464382,2023-03-19 01:30:00,QUALIFIED,,87.9,74.1,False
B0229,T043,V010,190664814,2023-03-25 22:30:00,QUALIFIED,,85.7,82.2,False
B0230,T043,V013,176334956,2023-03-20 03:30:00,QUALIFIED,,89.1,94.5,False
B0231,T043,V039,177031122,2023-03-15 03:30:00,QUALIFIED,,80.6,86.4,False
B0232,T043,V033,190042997,2023-03-17 00:30:00,QUALIFIED,,87.3,74.3,False
B0233,T043,V026,178549678,2023-03-15 21:30:00,QUALIFIED,,89.3,70.8,False
B0234,T043,V045,189243843,2023-04-01 00:30:00,DISQUALIFIED,Technical evaluation: non-compliant asphalt batching plant certification,54.4,0.0,False
B0235,T044,V036,138586286,2023-04-03 20:30:00,QUALIFIED,,82.2,78.9,False
B0236,T044,V021,151252525,2023-03-29 20:30:00,QUALIFIED,,80.2,84.0,False
B0237,T044,V043,136129380,2023-03-26 23:30:00,QUALIFIED,,89.5,82.2,False
B0238,T044,V031,128308413,2023-03-28 23:30:00,QUALIFIED,,77.6,86.9,True
B0239,T044,V034,140408992,2023-03-20 22:30:00,QUALIFIED,,91.9,77.3,False
B0240,T045,V036,129262405,2023-04-07 03:30:00,QUALIFIED,,86.2,85.9,False
B0241,T045,V045,116197868,2023-03-31 22:30:00,QUALIFIED,,77.1,89.3,False
B0242,T045,V018,115041152,2023-03-28 01:30:00,QUALIFIED,,94.6,92.0,False
B0243,T045,V009,126588028,2023-04-07 23:30:00,QUALIFIED,,88.6,92.7,False
B0244,T045,V007,117101771,2023-03-27 00:30:00,QUALIFIED,,90.2,93.4,False
B0245,T045,V040,117733340,2023-04-08 21:30:00,QUALIFIED,,93.5,74.4,True
B0246,T046,V007,59410379,2023-03-20 23:30:00,QUALIFIED,,77.4,74.1,False
B0247,T046,V022,55213433,2023-04-03 01:30:00,DISQUALIFIED,Technical evaluation: non-compliant asphalt batching plant certification,54.7,0.0,False
B0248,T046,V019,48889257,2023-04-07 01:30:00,QUALIFIED,,87.8,86.0,True
B0249,T046,V030,54641660,2023-03-22 22:30:00,DISQUALIFIED,Technical evaluation: non-compliant asphalt batching plant certification,59.4,0.0,False
B0250,T046,V042,52279513,2023-04-10 20:30:00,QUALIFIED,,80.2,76.5,False
B0251,T046,V035,52822560,2023-04-01 22:30:00,QUALIFIED,,90.2,70.3,False
B0252,T046,V034,57297953,2023-04-04 03:30:00,QUALIFIED,,84.8,74.0,False
B0253,T046,V032,57644610,2023-03-31 02:30:00,QUALIFIED,,94.8,79.2,False
B0254,T047,V043,120056908,2023-03-31 02:30:00,DISQUALIFIED,Technical evaluation: non-compliant asphalt batching plant certification,57.7,0.0,False
B0255,T047,V014,130795573,2023-03-31 01:30:00,QUALIFIED,,92.9,81.0,False
B0256,T047,V016,135187887,2023-03-26 20:30:00,DISQUALIFIED,Technical evaluation: non-compliant asphalt batching plant certification,57.1,0.0,False
B0257,T047,V044,138414048,2023-04-04 01:30:00,QUALIFIED,,84.6,71.4,False
B0258,T047,V039,129712401,2023-03-23 23:30:00,QUALIFIED,,83.3,90.4,False
B0259,T047,V006,119308618,2023-03-31 02:30:00,QUALIFIED,,76.0,78.6,True
B0260,T047,V034,119696524,2023-04-17 02:30:00,QUALIFIED,,84.9,77.2,False
B0261,T047,V029,122616759,2023-04-13 21:30:00,QUALIFIED,,93.7,81.2,False
B0262,T048,V012,27184823,2023-04-13 03:30:00,QUALIFIED,,95.5,81.6,False
B0263,T048,V035,23727930,2023-04-06 21:30:00,QUALIFIED,,92.3,76.2,True
B0264,T048,V026,25273129,2023-04-12 00:30:00,QUALIFIED,,90.2,72.8,False
B0265,T048,V034,27593608,2023-04-07 03:30:00,QUALIFIED,,76.4,84.8,False
B0266,T049,V033,16227926,2023-03-22 22:30:00,QUALIFIED,,93.4,94.6,False
B0267,T049,V019,16055041,2023-04-02 23:30:00,QUALIFIED,,86.7,84.8,False
B0268,T049,V015,14587783,2023-04-10 21:30:00,QUALIFIED,,86.7,71.2,True
B0269,T049,V047,15511280,2023-03-26 21:30:00,QUALIFIED,,81.7,80.4,False
B0270,T049,V037,14911060,2023-04-04 01:30:00,QUALIFIED,,84.9,91.2,False
B0271,T050,V021,11315875,2023-04-04 22:30:00,QUALIFIED,,92.0,94.0,True
B0272,T050,V034,12367076,2023-04-17 00:30:00,QUALIFIED,,86.5,82.0,False
B0273,T050,V039,12799924,2023-04-17 23:30:00,QUALIFIED,,88.0,84.0,False
B0274,T050,V026,13232771,2023-04-07 03:30:00,QUALIFIED,,89.5,86.0,False
B0275,T050,V047,13665619,2023-03-23 02:30:00,QUALIFIED,,91.0,88.0,False
B0276,T051,V048,60724573,2023-04-09 22:30:00,QUALIFIED,,83.0,83.3,False
B0277,T051,V049,54732360,2023-04-08 22:30:00,QUALIFIED,,85.8,82.4,True
B0278,T051,V031,57173724,2023-03-25 22:30:00,QUALIFIED,,82.8,80.3,False
B0279,T051,V016,62701126,2023-04-11 01:30:00,DISQUALIFIED,Technical evaluation: non-compliant asphalt batching plant certification,57.7,0.0,False
B0280,T052,V036,46105596,2023-04-10 22:30:00,QUALIFIED,,90.1,82.2,False
B0281,T052,V042,49892250,2023-03-30 03:30:00,QUALIFIED,,92.6,71.9,False
B0282,T052,V044,49013738,2023-04-15 03:30:00,QUALIFIED,,92.7,75.8,False
B0283,T052,V022,48029320,2023-04-16 00:30:00,QUALIFIED,,82.8,85.4,False
B0284,T052,V017,47670334,2023-03-27 20:30:00,QUALIFIED,,75.3,83.3,False
B0285,T052,V032,40988727,2023-04-15 23:30:00,QUALIFIED,,86.3,77.2,True
B0286,T052,V049,46208815,2023-03-24 21:30:00,QUALIFIED,,94.1,72.7,False
B0287,T053,V026,182918671,2023-03-26 02:30:00,QUALIFIED,,93.0,89.0,False
B0288,T053,V030,162855491,2023-04-09 21:30:00,QUALIFIED,,76.2,70.2,False
B0289,T053,V037,153514375,2023-04-06 21:30:00,QUALIFIED,,88.5,78.3,True
B0290,T053,V016,192882891,2023-04-19 03:30:00,QUALIFIED,,93.9,87.3,False
B0291,T053,V045,178934938,2023-04-14 03:30:00,QUALIFIED,,89.4,77.0,False
B0292,T053,V015,178127933,2023-04-01 03:30:00,QUALIFIED,,92.9,70.4,False
B0293,T054,V025,87203283,2023-04-08 03:30:00,DISQUALIFIED,Technical evaluation: non-compliant asphalt batching plant certification,53.3,0.0,False
B0294,T054,V049,80080957,2023-03-30 21:30:00,QUALIFIED,,81.9,85.9,False
B0295,T054,V048,91944327,2023-04-04 20:30:00,QUALIFIED,,86.6,79.4,False
B0296,T054,V009,81920660,2023-03-31 21:30:00,DISQUALIFIED,Technical evaluation: non-compliant asphalt batching plant certification,58.7,0.0,False
B0297,T054,V045,92187571,2023-04-17 02:30:00,QUALIFIED,,83.0,89.6,False
B0298,T054,V006,81393144,2023-04-06 22:30:00,QUALIFIED,,76.9,93.6,False
B0299,T054,V001,77597319,2023-04-11 02:30:00,QUALIFIED,,77.8,74.7,True
B0300,T055,V001,11016140,2023-04-06 01:30:00,QUALIFIED,,81.3,82.3,False
B0301,T055,V019,10050137,2023-04-04 23:30:00,QUALIFIED,,85.2,71.9,False
B0302,T055,V027,10447716,2023-04-10 20:30:00,QUALIFIED,,79.1,72.7,False
B0303,T055,V025,10559454,2023-04-05 22:30:00,QUALIFIED,,83.0,91.6,False
B0304,T055,V006,9760702,2023-04-05 01:30:00,QUALIFIED,,81.3,85.1,True
B0305,T055,V036,11383663,2023-04-02 22:30:00,QUALIFIED,,83.4,78.0,False
B0306,T055,V016,11467178,2023-03-28 20:30:00,QUALIFIED,,91.4,78.1,False
B0307,T056,V047,37462910,2023-04-27 21:30:00,QUALIFIED,,77.9,77.6,False
B0308,T056,V030,33749088,2023-04-22 21:30:00,QUALIFIED,,76.6,94.8,False
B0309,T056,V046,35292889,2023-04-06 21:30:00,QUALIFIED,,91.6,79.0,False
B0310,T056,V014,32764549,2023-04-27 02:30:00,QUALIFIED,,91.1,86.4,True
B0311,T057,V001,181799579,2023-04-17 20:30:00,QUALIFIED,,87.4,82.5,False
B0312,T057,V007,162092886,2023-04-29 20:30:00,QUALIFIED,,77.2,80.4,True
B0313,T057,V017,200027991,2023-04-27 01:30:00,QUALIFIED,,82.2,89.6,False
B0314,T057,V015,184461199,2023-04-18 20:30:00,DISQUALIFIED,Technical evaluation: non-compliant asphalt batching plant certification,60.1,0.0,False
B0315,T058,V048,15590549,2023-04-05 20:30:00,QUALIFIED,,83.5,74.6,False
B0316,T058,V016,14584031,2023-04-05 21:30:00,QUALIFIED,,75.6,85.4,True
B0317,T058,V034,15176333,2023-04-05 21:30:00,DISQUALIFIED,Technical evaluation: non-compliant asphalt batching plant certification,53.0,0.0,False
B0318,T058,V012,15427408,2023-04-29 02:30:00,QUALIFIED,,86.3,79.1,False
B0319,T058,V036,15175558,2023-04-25 23:30:00,QUALIFIED,,85.3,94.1,False
B0320,T059,V044,102750686,2023-04-23 02:30:00,QUALIFIED,,80.0,72.9,True
B0321,T059,V046,110468935,2023-04-28 21:30:00,QUALIFIED,,77.9,79.6,False
B0322,T059,V020,106385068,2023-04-13 01:30:00,QUALIFIED,,85.3,73.5,False
B0323,T059,V040,109190202,2023-04-19 03:30:00,QUALIFIED,,95.0,82.1,False
B0324,T059,V038,106589200,2023-04-20 20:30:00,QUALIFIED,,85.3,87.8,False
B0325,T060,V023,9672489,2023-04-06 20:30:00,QUALIFIED,,92.0,94.0,True
B0326,T060,V050,10571026,2023-04-29 02:30:00,QUALIFIED,,86.5,82.0,False
B0327,T060,V038,10941012,2023-04-18 22:30:00,QUALIFIED,,88.0,84.0,False
B0328,T060,V031,11310998,2023-05-03 20:30:00,QUALIFIED,,89.5,86.0,False
B0329,T060,V043,11680984,2023-04-22 21:30:00,QUALIFIED,,91.0,88.0,False
B0330,T061,V014,12960532,2023-04-27 01:30:00,QUALIFIED,,92.1,90.1,False
B0331,T061,V048,12808158,2023-04-14 23:30:00,QUALIFIED,,78.5,94.5,False
B0332,T061,V038,12133881,2023-04-13 23:30:00,QUALIFIED,,85.8,92.5,False
B0333,T061,V045,13403854,2023-04-27 21:30:00,QUALIFIED,,95.8,91.7,False
B0334,T061,V023,10938438,2023-04-28 00:30:00,QUALIFIED,,78.1,78.1,True
B0335,T062,V026,42952952,2023-04-19 22:30:00,QUALIFIED,,93.2,91.2,False
B0336,T062,V033,39940202,2023-04-20 22:30:00,QUALIFIED,,91.7,79.9,False
B0337,T062,V048,40307759,2023-04-09 00:30:00,QUALIFIED,,85.4,78.1,True
B0338,T062,V018,41527192,2023-04-18 01:30:00,QUALIFIED,,85.2,78.6,False
B0339,T063,V030,29376785,2023-04-07 23:30:00,DISQUALIFIED,Technical evaluation: non-compliant asphalt batching plant certification,55.0,0.0,False
B0340,T063,V001,28913931,2023-04-16 01:30:00,DISQUALIFIED,Technical evaluation: non-compliant asphalt batching plant certification,58.8,0.0,False
B0341,T063,V028,28659852,2023-04-13 00:30:00,QUALIFIED,,84.0,72.3,True
B0342,T063,V013,28991096,2023-04-30 20:30:00,DISQUALIFIED,Technical evaluation: non-compliant asphalt batching plant certification,58.3,0.0,False
B0343,T063,V045,31556123,2023-04-23 03:30:00,DISQUALIFIED,Technical evaluation: non-compliant asphalt batching plant certification,54.8,0.0,False
B0344,T063,V009,29144722,2023-04-09 21:30:00,QUALIFIED,,85.0,75.7,False
B0345,T063,V042,28955711,2023-04-12 02:30:00,DISQUALIFIED,Technical evaluation: non-compliant asphalt batching plant certification,55.1,0.0,False
B0346,T064,V023,180725774,2023-05-05 02:30:00,QUALIFIED,,77.9,73.1,False
B0347,T064,V047,190834179,2023-04-29 21:30:00,QUALIFIED,,77.9,76.9,False
B0348,T064,V014,168139344,2023-04-23 23:30:00,QUALIFIED,,89.5,91.2,False
B0349,T064,V041,188317710,2023-05-02 00:30:00,QUALIFIED,,85.7,88.7,False
B0350,T064,V010,175565112,2023-05-10 00:30:00,QUALIFIED,,77.4,82.5,False
B0351,T064,V027,164741700,2023-04-25 03:30:00,QUALIFIED,,95.7,93.3,True
B0352,T064,V040,169816930,2023-04-13 21:30:00,QUALIFIED,,89.3,89.1,False
B0353,T065,V033,164465981,2023-04-12 01:30:00,QUALIFIED,,81.5,82.8,False
B0354,T065,V019,158048872,2023-04-27 22:30:00,QUALIFIED,,88.3,90.9,False
B0355,T065,V041,173452075,2023-04-29 23:30:00,QUALIFIED,,90.3,91.2,False
B0356,T065,V046,153365568,2023-04-29 21:30:00,DISQUALIFIED,Technical evaluation: non-compliant asphalt batching plant certification,58.6,0.0,False
B0357,T065,V050,153272820,2023-04-27 02:30:00,DISQUALIFIED,Technical evaluation: non-compliant asphalt batching plant certification,51.9,0.0,False
B0358,T065,V027,143586927,2023-04-16 22:30:00,QUALIFIED,,86.0,89.6,True
B0359,T065,V028,174732075,2023-04-26 22:30:00,QUALIFIED,,91.4,76.7,False
B0360,T066,V032,110430016,2023-04-17 01:30:00,QUALIFIED,,82.7,76.4,True
B0361,T066,V030,114065088,2023-04-17 02:30:00,QUALIFIED,,85.7,71.1,False
B0362,T066,V033,132115030,2023-04-28 03:30:00,QUALIFIED,,83.0,73.8,False
B0363,T066,V024,133735475,2023-05-03 21:30:00,QUALIFIED,,80.2,92.9,False
B0364,T067,V026,104140468,2023-04-16 20:30:00,DISQUALIFIED,Technical evaluation: non-compliant asphalt batching plant certification,52.8,0.0,False
B0365,T067,V005,109039683,2023-04-25 00:30:00,QUALIFIED,,87.4,82.3,False
B0366,T067,V030,98583557,2023-04-28 00:30:00,QUALIFIED,,78.2,93.3,True
B0367,T067,V019,97855735,2023-04-16 22:30:00,QUALIFIED,,89.6,70.2,False
B0368,T068,V046,32113680,2023-04-25 20:30:00,QUALIFIED,,76.8,72.4,False
B0369,T068,V018,30357949,2023-04-25 02:30:00,QUALIFIED,,76.3,86.6,False
B0370,T068,V006,30340328,2023-04-27 23:30:00,QUALIFIED,,94.4,79.8,False
B0371,T068,V003,34744316,2023-04-26 22:30:00,QUALIFIED,,79.9,93.6,False
B0372,T068,V015,28291158,2023-04-19 02:30:00,QUALIFIED,,78.3,74.1,True
B0373,T069,V006,133686281,2023-04-30 01:30:00,QUALIFIED,,76.9,76.2,True
B0374,T069,V011,149004014,2023-04-24 03:30:00,QUALIFIED,,80.5,94.8,False
B0375,T069,V044,139435541,2023-04-27 20:30:00,QUALIFIED,,86.6,72.4,False
B0376,T069,V020,141522919,2023-05-06 02:30:00,DISQUALIFIED,Technical evaluation: non-compliant asphalt batching plant certification,61.6,0.0,False
B0377,T070,V050,32375070,2023-04-22 20:30:00,QUALIFIED,,92.0,94.0,True
B0378,T070,V017,35382590,2023-05-09 02:30:00,QUALIFIED,,86.5,82.0,False
B0379,T070,V023,36620981,2023-05-03 02:30:00,QUALIFIED,,88.0,84.0,False
B0380,T070,V031,37859371,2023-05-11 20:30:00,QUALIFIED,,89.5,86.0,False
B0381,T070,V044,39097762,2023-05-12 01:30:00,QUALIFIED,,91.0,88.0,False
B0382,T071,V018,135195910,2023-04-28 20:30:00,QUALIFIED,,86.6,71.5,False
B0383,T071,V029,136125080,2023-05-03 21:30:00,QUALIFIED,,93.6,83.1,False
B0384,T071,V010,145719279,2023-04-21 03:30:00,QUALIFIED,,91.4,79.0,False
B0385,T071,V003,143361952,2023-04-22 22:30:00,QUALIFIED,,85.6,79.7,False
B0386,T071,V040,123609493,2023-04-28 00:30:00,QUALIFIED,,75.6,90.3,True
B0387,T071,V046,136156698,2023-04-22 22:30:00,QUALIFIED,,96.0,94.3,False
B0388,T072,V012,148486617,2023-05-20 22:30:00,QUALIFIED,,86.8,84.1,False
B0389,T072,V050,143480608,2023-04-20 23:30:00,QUALIFIED,,75.8,71.4,False
B0390,T072,V016,155615679,2023-05-20 20:30:00,DISQUALIFIED,Technical evaluation: non-compliant asphalt batching plant certification,62.9,0.0,False
B0391,T072,V038,143868959,2023-05-13 22:30:00,QUALIFIED,,94.3,91.1,False
B0392,T072,V021,147453584,2023-05-21 01:30:00,QUALIFIED,,94.3,89.4,False
B0393,T072,V045,162801638,2023-04-29 02:30:00,QUALIFIED,,94.8,79.9,False
B0394,T072,V001,131803676,2023-05-02 22:30:00,QUALIFIED,,77.9,73.9,True
B0395,T073,V025,86501388,2023-05-11 21:30:00,QUALIFIED,,91.2,84.2,False
B0396,T073,V020,80208016,2023-05-02 00:30:00,QUALIFIED,,88.4,72.6,True
B0397,T073,V047,92149262,2023-05-02 02:30:00,QUALIFIED,,95.6,74.2,False
B0398,T073,V045,99050194,2023-05-09 22:30:00,QUALIFIED,,80.6,76.2,False
B0399,T073,V019,84552179,2023-05-04 02:30:00,QUALIFIED,,76.0,81.0,False
B0400,T074,V042,128254609,2023-05-10 02:30:00,DISQUALIFIED,Technical evaluation: non-compliant asphalt batching plant certification,52.4,0.0,False
B0401,T074,V049,137911040,2023-05-22 02:30:00,QUALIFIED,,95.7,92.3,False
B0402,T074,V044,146851944,2023-04-29 01:30:00,QUALIFIED,,84.1,71.3,False
B0403,T074,V015,136705594,2023-05-13 21:30:00,QUALIFIED,,90.2,88.2,False
B0404,T074,V011,123799137,2023-05-07 23:30:00,QUALIFIED,,80.0,71.2,True
B0405,T074,V029,143245255,2023-04-25 01:30:00,DISQUALIFIED,Technical evaluation: non-compliant asphalt batching plant certification,50.1,0.0,False
B0406,T074,V005,130090097,2023-04-26 00:30:00,DISQUALIFIED,Technical evaluation: non-compliant asphalt batching plant certification,52.9,0.0,False
B0407,T074,V003,145050051,2023-05-20 20:30:00,QUALIFIED,,81.5,79.9,False
B0408,T075,V029,185090588,2023-05-19 02:30:00,DISQUALIFIED,Technical evaluation: non-compliant asphalt batching plant certification,54.8,0.0,False
B0409,T075,V003,184289026,2023-04-29 00:30:00,QUALIFIED,,92.7,90.5,False
B0410,T075,V017,162349359,2023-05-05 20:30:00,QUALIFIED,,87.0,75.9,True
B0411,T075,V030,175759334,2023-05-11 03:30:00,QUALIFIED,,93.9,90.0,False
B0412,T075,V015,189073797,2023-05-04 01:30:00,QUALIFIED,,90.9,74.3,False
B0413,T076,V017,41533318,2023-04-28 20:30:00,QUALIFIED,,75.3,87.5,False
B0414,T076,V021,39522302,2023-05-02 02:30:00,QUALIFIED,,78.1,84.7,False
B0415,T076,V047,40798966,2023-05-12 02:30:00,QUALIFIED,,77.1,77.2,False
B0416,T076,V005,39134053,2023-05-03 21:30:00,QUALIFIED,,88.8,84.3,False
B0417,T076,V006,38666244,2023-05-09 23:30:00,QUALIFIED,,88.0,87.0,False
B0418,T076,V025,34462861,2023-05-02 22:30:00,QUALIFIED,,89.5,71.2,True
B0419,T076,V036,38682476,2023-05-06 22:30:00,DISQUALIFIED,Technical evaluation: non-compliant asphalt batching plant certification,61.4,0.0,False
B0420,T076,V026,37395631,2023-05-06 20:30:00,QUALIFIED,,89.4,94.3,False
B0421,T077,V048,69368664,2023-05-10 21:30:00,QUALIFIED,,77.8,91.3,True
B0422,T077,V032,84607092,2023-05-27 01:30:00,QUALIFIED,,92.5,90.9,False
B0423,T077,V034,75055926,2023-05-13 03:30:00,QUALIFIED,,89.8,76.8,False
B0424,T077,V024,83760521,2023-05-10 21:30:00,QUALIFIED,,77.6,70.8,False
B0425,T077,V004,76920788,2023-05-07 20:30:00,QUALIFIED,,93.3,84.7,False
B0426,T077,V033,76576453,2023-05-21 23:30:00,QUALIFIED,,89.5,77.1,False
B0427,T077,V011,77134589,2023-05-22 00:30:00,QUALIFIED,,88.6,86.9,False
B0428,T078,V001,9862685,2023-04-30 23:30:00,QUALIFIED,,81.3,83.0,False
B0429,T078,V015,9457666,2023-05-24 03:30:00,QUALIFIED,,88.9,91.1,False
B0430,T078,V017,9014636,2023-05-11 23:30:00,QUALIFIED,,85.1,78.4,False
B0431,T078,V039,8840984,2023-05-09 23:30:00,QUALIFIED,,89.9,92.3,False
B0432,T078,V020,8880615,2023-05-21 00:30:00,QUALIFIED,,91.9,90.1,False
B0433,T078,V042,9415788,2023-05-10 01:30:00,QUALIFIED,,88.8,94.9,False
B0434,T078,V018,8090013,2023-05-03 21:30:00,QUALIFIED,,83.2,70.9,True
B0435,T078,V028,9607719,2023-05-17 22:30:00,QUALIFIED,,79.7,83.4,False
B0436,T079,V048,94961977,2023-05-10 02:30:00,QUALIFIED,,79.7,91.8,False
B0437,T079,V017,77662177,2023-05-09 22:30:00,QUALIFIED,,80.5,77.4,True
B0438,T079,V047,93352470,2023-05-01 03:30:00,QUALIFIED,,87.3,93.6,False
B0439,T079,V036,80235564,2023-05-19 02:30:00,QUALIFIED,,83.0,77.5,False
B0440,T079,V049,79947096,2023-05-22 01:30:00,QUALIFIED,,82.2,94.7,False
B0441,T080,V034,27204903,2023-05-18 00:30:00,QUALIFIED,,92.0,94.0,True
B0442,T080,V039,29732134,2023-05-25 01:30:00,QUALIFIED,,86.5,82.0,False
B0443,T080,V021,30772759,2023-05-04 02:30:00,QUALIFIED,,88.0,84.0,False
B0444,T080,V017,31813383,2023-05-26 21:30:00,QUALIFIED,,89.5,86.0,False
B0445,T080,V035,32854008,2023-05-07 21:30:00,QUALIFIED,,91.0,88.0,False
B0446,T081,V013,4590732,2023-05-09 23:30:00,QUALIFIED,,92.3,77.5,False
B0447,T081,V002,4744643,2023-05-05 22:30:00,QUALIFIED,,89.4,73.3,False
B0448,T081,V044,5415163,2023-05-06 22:30:00,QUALIFIED,,78.5,92.7,False
B0449,T081,V001,5240115,2023-05-22 00:30:00,QUALIFIED,,95.7,75.3,False
B0450,T081,V041,4238826,2023-05-06 01:30:00,QUALIFIED,,77.6,87.8,True
B0451,T081,V016,5221215,2023-05-09 23:30:00,QUALIFIED,,88.1,84.8,False
B0452,T081,V015,4513756,2023-05-19 03:30:00,DISQUALIFIED,Technical evaluation: non-compliant asphalt batching plant certification,51.6,0.0,False
B0453,T081,V023,4890559,2023-05-18 23:30:00,QUALIFIED,,78.2,87.4,False
B0454,T082,V047,33532308,2023-05-06 00:30:00,QUALIFIED,,83.6,74.0,False
B0455,T082,V040,32125506,2023-05-03 00:30:00,QUALIFIED,,85.1,75.9,False
B0456,T082,V008,28848220,2023-05-30 02:30:00,QUALIFIED,,89.0,73.7,False
B0457,T082,V019,27460418,2023-05-16 02:30:00,QUALIFIED,,90.2,72.5,True
B0458,T082,V048,30336573,2023-05-24 20:30:00,QUALIFIED,,81.2,81.6,False
B0459,T082,V007,29381138,2023-05-27 03:30:00,QUALIFIED,,82.6,86.9,False
B0460,T082,V032,31377827,2023-05-29 02:30:00,QUALIFIED,,93.7,70.2,False
B0461,T082,V013,29617333,2023-05-12 01:30:00,QUALIFIED,,93.8,93.9,False
B0462,T083,V045,103643292,2023-05-20 02:30:00,QUALIFIED,,87.4,90.1,False
B0463,T083,V031,102726159,2023-05-19 21:30:00,QUALIFIED,,87.8,91.6,False
B0464,T083,V027,106575857,2023-05-20 20:30:00,QUALIFIED,,77.4,80.3,False
B0465,T083,V042,90647057,2023-05-16 22:30:00,DISQUALIFIED,Technical evaluation: non-compliant asphalt batching plant certification,62.2,0.0,False
B0466,T083,V011,99792905,2023-05-07 00:30:00,QUALIFIED,,89.1,78.5,False
B0467,T083,V008,88990512,2023-05-06 02:30:00,QUALIFIED,,84.1,88.2,True
B0468,T083,V009,98973749,2023-05-03 21:30:00,QUALIFIED,,92.4,92.3,False
B0469,T084,V021,48757633,2023-05-21 00:30:00,DISQUALIFIED,Technical evaluation: non-compliant asphalt batching plant certification,56.2,0.0,False
B0470,T084,V016,48116308,2023-05-30 20:30:00,QUALIFIED,,77.5,82.4,False
B0471,T084,V022,48849391,2023-05-29 21:30:00,QUALIFIED,,86.7,70.0,False
B0472,T084,V018,43716798,2023-05-13 23:30:00,QUALIFIED,,86.8,86.4,False
B0473,T084,V004,42271289,2023-05-22 22:30:00,QUALIFIED,,92.3,90.4,True
B0474,T084,V033,50591754,2023-05-22 20:30:00,QUALIFIED,,82.6,81.3,False
B0475,T084,V015,43776489,2023-05-12 00:30:00,DISQUALIFIED,Technical evaluation: non-compliant asphalt batching plant certification,55.0,0.0,False
B0476,T085,V046,152548167,2023-05-25 02:30:00,QUALIFIED,,83.3,81.4,False
B0477,T085,V048,157447557,2023-05-08 22:30:00,DISQUALIFIED,Technical evaluation: non-compliant asphalt batching plant certification,55.8,0.0,False
B0478,T085,V047,138467697,2023-05-10 02:30:00,QUALIFIED,,91.2,81.3,True
B0479,T085,V027,153915564,2023-05-15 01:30:00,QUALIFIED,,75.1,88.4,False
B0480,T085,V007,150892942,2023-05-17 20:30:00,QUALIFIED,,91.4,92.8,False
B0481,T086,V039,34457336,2023-05-30 21:30:00,QUALIFIED,,93.6,82.8,False
B0482,T086,V045,34696935,2023-05-17 22:30:00,QUALIFIED,,94.6,85.8,False
B0483,T086,V016,30677169,2023-05-15 23:30:00,QUALIFIED,,94.3,73.3,False
B0484,T086,V018,29633518,2023-05-29 22:30:00,QUALIFIED,,89.9,89.0,True
B0485,T086,V026,32939301,2023-05-16 21:30:00,QUALIFIED,,93.8,83.3,False
B0486,T086,V022,34912280,2023-05-22 03:30:00,QUALIFIED,,75.5,73.6,False
B0487,T086,V019,33615165,2023-05-28 23:30:00,QUALIFIED,,78.4,77.2,False
B0488,T087,V044,62839650,2023-06-06 21:30:00,QUALIFIED,,95.1,94.4,False
B0489,T087,V048,58408521,2023-06-07 03:30:00,QUALIFIED,,79.3,91.7,False
B0490,T087,V036,64791496,2023-05-13 00:30:00,QUALIFIED,,89.8,86.2,False
B0491,T087,V015,63564087,2023-05-29 00:30:00,QUALIFIED,,78.7,87.1,False
B0492,T087,V042,52723832,2023-05-30 02:30:00,QUALIFIED,,82.9,80.7,True
B0493,T087,V049,61251016,2023-06-02 01:30:00,QUALIFIED,,80.4,78.3,False
B0494,T087,V025,63034862,2023-06-01 03:30:00,QUALIFIED,,81.8,71.3,False
B0495,T087,V016,65629723,2023-05-21 20:30:00,QUALIFIED,,86.6,71.8,False
B0496,T088,V006,143065092,2023-05-11 20:30:00,QUALIFIED,,92.3,94.5,False
B0497,T088,V023,134906459,2023-05-19 20:30:00,QUALIFIED,,88.5,93.0,False
B0498,T088,V015,130286019,2023-05-29 22:30:00,QUALIFIED,,83.0,89.9,True
B0499,T088,V014,137902382,2023-05-22 23:30:00,DISQUALIFIED,Technical evaluation: non-compliant asphalt batching plant certification,57.2,0.0,False
B0500,T088,V043,156728772,2023-05-14 20:30:00,QUALIFIED,,81.2,86.3,False
B0501,T088,V022,143831143,2023-05-29 02:30:00,QUALIFIED,,95.1,83.4,False
B0502,T088,V045,134864255,2023-05-29 00:30:00,QUALIFIED,,91.2,91.6,False
B0503,T089,V030,132454935,2023-06-01 23:30:00,QUALIFIED,,86.7,84.4,True
B0504,T089,V046,145712745,2023-05-27 21:30:00,QUALIFIED,,88.2,80.8,False
B0505,T089,V022,139480633,2023-06-06 03:30:00,QUALIFIED,,88.0,88.9,False
B0506,T089,V003,156297857,2023-06-08 22:30:00,QUALIFIED,,77.2,89.7,False
B0507,T090,V036,34652833,2023-06-03 23:30:00,QUALIFIED,,92.0,94.0,True
B0508,T090,V027,37871949,2023-05-17 22:30:00,QUALIFIED,,86.5,82.0,False
B0509,T090,V043,39197467,2023-06-08 01:30:00,QUALIFIED,,88.0,84.0,False
B0510,T090,V038,40522985,2023-06-05 03:30:00,QUALIFIED,,89.5,86.0,False
B0511,T090,V039,41848504,2023-06-07 21:30:00,QUALIFIED,,91.0,88.0,False
B0512,T091,V011,57665353,2023-05-26 03:30:00,QUALIFIED,,94.6,94.9,False
B0513,T091,V012,55508075,2023-05-30 02:30:00,QUALIFIED,,81.1,71.7,True
B0514,T091,V015,57468687,2023-05-23 20:30:00,QUALIFIED,,82.5,86.8,False
B0515,T091,V040,59101535,2023-06-07 02:30:00,QUALIFIED,,81.7,81.3,False
B0516,T091,V017,63674517,2023-06-07 01:30:00,QUALIFIED,,82.7,77.9,False
B0517,T092,V031,66921768,2023-06-11 23:30:00,QUALIFIED,,77.9,83.5,False
B0518,T092,V030,69070493,2023-06-13 02:30:00,QUALIFIED,,92.8,85.8,False
B0519,T092,V029,76716286,2023-05-23 00:30:00,QUALIFIED,,86.6,83.6,False
B0520,T092,V023,79305935,2023-05-18 01:30:00,QUALIFIED,,79.7,89.3,False
B0521,T092,V020,66009659,2023-05-30 01:30:00,QUALIFIED,,84.8,82.8,True
B0522,T092,V032,70929039,2023-06-17 00:30:00,QUALIFIED,,91.9,85.4,False
B0523,T093,V003,45630734,2023-05-17 00:30:00,QUALIFIED,,91.6,79.7,False
B0524,T093,V015,51955416,2023-06-06 03:30:00,QUALIFIED,,81.8,87.6,False
B0525,T093,V032,43083140,2023-05-29 23:30:00,QUALIFIED,,87.2,84.3,True
B0526,T093,V049,46949904,2023-05-25 22:30:00,QUALIFIED,,93.9,71.9,False
B0527,T093,V005,45793204,2023-05-30 21:30:00,QUALIFIED,,93.2,82.2,False
B0528,T093,V017,47925130,2023-05-19 03:30:00,QUALIFIED,,77.9,74.1,False
B0529,T094,V047,46378916,2023-05-19 21:30:00,DISQUALIFIED,Technical evaluation: non-compliant asphalt batching plant certification,50.6,0.0,False
B0530,T094,V008,41019435,2023-06-04 01:30:00,QUALIFIED,,88.2,71.0,True
B0531,T094,V031,46216557,2023-06-08 01:30:00,QUALIFIED,,78.8,94.0,False
B0532,T094,V044,46454011,2023-05-22 03:30:00,QUALIFIED,,90.3,90.5,False
B0533,T094,V048,49503660,2023-06-02 20:30:00,QUALIFIED,,84.9,82.0,False
B0534,T094,V046,43122998,2023-05-27 01:30:00,QUALIFIED,,92.2,74.5,False
B0535,T095,V007,105539973,2023-06-16 01:30:00,QUALIFIED,,87.9,71.0,False
B0536,T095,V002,104725562,2023-05-21 02:30:00,DISQUALIFIED,Technical evaluation: non-compliant asphalt batching plant certification,59.2,0.0,False
B0537,T095,V013,106981236,2023-06-21 21:30:00,QUALIFIED,,82.8,71.1,False
B0538,T095,V034,89028923,2023-06-07 20:30:00,QUALIFIED,,91.6,79.5,True
B0539,T095,V033,101005077,2023-06-15 21:30:00,QUALIFIED,,85.0,75.8,False
B0540,T096,V034,151318012,2023-06-10 21:30:00,QUALIFIED,,80.3,91.4,False
B0541,T096,V008,153150105,2023-06-03 23:30:00,QUALIFIED,,83.3,75.1,False
B0542,T096,V050,156992439,2023-05-28 20:30:00,QUALIFIED,,86.7,82.1,False
B0543,T096,V001,170037118,2023-05-27 22:30:00,QUALIFIED,,83.4,73.5,False
B0544,T096,V025,166310333,2023-06-12 00:30:00,QUALIFIED,,89.7,74.0,False
B0545,T096,V042,146899724,2023-06-02 22:30:00,QUALIFIED,,87.9,87.1,False
B0546,T096,V014,133638821,2023-06-03 03:30:00,QUALIFIED,,91.9,90.6,True
B0547,T096,V021,154588091,2023-05-26 21:30:00,DISQUALIFIED,Technical evaluation: non-compliant asphalt batching plant certification,53.7,0.0,False
B0548,T097,V050,104622320,2023-05-24 23:30:00,QUALIFIED,,91.5,82.8,False
B0549,T097,V012,119896637,2023-06-02 01:30:00,QUALIFIED,,82.6,86.4,False
B0550,T097,V041,126053014,2023-06-18 23:30:00,QUALIFIED,,82.4,79.9,False
B0551,T097,V032,104038693,2023-06-05 03:30:00,QUALIFIED,,90.5,71.7,True
B0552,T098,V017,72648358,2023-05-29 23:30:00,QUALIFIED,,82.1,72.9,True
B0553,T098,V012,81040031,2023-06-06 23:30:00,QUALIFIED,,95.3,84.1,False
B0554,T098,V027,85030104,2023-06-04 20:30:00,QUALIFIED,,93.8,91.6,False
B0555,T098,V033,80553218,2023-06-07 02:30:00,QUALIFIED,,91.6,75.5,False
B0556,T099,V044,99335937,2023-06-02 23:30:00,QUALIFIED,,90.7,93.3,False
B0557,T099,V048,96124611,2023-05-29 00:30:00,QUALIFIED,,80.1,76.6,False
B0558,T099,V022,89274552,2023-05-26 00:30:00,QUALIFIED,,92.6,78.9,True
B0559,T099,V005,107697912,2023-06-18 02:30:00,QUALIFIED,,88.9,85.3,False
B0560,T099,V036,107409072,2023-06-04 03:30:00,QUALIFIED,,82.8,77.9,False
B0561,T099,V012,110040653,2023-06-02 23:30:00,QUALIFIED,,95.7,92.9,False
B0562,T099,V031,97895664,2023-06-14 01:30:00,DISQUALIFIED,Technical evaluation: non-compliant asphalt batching plant certification,61.2,0.0,False
B0563,T100,V038,29102643,2023-05-31 00:30:00,QUALIFIED,,92.0,94.0,True
B0564,T100,V047,31806167,2023-06-09 02:30:00,QUALIFIED,,86.5,82.0,False
B0565,T100,V039,32919383,2023-06-10 22:30:00,QUALIFIED,,88.0,84.0,False
B0566,T100,V017,34032599,2023-06-01 23:30:00,QUALIFIED,,89.5,86.0,False
B0567,T100,V048,35145815,2023-06-15 23:30:00,QUALIFIED,,91.0,88.0,False
B0568,T101,V026,56950560,2023-05-28 02:30:00,QUALIFIED,,91.9,83.9,False
B0569,T101,V018,58751243,2023-06-17 01:30:00,QUALIFIED,,90.5,81.8,False
B0570,T101,V029,49799827,2023-06-09 20:30:00,QUALIFIED,,93.8,85.8,False
B0571,T101,V012,55343034,2023-06-12 20:30:00,QUALIFIED,,86.8,84.2,False
B0572,T101,V037,48738414,2023-06-01 01:30:00,QUALIFIED,,76.3,90.3,True
B0573,T101,V009,54735642,2023-06-03 02:30:00,QUALIFIED,,82.0,79.0,False
B0574,T102,V050,9155414,2023-06-01 20:30:00,QUALIFIED,,83.0,77.2,False
B0575,T102,V019,9409945,2023-06-21 01:30:00,QUALIFIED,,94.5,80.5,False
B0576,T102,V023,9375703,2023-06-13 02:30:00,DISQUALIFIED,Technical evaluation: non-compliant asphalt batching plant certification,54.8,0.0,False
B0577,T102,V021,8848301,2023-06-04 23:30:00,QUALIFIED,,87.7,79.9,False
B0578,T102,V044,8480486,2023-05-31 22:30:00,QUALIFIED,,90.7,83.0,True
B0579,T103,V011,9223517,2023-06-09 02:30:00,DISQUALIFIED,Technical evaluation: non-compliant asphalt batching plant certification,58.7,0.0,False
B0580,T103,V026,9282666,2023-06-08 23:30:00,QUALIFIED,,90.5,81.1,False
B0581,T103,V007,9364351,2023-06-05 01:30:00,DISQUALIFIED,Technical evaluation: non-compliant asphalt batching plant certification,59.3,0.0,False
B0582,T103,V005,10788397,2023-06-10 20:30:00,QUALIFIED,,93.3,93.4,False
B0583,T103,V031,9059747,2023-06-17 01:30:00,QUALIFIED,,87.4,81.4,True
B0584,T104,V029,170184530,2023-06-30 03:30:00,QUALIFIED,,90.9,73.4,False
B0585,T104,V020,174777422,2023-06-13 03:30:00,QUALIFIED,,85.3,88.9,False
B0586,T104,V024,160165163,2023-06-05 21:30:00,QUALIFIED,,91.8,84.9,True
B0587,T104,V027,192652223,2023-06-12 22:30:00,QUALIFIED,,93.5,80.9,False
B0588,T105,V019,69657134,2023-06-20 01:30:00,QUALIFIED,,88.4,85.4,False
B0589,T105,V042,57181545,2023-06-05 20:30:00,QUALIFIED,,78.9,70.5,True
B0590,T105,V048,59574472,2023-06-08 03:30:00,QUALIFIED,,77.1,76.7,False
B0591,T105,V035,67922616,2023-06-02 03:30:00,QUALIFIED,,78.2,82.3,False
B0592,T105,V018,63240539,2023-06-15 20:30:00,QUALIFIED,,84.7,89.8,False
B0593,T105,V027,63094236,2023-06-21 03:30:00,QUALIFIED,,83.2,83.6,False
B0594,T106,V048,33763373,2023-06-20 20:30:00,QUALIFIED,,83.2,94.0,True
B0595,T106,V003,40849941,2023-06-24 03:30:00,QUALIFIED,,86.5,73.1,False
B0596,T106,V013,37552314,2023-06-15 00:30:00,QUALIFIED,,76.1,86.7,False
B0597,T106,V030,41118534,2023-06-18 21:30:00,QUALIFIED,,78.5,76.9,False
B0598,T106,V050,34931668,2023-06-19 03:30:00,QUALIFIED,,87.2,87.3,False
B0599,T107,V004,24769443,2023-06-21 22:30:00,QUALIFIED,,95.6,89.7,True
B0600,T107,V023,30033204,2023-06-15 00:30:00,DISQUALIFIED,Technical evaluation: non-compliant asphalt batching plant certification,55.3,0.0,False
B0601,T107,V042,29855436,2023-06-21 03:30:00,QUALIFIED,,84.2,77.4,False
B0602,T107,V010,29704841,2023-06-23 01:30:00,QUALIFIED,,81.8,81.7,False
B0603,T108,V050,158745526,2023-06-27 22:30:00,QUALIFIED,,80.0,88.0,False
B0604,T108,V041,156543623,2023-06-10 21:30:00,QUALIFIED,,89.3,89.1,False
B0605,T108,V033,141814538,2023-06-18 22:30:00,QUALIFIED,,81.8,72.4,False
B0606,T108,V025,156561200,2023-06-27 01:30:00,QUALIFIED,,75.7,72.7,False
B0607,T108,V001,132246994,2023-06-26 21:30:00,QUALIFIED,,88.8,83.1,True
B0608,T109,V006,103249233,2023-06-07 03:30:00,QUALIFIED,,80.6,71.0,False
B0609,T109,V030,97165564,2023-06-20 02:30:00,QUALIFIED,,95.2,72.4,False
B0610,T109,V041,110502516,2023-06-11 21:30:00,QUALIFIED,,86.1,76.2,False
B0611,T109,V004,108468786,2023-06-23 21:30:00,QUALIFIED,,91.1,84.4,False
B0612,T109,V024,109470254,2023-06-06 21:30:00,QUALIFIED,,78.5,74.5,False
B0613,T109,V036,103910974,2023-06-19 01:30:00,QUALIFIED,,87.6,93.3,False
B0614,T109,V027,97992643,2023-06-11 22:30:00,QUALIFIED,,92.7,80.3,True
B0615,T110,V042,22558975,2023-07-07 03:30:00,QUALIFIED,,92.0,94.0,True
B0616,T110,V039,24654617,2023-06-28 03:30:00,QUALIFIED,,86.5,82.0,False
B0617,T110,V047,25517529,2023-06-21 01:30:00,QUALIFIED,,88.0,84.0,False
B0618,T110,V049,26380440,2023-06-08 23:30:00,QUALIFIED,,89.5,86.0,False
B0619,T110,V031,27243352,2023-07-06 23:30:00,QUALIFIED,,91.0,88.0,False
B0620,T111,V010,9243808,2023-06-22 02:30:00,QUALIFIED,,87.0,75.4,False
B0621,T111,V009,8357216,2023-06-20 20:30:00,QUALIFIED,,78.6,90.6,True
B0622,T111,V017,10052044,2023-07-04 23:30:00,DISQUALIFIED,Technical evaluation: non-compliant asphalt batching plant certification,61.3,0.0,False
B0623,T111,V024,9477507,2023-07-07 22:30:00,QUALIFIED,,92.2,80.4,False
B0624,T111,V038,10384469,2023-06-27 03:30:00,QUALIFIED,,88.3,71.4,False
B0625,T111,V016,9743911,2023-06-21 01:30:00,QUALIFIED,,89.7,73.8,False
B0626,T112,V009,152455647,2023-07-01 02:30:00,QUALIFIED,,83.4,80.9,True
B0627,T112,V022,176245417,2023-06-15 01:30:00,QUALIFIED,,79.2,79.9,False
B0628,T112,V006,172113775,2023-06-22 00:30:00,QUALIFIED,,80.6,80.8,False
B0629,T112,V031,175816627,2023-06-21 02:30:00,DISQUALIFIED,Technical evaluation: non-compliant asphalt batching plant certification,55.8,0.0,False
B0630,T112,V037,165385628,2023-07-02 22:30:00,QUALIFIED,,88.8,89.2,False
B0631,T113,V008,47493493,2023-06-13 23:30:00,DISQUALIFIED,Technical evaluation: non-compliant asphalt batching plant certification,59.7,0.0,False
B0632,T113,V048,38331752,2023-06-25 20:30:00,QUALIFIED,,75.5,75.2,True
B0633,T113,V004,44672695,2023-07-03 23:30:00,QUALIFIED,,88.1,94.8,False
B0634,T113,V016,46012241,2023-06-19 03:30:00,QUALIFIED,,94.0,83.2,False
B0635,T114,V025,51150372,2023-06-21 00:30:00,QUALIFIED,,95.6,82.7,True
B0636,T114,V043,62075029,2023-06-24 20:30:00,QUALIFIED,,86.2,74.7,False
B0637,T114,V018,59676363,2023-06-16 03:30:00,DISQUALIFIED,Technical evaluation: non-compliant asphalt batching plant certification,62.9,0.0,False
B0638,T114,V024,57430479,2023-06-13 21:30:00,QUALIFIED,,75.4,87.1,False
B0639,T115,V018,144147845,2023-06-17 00:30:00,QUALIFIED,,87.0,80.7,False
B0640,T115,V015,138395561,2023-06-18 22:30:00,QUALIFIED,,77.8,86.3,False
B0641,T115,V010,145813128,2023-06-17 00:30:00,QUALIFIED,,81.5,87.6,False
B0642,T115,V022,144233097,2023-07-03 21:30:00,QUALIFIED,,95.5,73.6,False
B0643,T115,V026,155532085,2023-07-02 22:30:00,DISQUALIFIED,Technical evaluation: non-compliant asphalt batching plant certification,57.5,0.0,False
B0644,T115,V043,149634724,2023-07-02 22:30:00,QUALIFIED,,78.1,70.7,False
B0645,T115,V009,126387439,2023-06-24 21:30:00,QUALIFIED,,81.4,88.6,True
B0646,T115,V006,152458142,2023-06-17 23:30:00,QUALIFIED,,78.9,73.3,False
B0647,T116,V006,168545939,2023-07-03 01:30:00,QUALIFIED,,85.3,73.4,False
B0648,T116,V045,152390273,2023-07-12 21:30:00,QUALIFIED,,75.3,76.7,False
B0649,T116,V031,159234989,2023-06-21 00:30:00,QUALIFIED,,76.4,93.2,False
B0650,T116,V009,150863998,2023-06-16 20:30:00,QUALIFIED,,89.4,91.7,True
B0651,T116,V033,174013628,2023-06-30 21:30:00,QUALIFIED,,87.8,90.6,False
B0652,T116,V039,168800744,2023-07-02 03:30:00,QUALIFIED,,84.5,90.7,False
B0653,T117,V050,172174704,2023-06-21 01:30:00,QUALIFIED,,88.6,72.3,False
B0654,T117,V019,159355132,2023-07-08 01:30:00,QUALIFIED,,81.8,70.6,False
B0655,T117,V030,157915692,2023-06-21 00:30:00,QUALIFIED,,76.9,78.1,False
B0656,T117,V011,163887557,2023-06-21 01:30:00,QUALIFIED,,77.6,72.9,False
B0657,T117,V028,141862038,2023-07-02 02:30:00,QUALIFIED,,86.0,79.6,True
B0658,T117,V049,168253647,2023-06-27 01:30:00,QUALIFIED,,83.0,89.2,False
B0659,T118,V041,46256646,2023-07-11 20:30:00,QUALIFIED,,85.5,90.2,False
B0660,T118,V012,44924383,2023-06-27 00:30:00,QUALIFIED,,88.8,81.3,False
B0661,T118,V008,43518515,2023-06-23 03:30:00,QUALIFIED,,86.5,85.5,False
B0662,T118,V009,44497522,2023-07-06 03:30:00,QUALIFIED,,76.2,78.7,False
B0663,T118,V013,38154947,2023-07-10 23:30:00,QUALIFIED,,82.0,72.2,True
B0664,T118,V001,40700257,2023-07-07 01:30:00,QUALIFIED,,87.8,87.3,False
B0665,T119,V049,164344154,2023-07-11 23:30:00,QUALIFIED,,83.7,75.2,False
B0666,T119,V028,156024446,2023-07-14 02:30:00,QUALIFIED,,95.6,83.2,False
B0667,T119,V036,142548985,2023-06-21 23:30:00,QUALIFIED,,84.0,91.2,True
B0668,T119,V005,157632954,2023-06-26 22:30:00,QUALIFIED,,87.9,82.4,False
B0669,T120,V044,18824633,2023-07-18 00:30:00,QUALIFIED,,92.0,94.0,True
B0670,T120,V026,20573369,2023-06-28 21:30:00,QUALIFIED,,86.5,82.0,False
B0671,T120,V017,21293437,2023-07-22 22:30:00,QUALIFIED,,88.0,84.0,False
B0672,T120,V047,22013505,2023-07-03 00:30:00,QUALIFIED,,89.5,86.0,False
B0673,T120,V038,22733573,2023-07-25 00:30:00,QUALIFIED,,91.0,88.0,False
B0674,T121,V022,84291652,2023-07-05 20:30:00,QUALIFIED,,91.7,86.1,False
B0675,T121,V026,79961386,2023-06-25 20:30:00,QUALIFIED,,93.7,83.4,True
B0676,T121,V047,86721773,2023-07-03 03:30:00,QUALIFIED,,81.3,88.1,False
B0677,T121,V037,86384077,2023-06-29 03:30:00,QUALIFIED,,89.4,90.0,False
B0678,T121,V040,96244939,2023-07-05 02:30:00,QUALIFIED,,80.9,70.8,False
B0679,T121,V002,97891313,2023-06-26 01:30:00,QUALIFIED,,83.2,84.9,False
B0680,T122,V020,11360400,2023-07-11 02:30:00,QUALIFIED,,75.5,82.1,False
B0681,T122,V014,12469870,2023-07-10 22:30:00,QUALIFIED,,90.4,83.1,False
B0682,T122,V034,13130475,2023-07-13 02:30:00,QUALIFIED,,94.7,86.9,False
B0683,T122,V050,11588985,2023-06-24 03:30:00,QUALIFIED,,90.0,83.1,False
B0684,T122,V012,11280582,2023-07-16 02:30:00,QUALIFIED,,93.7,72.6,False
B0685,T122,V008,13108047,2023-06-23 23:30:00,DISQUALIFIED,Technical evaluation: non-compliant asphalt batching plant certification,60.6,0.0,False
B0686,T122,V024,11284012,2023-07-10 22:30:00,QUALIFIED,,79.2,77.2,True
B0687,T123,V033,86556660,2023-07-07 00:30:00,QUALIFIED,,81.5,92.3,False
B0688,T123,V007,80380031,2023-07-15 01:30:00,DISQUALIFIED,Technical evaluation: non-compliant asphalt batching plant certification,62.6,0.0,False
B0689,T123,V014,68563709,2023-07-04 03:30:00,QUALIFIED,,76.8,79.8,True
B0690,T123,V035,82897007,2023-06-27 20:30:00,QUALIFIED,,81.6,90.4,False
B0691,T123,V023,83023102,2023-06-25 02:30:00,QUALIFIED,,90.9,81.6,False
B0692,T123,V036,74110131,2023-07-02 02:30:00,QUALIFIED,,89.4,87.8,False
B0693,T123,V021,79226911,2023-07-09 00:30:00,QUALIFIED,,93.8,76.5,False
B0694,T123,V018,77663244,2023-07-10 22:30:00,QUALIFIED,,93.5,81.3,False
B0695,T124,V009,144986105,2023-07-06 20:30:00,QUALIFIED,,83.7,85.5,False
B0696,T124,V033,123254379,2023-07-08 21:30:00,QUALIFIED,,76.4,75.2,True
B0697,T124,V007,142389361,2023-07-10 21:30:00,QUALIFIED,,82.2,87.4,False
B0698,T124,V026,128636971,2023-07-03 02:30:00,QUALIFIED,,90.0,90.9,False
B0699,T124,V046,127085789,2023-07-04 20:30:00,QUALIFIED,,77.1,81.1,False
B0700,T124,V048,132199313,2023-07-12 02:30:00,QUALIFIED,,89.4,84.9,False
B0701,T124,V021,145710313,2023-07-13 20:30:00,QUALIFIED,,76.3,75.4,False
B0702,T124,V036,127735005,2023-07-06 03:30:00,QUALIFIED,,88.9,81.3,False
B0703,T125,V006,65194059,2023-07-25 22:30:00,QUALIFIED,,95.3,70.0,False
B0704,T125,V038,54879340,2023-07-16 02:30:00,QUALIFIED,,93.1,91.6,True
B0705,T125,V001,57946529,2023-07-04 21:30:00,QUALIFIED,,89.9,80.2,False
B0706,T125,V040,60294204,2023-07-21 01:30:00,QUALIFIED,,79.0,79.6,False
B0707,T125,V033,66039166,2023-06-30 21:30:00,QUALIFIED,,95.9,86.8,False
B0708,T125,V026,56761076,2023-07-25 03:30:00,QUALIFIED,,93.6,86.4,False
B0709,T126,V040,41018175,2023-07-21 01:30:00,QUALIFIED,,75.2,82.5,False
B0710,T126,V012,43810945,2023-07-05 23:30:00,QUALIFIED,,86.5,79.2,False
B0711,T126,V030,45806065,2023-07-09 20:30:00,QUALIFIED,,77.4,82.0,False
B0712,T126,V033,43484910,2023-07-23 23:30:00,QUALIFIED,,76.6,92.2,False
B0713,T126,V028,38628191,2023-07-13 02:30:00,QUALIFIED,,86.3,84.5,False
B0714,T126,V036,42860058,2023-06-29 22:30:00,QUALIFIED,,75.2,81.4,False
B0715,T126,V029,45223805,2023-07-09 22:30:00,QUALIFIED,,95.2,90.0,False
B0716,T126,V001,36831171,2023-07-26 23:30:00,QUALIFIED,,90.3,84.1,True
B0717,T127,V033,17290553,2023-07-02 23:30:00,DISQUALIFIED,Technical evaluation: non-compliant asphalt batching plant certification,51.6,0.0,False
B0718,T127,V005,16921350,2023-07-12 01:30:00,QUALIFIED,,82.8,74.4,False
B0719,T127,V018,19031615,2023-07-22 20:30:00,QUALIFIED,,86.1,70.8,False
B0720,T127,V017,19731238,2023-07-26 01:30:00,QUALIFIED,,90.8,80.3,False
B0721,T127,V009,15979418,2023-07-08 20:30:00,QUALIFIED,,90.2,74.2,True
B0722,T128,V020,179074433,2023-07-17 01:30:00,QUALIFIED,,84.1,77.2,False
B0723,T128,V031,193401545,2023-07-12 22:30:00,QUALIFIED,,89.3,71.0,False
B0724,T128,V048,197637462,2023-07-04 22:30:00,QUALIFIED,,84.1,93.0,False
B0725,T128,V035,195549235,2023-07-14 23:30:00,QUALIFIED,,77.1,86.4,False
B0726,T128,V015,179112543,2023-07-04 00:30:00,QUALIFIED,,87.4,74.9,False
B0727,T128,V025,161304168,2023-07-03 01:30:00,QUALIFIED,,81.6,70.3,True
B0728,T128,V044,165649513,2023-07-23 03:30:00,QUALIFIED,,86.0,87.1,False
B0729,T129,V039,53447167,2023-07-06 01:30:00,QUALIFIED,,89.6,76.3,False
B0730,T129,V041,57176903,2023-07-21 20:30:00,QUALIFIED,,80.8,80.7,False
B0731,T129,V008,62006450,2023-07-13 23:30:00,QUALIFIED,,76.6,89.4,False
B0732,T129,V046,56245637,2023-07-14 03:30:00,QUALIFIED,,92.1,74.4,False
B0733,T129,V006,49550342,2023-07-17 21:30:00,QUALIFIED,,78.7,82.3,True
B0734,T130,V048,14301722,2023-07-07 01:30:00,QUALIFIED,,92.0,94.0,True
B0735,T130,V035,15630297,2023-08-07 03:30:00,QUALIFIED,,86.5,82.0,False
B0736,T130,V044,16177357,2023-07-13 23:30:00,QUALIFIED,,88.0,84.0,False
B0737,T130,V017,16724418,2023-07-28 22:30:00,QUALIFIED,,89.5,86.0,False
B0738,T130,V049,17271478,2023-07-13 03:30:00,QUALIFIED,,91.0,88.0,False
B0739,T131,V037,122979228,2023-07-11 02:30:00,QUALIFIED,,92.9,78.5,False
B0740,T131,V035,133601587,2023-07-06 23:30:00,QUALIFIED,,78.7,71.0,False
B0741,T131,V023,110997448,2023-07-24 23:30:00,QUALIFIED,,89.6,92.4,True
B0742,T131,V022,128524736,2023-07-19 20:30:00,DISQUALIFIED,Technical evaluation: non-compliant asphalt batching plant certification,58.9,0.0,False
B0743,T132,V042,50741266,2023-07-24 21:30:00,QUALIFIED,,77.5,90.2,True
B0744,T132,V020,59397871,2023-07-12 01:30:00,QUALIFIED,,79.9,71.8,False
B0745,T132,V032,60151985,2023-07-11 03:30:00,QUALIFIED,,94.3,71.1,False
B0746,T132,V035,59773918,2023-07-22 03:30:00,QUALIFIED,,76.0,77.7,False
B0747,T132,V029,60796474,2023-07-12 01:30:00,QUALIFIED,,76.3,90.4,False
B0748,T132,V002,53276535,2023-07-07 00:30:00,DISQUALIFIED,Technical evaluation: non-compliant asphalt batching plant certification,52.8,0.0,False
B0749,T132,V003,55746193,2023-07-13 22:30:00,QUALIFIED,,89.4,83.6,False
B0750,T132,V022,55571858,2023-07-20 03:30:00,QUALIFIED,,82.0,73.0,False
B0751,T133,V050,171095614,2023-07-08 23:30:00,QUALIFIED,,92.0,89.3,False
B0752,T133,V011,143750370,2023-07-23 01:30:00,QUALIFIED,,88.4,83.1,True
B0753,T133,V002,155461224,2023-07-24 03:30:00,QUALIFIED,,90.1,85.3,False
B0754,T133,V032,145607800,2023-07-19 22:30:00,QUALIFIED,,86.7,74.8,False
B0755,T133,V006,172934454,2023-07-25 22:30:00,QUALIFIED,,95.7,82.7,False
B0756,T133,V001,157048205,2023-07-09 00:30:00,QUALIFIED,,79.1,89.9,False
B0757,T133,V045,163769846,2023-07-13 20:30:00,QUALIFIED,,89.1,71.1,False
B0758,T134,V012,127216853,2023-07-24 21:30:00,QUALIFIED,,89.2,78.1,False
B0759,T134,V011,131694054,2023-07-25 00:30:00,DISQUALIFIED,Technical evaluation: non-compliant asphalt batching plant certification,60.3,0.0,False
B0760,T134,V002,133879214,2023-07-23 00:30:00,DISQUALIFIED,Technical evaluation: non-compliant asphalt batching plant certification,58.2,0.0,False
B0761,T134,V032,114276519,2023-07-22 01:30:00,QUALIFIED,,87.8,74.5,False
B0762,T134,V033,121947587,2023-07-21 00:30:00,QUALIFIED,,95.5,75.1,False
B0763,T134,V008,116028099,2023-07-13 03:30:00,QUALIFIED,,77.3,81.6,False
B0764,T134,V005,123022939,2023-07-25 00:30:00,QUALIFIED,,87.7,89.7,False
B0765,T134,V016,113095385,2023-07-16 01:30:00,QUALIFIED,,87.1,83.8,True
B0766,T135,V016,183278797,2023-07-20 03:30:00,QUALIFIED,,75.9,94.8,False
B0767,T135,V021,176372032,2023-07-22 03:30:00,QUALIFIED,,83.3,90.2,False
B0768,T135,V028,175176754,2023-08-03 20:30:00,QUALIFIED,,76.7,88.8,False
B0769,T135,V038,175063349,2023-07-25 00:30:00,QUALIFIED,,81.2,86.2,False
B0770,T135,V015,145626180,2023-07-22 23:30:00,QUALIFIED,,78.4,81.5,True
B0771,T136,V046,121147827,2023-07-15 23:30:00,QUALIFIED,,87.9,84.4,False
B0772,T136,V041,125612937,2023-08-06 22:30:00,QUALIFIED,,76.2,93.6,False
B0773,T136,V001,137580151,2023-08-09 02:30:00,QUALIFIED,,84.8,71.0,False
B0774,T136,V049,129690348,2023-08-08 00:30:00,QUALIFIED,,82.0,83.5,False
B0775,T136,V005,120556545,2023-07-30 00:30:00,QUALIFIED,,81.7,92.4,True
B0776,T136,V025,133200673,2023-07-15 23:30:00,DISQUALIFIED,Technical evaluation: non-compliant asphalt batching plant certification,55.2,0.0,False
B0777,T136,V022,131891201,2023-08-04 20:30:00,QUALIFIED,,89.2,83.3,False
B0778,T137,V005,56183516,2023-08-03 03:30:00,QUALIFIED,,95.4,83.5,False
B0779,T137,V007,48685094,2023-07-24 21:30:00,QUALIFIED,,84.3,86.1,True
B0780,T137,V011,53969057,2023-08-12 03:30:00,QUALIFIED,,79.9,93.7,False
B0781,T137,V018,57787427,2023-07-20 22:30:00,QUALIFIED,,91.5,82.2,False
B0782,T137,V008,58016464,2023-07-13 20:30:00,QUALIFIED,,86.9,92.5,False
B0783,T137,V045,54131004,2023-07-31 00:30:00,QUALIFIED,,95.4,89.2,False
B0784,T138,V011,46486417,2023-08-03 22:30:00,QUALIFIED,,86.8,70.9,False
B0785,T138,V016,48320941,2023-08-01 01:30:00,QUALIFIED,,86.3,74.1,False
B0786,T138,V008,48172769,2023-08-11 21:30:00,QUALIFIED,,91.1,93.7,False
B0787,T138,V003,54204541,2023-08-08 03:30:00,QUALIFIED,,86.5,82.7,False
B0788,T138,V021,45353979,2023-08-02 20:30:00,QUALIFIED,,93.8,94.2,True
B0789,T139,V008,122821074,2023-07-21 00:30:00,QUALIFIED,,79.7,93.4,False
B0790,T139,V020,111453852,2023-08-09 02:30:00,QUALIFIED,,86.3,81.1,True
B0791,T139,V002,131255948,2023-08-06 21:30:00,QUALIFIED,,81.7,85.1,False
B0792,T139,V026,137898564,2023-07-18 22:30:00,QUALIFIED,,90.0,80.7,False
B0793,T139,V040,124280993,2023-08-08 23:30:00,QUALIFIED,,81.5,81.1,False
B0794,T139,V015,128555236,2023-08-02 20:30:00,QUALIFIED,,83.7,81.1,False
B0795,T139,V029,118848468,2023-07-16 21:30:00,QUALIFIED,,83.7,90.9,False
B0796,T139,V023,129456966,2023-08-05 00:30:00,QUALIFIED,,95.8,83.1,False
B0797,T140,V049,5043632,2023-08-03 23:30:00,QUALIFIED,,85.4,88.5,True
B0798,T140,V009,5197081,2023-07-19 03:30:00,QUALIFIED,,81.3,86.0,False
B0799,T140,V013,5631927,2023-08-09 23:30:00,QUALIFIED,,85.3,87.2,False
B0800,T140,V012,5218430,2023-08-09 23:30:00,QUALIFIED,,95.4,85.0,False
B0801,T140,V025,5341916,2023-07-28 21:30:00,QUALIFIED,,88.2,81.9,False
B0802,T140,V019,5692804,2023-08-09 22:30:00,QUALIFIED,,87.1,91.1,False
B0803,T140,V036,5131994,2023-08-12 01:30:00,QUALIFIED,,93.4,73.4,False
B0804,T140,V032,5132481,2023-08-04 22:30:00,QUALIFIED,,94.2,78.9,False
B0805,T141,V021,61338369,2023-08-19 01:30:00,QUALIFIED,,82.8,82.1,False
B0806,T141,V050,55974463,2023-08-09 02:30:00,QUALIFIED,,85.6,90.8,False
B0807,T141,V044,61025108,2023-08-11 21:30:00,QUALIFIED,,76.6,90.5,False
B0808,T141,V020,62449958,2023-07-19 22:30:00,QUALIFIED,,82.6,90.4,False
B0809,T141,V018,62075893,2023-07-29 01:30:00,QUALIFIED,,75.6,90.4,False
B0810,T141,V048,50406572,2023-08-10 00:30:00,QUALIFIED,,81.5,75.2,True
B0811,T141,V024,63090735,2023-07-23 02:30:00,DISQUALIFIED,Technical evaluation: non-compliant asphalt batching plant certification,60.8,0.0,False
B0812,T141,V007,60605629,2023-08-17 00:30:00,DISQUALIFIED,Technical evaluation: non-compliant asphalt batching plant certification,61.1,0.0,False
B0813,T142,V008,34606665,2023-07-31 03:30:00,DISQUALIFIED,Technical evaluation: non-compliant asphalt batching plant certification,61.8,0.0,False
B0814,T142,V039,34195448,2023-07-30 22:30:00,QUALIFIED,,78.4,82.5,True
B0815,T142,V014,38459067,2023-08-07 02:30:00,DISQUALIFIED,Technical evaluation: non-compliant asphalt batching plant certification,58.1,0.0,False
B0816,T142,V038,33396635,2023-08-09 00:30:00,QUALIFIED,,78.6,88.9,False
B0817,T143,V023,133747520,2023-07-20 22:30:00,QUALIFIED,,77.3,73.4,False
B0818,T143,V025,124512509,2023-07-22 23:30:00,QUALIFIED,,86.7,71.0,True
B0819,T143,V028,131666706,2023-08-10 21:30:00,QUALIFIED,,87.6,77.8,False
B0820,T143,V014,148636961,2023-07-31 00:30:00,QUALIFIED,,81.1,91.4,False
B0821,T143,V033,128018186,2023-08-11 20:30:00,QUALIFIED,,82.7,70.3,False
B0822,T144,V007,128233778,2023-08-07 02:30:00,QUALIFIED,,83.9,82.5,False
B0823,T144,V048,132347368,2023-07-25 23:30:00,QUALIFIED,,91.8,93.6,False
B0824,T144,V011,122448962,2023-07-28 21:30:00,QUALIFIED,,85.7,73.7,False
B0825,T144,V005,124835349,2023-08-15 23:30:00,QUALIFIED,,79.8,93.6,False
B0826,T144,V024,114544816,2023-07-27 03:30:00,QUALIFIED,,85.5,70.7,False
B0827,T144,V013,118162323,2023-07-30 22:30:00,QUALIFIED,,88.1,72.4,False
B0828,T144,V022,115678070,2023-07-25 20:30:00,QUALIFIED,,79.2,86.6,False
B0829,T144,V045,125697891,2023-08-10 22:30:00,QUALIFIED,,86.4,70.4,False
B0830,T144,V001,115171155,2023-08-06 02:30:00,QUALIFIED,,83.1,77.9,True
B0831,T145,V046,13208022,2023-07-25 20:30:00,QUALIFIED,,92.9,82.7,False
B0832,T145,V025,12545921,2023-07-31 21:30:00,QUALIFIED,,82.4,94.4,False
B0833,T145,V032,12371208,2023-08-16 03:30:00,QUALIFIED,,82.7,90.2,False
B0834,T145,V008,11541046,2023-07-26 22:30:00,QUALIFIED,,83.0,80.7,True
B0835,T145,V037,14025790,2023-08-02 22:30:00,DISQUALIFIED,Technical evaluation: non-compliant asphalt batching plant certification,53.4,0.0,False
B0836,T145,V044,12159634,2023-08-07 02:30:00,QUALIFIED,,76.4,77.6,False
B0837,T146,V002,87400702,2023-08-07 22:30:00,QUALIFIED,,92.0,86.7,False
B0838,T146,V021,88612836,2023-08-04 22:30:00,QUALIFIED,,79.2,85.9,False
B0839,T146,V025,103315646,2023-08-12 00:30:00,QUALIFIED,,76.0,94.9,False
B0840,T146,V037,92899064,2023-08-07 02:30:00,QUALIFIED,,87.1,84.8,False
B0841,T146,V048,90556345,2023-07-26 20:30:00,QUALIFIED,,82.3,71.9,False
B0842,T146,V049,100577700,2023-07-28 23:30:00,QUALIFIED,,86.3,75.0,False
B0843,T146,V047,92904046,2023-07-25 20:30:00,QUALIFIED,,86.5,92.0,False
B0844,T146,V007,85599557,2023-07-29 01:30:00,QUALIFIED,,87.1,75.3,True
B0845,T147,V013,178595474,2023-07-27 02:30:00,QUALIFIED,,92.8,76.7,False
B0846,T147,V024,174289282,2023-08-17 23:30:00,QUALIFIED,,80.0,76.0,False
B0847,T147,V030,169498472,2023-08-23 00:30:00,QUALIFIED,,81.5,82.1,False
B0848,T147,V010,198901648,2023-08-10 03:30:00,QUALIFIED,,80.7,70.7,False
B0849,T147,V016,191855236,2023-08-15 01:30:00,QUALIFIED,,75.9,88.1,False
B0850,T147,V047,191595356,2023-08-22 02:30:00,QUALIFIED,,81.3,71.6,False
B0851,T147,V044,168871957,2023-08-12 02:30:00,QUALIFIED,,83.3,91.0,True
B0852,T147,V020,193710312,2023-08-16 02:30:00,QUALIFIED,,85.5,73.0,False
B0853,T148,V048,27249690,2023-08-10 20:30:00,QUALIFIED,,93.1,71.4,False
B0854,T148,V050,25859395,2023-07-28 02:30:00,QUALIFIED,,81.6,80.6,True
B0855,T148,V016,29848333,2023-08-11 01:30:00,QUALIFIED,,90.0,90.5,False
B0856,T148,V028,26179276,2023-07-31 03:30:00,QUALIFIED,,88.9,93.5,False
B0857,T148,V014,29892384,2023-07-29 00:30:00,QUALIFIED,,83.1,86.0,False
B0858,T148,V010,29947472,2023-07-29 02:30:00,QUALIFIED,,80.0,81.1,False
B0859,T148,V007,26106035,2023-08-06 23:30:00,QUALIFIED,,94.7,88.9,False
B0860,T149,V031,168145960,2023-08-14 02:30:00,QUALIFIED,,87.6,90.3,False
B0861,T149,V048,188122855,2023-08-08 03:30:00,QUALIFIED,,88.5,74.6,False
B0862,T149,V027,177938615,2023-08-02 01:30:00,DISQUALIFIED,Technical evaluation: non-compliant asphalt batching plant certification,52.8,0.0,False
B0863,T149,V022,173169370,2023-08-04 02:30:00,DISQUALIFIED,Technical evaluation: non-compliant asphalt batching plant certification,53.5,0.0,False
B0864,T149,V046,187284897,2023-07-29 01:30:00,QUALIFIED,,89.4,89.8,False
B0865,T149,V028,173648572,2023-08-07 01:30:00,QUALIFIED,,89.4,90.7,False
B0866,T149,V007,165013965,2023-08-16 02:30:00,QUALIFIED,,83.7,74.5,True
B0867,T150,V017,9915182,2023-08-19 01:30:00,DISQUALIFIED,Technical evaluation: non-compliant asphalt batching plant certification,55.2,0.0,False
B0868,T150,V045,10917235,2023-08-28 03:30:00,QUALIFIED,,84.1,93.0,False
B0869,T150,V011,9963134,2023-08-04 02:30:00,QUALIFIED,,79.3,93.7,False
B0870,T150,V004,10658513,2023-08-17 23:30:00,QUALIFIED,,83.0,80.8,False
B0871,T150,V026,8762492,2023-08-21 23:30:00,QUALIFIED,,90.3,74.7,True
B0872,T151,V001,79484364,2023-08-01 21:30:00,QUALIFIED,,90.5,76.4,False
B0873,T151,V031,70755555,2023-08-23 03:30:00,QUALIFIED,,79.9,92.7,False
B0874,T151,V009,84056825,2023-08-03 03:30:00,DISQUALIFIED,Technical evaluation: non-compliant asphalt batching plant certification,57.1,0.0,False
B0875,T151,V021,67909203,2023-08-11 22:30:00,QUALIFIED,,77.8,92.3,True
B0876,T152,V010,157405967,2023-08-19 22:30:00,QUALIFIED,,80.9,91.9,False
B0877,T152,V017,147405671,2023-08-03 23:30:00,QUALIFIED,,84.2,74.1,False
B0878,T152,V008,150844284,2023-08-13 01:30:00,QUALIFIED,,94.4,85.9,False
B0879,T152,V021,142607449,2023-08-22 01:30:00,DISQUALIFIED,Technical evaluation: non-compliant asphalt batching plant certification,52.6,0.0,False
B0880,T152,V003,143446946,2023-08-22 20:30:00,QUALIFIED,,95.9,93.2,False
B0881,T152,V009,131531825,2023-08-16 20:30:00,QUALIFIED,,77.4,88.0,False
B0882,T152,V032,125106979,2023-08-17 02:30:00,QUALIFIED,,79.3,77.1,True
B0883,T153,V050,146692854,2023-08-04 02:30:00,QUALIFIED,,83.3,84.8,True
B0884,T153,V032,181648947,2023-08-15 01:30:00,DISQUALIFIED,Technical evaluation: non-compliant asphalt batching plant certification,56.4,0.0,False
B0885,T153,V044,173821625,2023-08-09 20:30:00,QUALIFIED,,80.7,86.5,False
B0886,T153,V007,161662460,2023-08-23 20:30:00,QUALIFIED,,90.4,88.4,False
B0887,T153,V022,181847686,2023-08-07 01:30:00,QUALIFIED,,76.0,86.1,False
B0888,T154,V006,163986929,2023-08-13 01:30:00,QUALIFIED,,85.3,80.8,False
B0889,T154,V002,165604815,2023-08-24 01:30:00,QUALIFIED,,77.0,79.2,False
B0890,T154,V014,147364734,2023-08-18 21:30:00,QUALIFIED,,86.8,80.6,False
B0891,T154,V011,164105187,2023-08-07 22:30:00,QUALIFIED,,84.1,80.7,False
B0892,T154,V025,142569745,2023-08-22 20:30:00,QUALIFIED,,88.6,87.8,False
B0893,T154,V026,145030769,2023-08-17 02:30:00,QUALIFIED,,81.1,80.9,True
B0894,T154,V019,168638037,2023-08-17 23:30:00,QUALIFIED,,77.7,92.6,False
B0895,T155,V027,165031431,2023-08-09 03:30:00,DISQUALIFIED,Technical evaluation: non-compliant asphalt batching plant certification,59.3,0.0,False
B0896,T155,V007,152354392,2023-08-19 21:30:00,DISQUALIFIED,Technical evaluation: non-compliant asphalt batching plant certification,55.8,0.0,False
B0897,T155,V030,147739604,2023-08-14 20:30:00,QUALIFIED,,90.9,81.2,True
B0898,T155,V043,171971254,2023-08-15 01:30:00,QUALIFIED,,76.6,94.6,False
B0899,T155,V037,154844912,2023-08-21 21:30:00,QUALIFIED,,75.1,72.9,False
B0900,T155,V017,152110326,2023-08-09 20:30:00,QUALIFIED,,93.2,94.1,False
B0901,T155,V023,165540977,2023-08-09 23:30:00,QUALIFIED,,95.5,79.0,False
B0902,T156,V002,27758297,2023-08-10 00:30:00,DISQUALIFIED,Technical evaluation: non-compliant asphalt batching plant certification,60.8,0.0,False
B0903,T156,V014,24372022,2023-08-17 03:30:00,QUALIFIED,,77.4,92.6,True
B0904,T156,V031,29395935,2023-08-15 20:30:00,QUALIFIED,,93.1,84.6,False
B0905,T156,V042,26491123,2023-08-11 21:30:00,DISQUALIFIED,Technical evaluation: non-compliant asphalt batching plant certification,50.1,0.0,False
B0906,T156,V010,28810201,2023-08-16 21:30:00,QUALIFIED,,90.5,84.9,False
B0907,T157,V002,150192894,2023-08-30 20:30:00,QUALIFIED,,88.6,81.2,False
B0908,T157,V028,138022158,2023-08-28 23:30:00,QUALIFIED,,84.9,81.0,False
B0909,T157,V037,139940998,2023-08-15 22:30:00,QUALIFIED,,92.9,87.9,False
B0910,T157,V021,138888447,2023-08-24 21:30:00,QUALIFIED,,92.5,86.8,False
B0911,T157,V036,146039624,2023-08-08 20:30:00,QUALIFIED,,92.7,85.5,False
B0912,T157,V005,133889935,2023-08-11 02:30:00,QUALIFIED,,77.7,75.0,False
B0913,T157,V018,126092741,2023-08-30 21:30:00,QUALIFIED,,94.8,82.3,True
B0914,T157,V042,132607098,2023-08-17 03:30:00,QUALIFIED,,82.5,76.5,False
B0915,T158,V036,13253550,2023-09-07 23:30:00,QUALIFIED,,92.9,91.8,False
B0916,T158,V015,12817161,2023-09-04 03:30:00,QUALIFIED,,84.2,81.4,False
B0917,T158,V032,11566322,2023-09-03 02:30:00,QUALIFIED,,91.4,85.2,True
B0918,T158,V017,13431157,2023-09-04 03:30:00,QUALIFIED,,78.5,73.0,False
B0919,T159,V009,135070545,2023-08-11 22:30:00,QUALIFIED,,78.6,76.7,False
B0920,T159,V008,115578403,2023-08-15 22:30:00,QUALIFIED,,88.2,76.1,True
B0921,T159,V013,133079020,2023-08-16 00:30:00,QUALIFIED,,84.0,93.0,False
B0922,T159,V029,136614132,2023-08-19 03:30:00,QUALIFIED,,91.2,87.9,False
B0923,T159,V027,127323197,2023-09-07 02:30:00,QUALIFIED,,83.4,89.3,False
B0924,T159,V001,125290935,2023-08-17 03:30:00,QUALIFIED,,88.5,92.6,False
B0925,T160,V001,114669245,2023-09-01 20:30:00,QUALIFIED,,93.6,89.5,False
B0926,T160,V018,113740442,2023-09-02 23:30:00,DISQUALIFIED,Technical evaluation: non-compliant asphalt batching plant certification,57.5,0.0,False
B0927,T160,V034,113417077,2023-09-06 23:30:00,QUALIFIED,,85.7,77.8,False
B0928,T160,V040,102193229,2023-09-05 03:30:00,QUALIFIED,,75.6,89.9,True
B0929,T160,V010,117929479,2023-08-30 23:30:00,QUALIFIED,,95.7,72.8,False
B0930,T160,V045,106062832,2023-08-22 23:30:00,QUALIFIED,,82.4,71.2,False
B0931,T161,V037,83225120,2023-08-19 01:30:00,QUALIFIED,,85.9,76.2,False
B0932,T161,V046,83948277,2023-08-26 00:30:00,QUALIFIED,,82.6,72.4,False
B0933,T161,V041,90356348,2023-08-17 21:30:00,DISQUALIFIED,Technical evaluation: non-compliant asphalt batching plant certification,50.9,0.0,False
B0934,T161,V043,93309469,2023-08-29 00:30:00,QUALIFIED,,82.8,83.2,False
B0935,T161,V035,78228815,2023-08-27 21:30:00,QUALIFIED,,93.3,84.6,True
B0936,T161,V039,89101105,2023-08-29 20:30:00,QUALIFIED,,83.8,74.1,False
B0937,T161,V015,86919264,2023-08-28 20:30:00,QUALIFIED,,89.8,91.6,False
B0938,T161,V023,80445504,2023-09-06 20:30:00,QUALIFIED,,90.7,93.6,False
B0939,T162,V024,107030126,2023-09-01 01:30:00,QUALIFIED,,83.9,93.4,False
B0940,T162,V020,113304959,2023-08-27 00:30:00,QUALIFIED,,90.5,70.1,False
B0941,T162,V019,118791712,2023-09-03 03:30:00,QUALIFIED,,87.0,84.1,False
B0942,T162,V032,126777130,2023-08-23 20:30:00,QUALIFIED,,92.5,73.3,False
B0943,T162,V001,101991698,2023-08-15 20:30:00,QUALIFIED,,91.0,86.7,True
B0944,T163,V048,187851589,2023-08-18 23:30:00,QUALIFIED,,77.6,84.0,False
B0945,T163,V018,167216809,2023-08-22 03:30:00,QUALIFIED,,86.0,88.8,False
B0946,T163,V042,177819456,2023-09-10 02:30:00,QUALIFIED,,86.2,94.1,False
B0947,T163,V006,170037776,2023-09-04 00:30:00,QUALIFIED,,92.6,84.5,False
B0948,T163,V011,163533070,2023-08-23 22:30:00,QUALIFIED,,75.9,91.5,False
B0949,T163,V002,152413279,2023-08-28 01:30:00,QUALIFIED,,83.7,91.5,True
B0950,T163,V037,171487633,2023-09-02 02:30:00,DISQUALIFIED,Technical evaluation: non-compliant asphalt batching plant certification,51.4,0.0,False
B0951,T164,V002,25233555,2023-08-25 22:30:00,QUALIFIED,,80.4,93.5,True
B0952,T164,V046,30863874,2023-09-07 00:30:00,QUALIFIED,,87.5,75.9,False
B0953,T164,V004,28709383,2023-08-22 21:30:00,QUALIFIED,,80.7,78.0,False
B0954,T164,V020,28954661,2023-09-05 20:30:00,DISQUALIFIED,Technical evaluation: non-compliant asphalt batching plant certification,58.9,0.0,False
B0955,T164,V025,30942329,2023-09-07 23:30:00,QUALIFIED,,87.3,72.5,False
B0956,T165,V035,147979265,2023-08-29 23:30:00,QUALIFIED,,78.5,71.5,False
B0957,T165,V011,175442407,2023-09-04 23:30:00,QUALIFIED,,83.0,78.8,False
B0958,T165,V016,166404610,2023-08-25 23:30:00,DISQUALIFIED,Technical evaluation: non-compliant asphalt batching plant certification,60.3,0.0,False
B0959,T165,V050,145902114,2023-09-04 02:30:00,QUALIFIED,,83.3,73.1,True
B0960,T165,V028,151033170,2023-08-26 23:30:00,QUALIFIED,,79.4,82.6,False
B0961,T165,V036,171705184,2023-08-22 22:30:00,QUALIFIED,,95.6,87.7,False
B0962,T166,V039,61397757,2023-08-23 20:30:00,QUALIFIED,,86.3,89.7,False
B0963,T166,V031,56552327,2023-09-13 03:30:00,QUALIFIED,,93.7,90.4,True
B0964,T166,V001,61782171,2023-09-11 22:30:00,QUALIFIED,,82.9,85.0,False
B0965,T166,V044,61080608,2023-08-20 03:30:00,QUALIFIED,,82.8,74.8,False
B0966,T167,V032,53910137,2023-09-05 21:30:00,DISQUALIFIED,Technical evaluation: non-compliant asphalt batching plant certification,53.9,0.0,False
B0967,T167,V024,57108441,2023-09-07 00:30:00,QUALIFIED,,86.9,87.1,False
B0968,T167,V003,57820216,2023-09-10 01:30:00,QUALIFIED,,77.7,93.3,False
B0969,T167,V018,61008630,2023-08-26 23:30:00,QUALIFIED,,89.2,94.8,False
B0970,T167,V046,51912653,2023-08-25 23:30:00,QUALIFIED,,89.3,92.1,True
B0971,T168,V024,125171043,2023-09-04 03:30:00,QUALIFIED,,82.0,92.0,False
B0972,T168,V034,131755945,2023-09-09 21:30:00,QUALIFIED,,94.3,74.9,False
B0973,T168,V003,120310384,2023-09-20 02:30:00,DISQUALIFIED,Technical evaluation: non-compliant asphalt batching plant certification,56.0,0.0,False
B0974,T168,V047,106683905,2023-09-02 23:30:00,QUALIFIED,,80.2,81.8,True
B0975,T168,V015,135371309,2023-09-20 22:30:00,QUALIFIED,,80.0,71.8,False
B0976,T168,V004,126787097,2023-08-27 02:30:00,QUALIFIED,,87.2,72.1,False
B0977,T168,V018,113886358,2023-09-21 21:30:00,QUALIFIED,,92.8,71.6,False
B0978,T169,V019,165203906,2023-09-03 03:30:00,QUALIFIED,,84.7,80.7,False
B0979,T169,V025,178167370,2023-09-18 22:30:00,QUALIFIED,,89.2,70.6,False
B0980,T169,V026,174718099,2023-09-04 00:30:00,DISQUALIFIED,Technical evaluation: non-compliant asphalt batching plant certification,50.2,0.0,False
B0981,T169,V007,158580085,2023-09-04 00:30:00,QUALIFIED,,94.0,73.1,True
B0982,T170,V009,133021632,2023-08-28 01:30:00,QUALIFIED,,81.5,78.6,False
B0983,T170,V020,134551728,2023-09-25 01:30:00,DISQUALIFIED,Technical evaluation: non-compliant asphalt batching plant certification,57.1,0.0,False
B0984,T170,V038,126992794,2023-08-29 03:30:00,QUALIFIED,,83.9,74.9,True
B0985,T170,V028,130080020,2023-08-27 00:30:00,QUALIFIED,,82.2,86.7,False
B0986,T171,V011,86949460,2023-09-13 20:30:00,QUALIFIED,,88.1,76.0,True
B0987,T171,V007,100421559,2023-09-06 21:30:00,QUALIFIED,,78.9,94.7,False
B0988,T171,V030,93551924,2023-09-23 22:30:00,DISQUALIFIED,Technical evaluation: non-compliant asphalt batching plant certification,51.6,0.0,False
B0989,T171,V003,92217039,2023-09-15 22:30:00,DISQUALIFIED,Technical evaluation: non-compliant asphalt batching plant certification,50.4,0.0,False
B0990,T171,V032,90503160,2023-09-17 00:30:00,QUALIFIED,,90.1,78.5,False
B0991,T171,V015,97093976,2023-09-17 00:30:00,DISQUALIFIED,Technical evaluation: non-compliant asphalt batching plant certification,61.8,0.0,False
B0992,T172,V016,117387469,2023-09-26 02:30:00,QUALIFIED,,94.4,89.9,False
B0993,T172,V024,102936924,2023-09-15 22:30:00,QUALIFIED,,84.0,85.9,False
B0994,T172,V049,118284454,2023-09-04 00:30:00,QUALIFIED,,81.2,73.7,False
B0995,T172,V043,95723029,2023-09-07 23:30:00,QUALIFIED,,93.3,91.3,True
B0996,T172,V011,119281288,2023-08-30 20:30:00,QUALIFIED,,76.7,81.8,False
B0997,T172,V034,112865574,2023-09-26 01:30:00,QUALIFIED,,90.8,86.1,False
B0998,T172,V040,109617680,2023-09-12 20:30:00,QUALIFIED,,90.0,83.1,False
B0999,T173,V016,85130692,2023-09-15 23:30:00,QUALIFIED,,77.8,72.1,False
B1000,T173,V026,69908273,2023-09-16 00:30:00,QUALIFIED,,87.3,81.6,True
B1001,T173,V014,80381725,2023-09-13 20:30:00,QUALIFIED,,83.6,90.1,False
B1002,T173,V020,75787863,2023-09-15 03:30:00,QUALIFIED,,79.9,86.1,False
B1003,T173,V028,76423417,2023-09-24 23:30:00,QUALIFIED,,85.8,86.1,False
B1004,T173,V025,82870425,2023-09-20 02:30:00,DISQUALIFIED,Technical evaluation: non-compliant asphalt batching plant certification,55.0,0.0,False
B1005,T173,V037,79247257,2023-09-17 00:30:00,QUALIFIED,,80.3,88.6,False
B1006,T174,V023,177374774,2023-09-16 21:30:00,QUALIFIED,,90.2,75.2,False
B1007,T174,V026,163448479,2023-09-02 20:30:00,QUALIFIED,,84.7,89.8,False
B1008,T174,V049,166077306,2023-09-14 21:30:00,QUALIFIED,,89.7,75.2,False
B1009,T174,V038,153386113,2023-09-04 03:30:00,QUALIFIED,,82.9,84.4,True
B1010,T174,V042,159957444,2023-09-20 20:30:00,QUALIFIED,,92.5,78.5,False
B1011,T174,V001,169591363,2023-08-30 21:30:00,QUALIFIED,,89.5,77.5,False
B1012,T175,V005,50681341,2023-09-04 23:30:00,DISQUALIFIED,Technical evaluation: non-compliant asphalt batching plant certification,51.5,0.0,False
B1013,T175,V035,47020005,2023-09-23 20:30:00,DISQUALIFIED,Technical evaluation: non-compliant asphalt batching plant certification,52.8,0.0,False
B1014,T175,V025,50228473,2023-09-12 23:30:00,QUALIFIED,,81.1,83.1,False
B1015,T175,V013,46140608,2023-09-14 03:30:00,QUALIFIED,,93.1,80.3,False
B1016,T175,V031,40395262,2023-09-22 01:30:00,QUALIFIED,,86.3,82.0,True
B1017,T175,V007,42686320,2023-09-19 01:30:00,QUALIFIED,,81.5,90.4,False
B1018,T175,V022,48021522,2023-09-19 23:30:00,QUALIFIED,,85.6,87.1,False
B1019,T176,V030,124302398,2023-09-12 21:30:00,QUALIFIED,,92.0,74.4,False
B1020,T176,V050,121897349,2023-09-02 21:30:00,QUALIFIED,,94.1,74.6,False
B1021,T176,V037,129766163,2023-09-10 03:30:00,QUALIFIED,,93.3,76.8,False
B1022,T176,V003,115791526,2023-09-13 02:30:00,QUALIFIED,,89.7,88.1,True
B1023,T176,V006,121112145,2023-09-06 21:30:00,QUALIFIED,,86.6,94.9,False
B1024,T176,V019,117646176,2023-09-18 22:30:00,QUALIFIED,,78.5,75.2,False
B1025,T176,V042,116860516,2023-09-22 02:30:00,QUALIFIED,,89.2,81.5,False
B1026,T177,V043,102708852,2023-09-17 20:30:00,QUALIFIED,,77.9,90.5,True
B1027,T177,V048,121893821,2023-09-20 03:30:00,QUALIFIED,,78.7,73.1,False
B1028,T177,V030,119691639,2023-09-20 02:30:00,QUALIFIED,,75.2,76.8,False
B1029,T177,V032,113075408,2023-09-20 00:30:00,QUALIFIED,,93.7,83.3,False
B1030,T177,V049,113106206,2023-09-24 02:30:00,QUALIFIED,,81.5,71.3,False
B1031,T177,V005,103485196,2023-09-13 00:30:00,QUALIFIED,,82.9,76.0,False
B1032,T178,V047,89787819,2023-09-18 00:30:00,QUALIFIED,,88.1,93.4,True
B1033,T178,V011,95781147,2023-09-11 02:30:00,QUALIFIED,,77.2,78.1,False
B1034,T178,V003,88636295,2023-09-18 03:30:00,QUALIFIED,,84.6,71.7,False
B1035,T178,V027,103677042,2023-09-15 03:30:00,DISQUALIFIED,Technical evaluation: non-compliant asphalt batching plant certification,53.1,0.0,False
B1036,T178,V033,94022900,2023-09-07 02:30:00,QUALIFIED,,91.6,93.1,False
B1037,T179,V005,175732830,2023-09-23 03:30:00,QUALIFIED,,87.9,92.4,False
B1038,T179,V022,164816775,2023-09-06 21:30:00,QUALIFIED,,88.0,71.5,False
B1039,T179,V002,166977819,2023-09-21 00:30:00,QUALIFIED,,79.3,70.9,False
B1040,T179,V039,185038964,2023-09-10 20:30:00,QUALIFIED,,81.9,77.0,False
B1041,T179,V038,154898915,2023-09-06 03:30:00,QUALIFIED,,85.9,94.4,True
B1042,T179,V029,175978120,2023-09-21 03:30:00,QUALIFIED,,90.4,78.6,False
B1043,T179,V025,161426521,2023-09-29 00:30:00,QUALIFIED,,89.6,75.6,False
B1044,T180,V041,117154058,2023-09-19 00:30:00,QUALIFIED,,76.6,88.1,False
B1045,T180,V010,122525606,2023-09-14 00:30:00,QUALIFIED,,78.7,76.2,False
B1046,T180,V014,121887239,2023-09-23 00:30:00,QUALIFIED,,91.4,72.0,False
B1047,T180,V009,138688696,2023-09-24 21:30:00,QUALIFIED,,84.3,82.6,False
B1048,T180,V001,115985682,2023-09-13 01:30:00,QUALIFIED,,92.2,89.8,True
B1049,T181,V030,77084393,2023-09-14 20:30:00,QUALIFIED,,79.1,92.9,True
B1050,T181,V019,79117536,2023-09-09 22:30:00,QUALIFIED,,94.4,93.5,False
B1051,T181,V025,95369513,2023-09-25 21:30:00,QUALIFIED,,88.5,84.7,False
B1052,T181,V036,85922443,2023-10-06 02:30:00,QUALIFIED,,86.9,74.9,False
B1053,T181,V039,86385128,2023-09-28 22:30:00,QUALIFIED,,85.3,87.2,False
B1054,T181,V031,90760602,2023-09-16 21:30:00,QUALIFIED,,90.4,76.1,False
B1055,T182,V043,45085430,2023-09-26 21:30:00,QUALIFIED,,84.0,87.3,False
B1056,T182,V011,40175802,2023-09-15 21:30:00,QUALIFIED,,87.3,88.3,True
B1057,T182,V001,47106421,2023-09-10 02:30:00,DISQUALIFIED,Technical evaluation: non-compliant asphalt batching plant certification,58.0,0.0,False
B1058,T182,V008,47495817,2023-09-28 23:30:00,QUALIFIED,,94.5,79.9,False
B1059,T182,V006,43267367,2023-09-27 20:30:00,DISQUALIFIED,Technical evaluation: non-compliant asphalt batching plant certification,51.0,0.0,False
B1060,T182,V042,46621353,2023-09-16 21:30:00,QUALIFIED,,90.4,74.3,False
B1061,T182,V025,43842333,2023-09-11 01:30:00,QUALIFIED,,78.8,93.7,False
B1062,T182,V026,44499014,2023-09-27 01:30:00,QUALIFIED,,90.7,90.2,False
B1063,T183,V018,177205097,2023-09-30 03:30:00,DISQUALIFIED,Technical evaluation: non-compliant asphalt batching plant certification,60.5,0.0,False
B1064,T183,V005,152392932,2023-09-15 03:30:00,QUALIFIED,,77.0,83.1,True
B1065,T183,V022,161098375,2023-09-13 23:30:00,QUALIFIED,,84.9,78.4,False
B1066,T183,V002,175547197,2023-09-21 22:30:00,QUALIFIED,,92.2,93.5,False
B1067,T184,V002,19123853,2023-09-17 20:30:00,QUALIFIED,,88.9,70.1,False
B1068,T184,V039,17753449,2023-09-27 03:30:00,QUALIFIED,,88.3,91.8,True
B1069,T184,V008,21392138,2023-09-13 22:30:00,QUALIFIED,,79.9,82.1,False
B1070,T184,V034,20522835,2023-10-04 22:30:00,QUALIFIED,,94.6,93.3,False
B1071,T184,V018,21457314,2023-09-15 02:30:00,QUALIFIED,,81.2,74.9,False
B1072,T185,V031,134736856,2023-10-10 02:30:00,QUALIFIED,,90.0,74.0,False
B1073,T185,V043,132266485,2023-09-20 23:30:00,QUALIFIED,,79.6,76.4,True
B1074,T185,V035,141997089,2023-10-08 01:30:00,QUALIFIED,,88.3,82.3,False
B1075,T185,V016,150754477,2023-09-24 00:30:00,QUALIFIED,,91.1,85.0,False
B1076,T186,V008,189498054,2023-10-08 02:30:00,QUALIFIED,,77.7,77.8,False
B1077,T186,V019,181906768,2023-09-21 03:30:00,QUALIFIED,,87.4,74.7,False
B1078,T186,V006,182191449,2023-09-30 22:30:00,QUALIFIED,,91.7,93.3,False
B1079,T186,V050,172815798,2023-09-23 00:30:00,DISQUALIFIED,Technical evaluation: non-compliant asphalt batching plant certification,50.1,0.0,False
B1080,T186,V048,198813669,2023-10-04 01:30:00,QUALIFIED,,81.2,75.5,False
B1081,T186,V022,169080587,2023-10-09 23:30:00,QUALIFIED,,78.1,86.6,True
B1082,T187,V041,90029622,2023-09-18 00:30:00,QUALIFIED,,94.6,75.6,False
B1083,T187,V014,97230730,2023-10-04 20:30:00,QUALIFIED,,81.3,90.4,False
B1084,T187,V032,100390545,2023-10-05 03:30:00,QUALIFIED,,82.1,86.9,False
B1085,T187,V019,101784648,2023-09-27 21:30:00,DISQUALIFIED,Technical evaluation: non-compliant asphalt batching plant certification,60.2,0.0,False
B1086,T187,V046,89121294,2023-10-03 21:30:00,DISQUALIFIED,Technical evaluation: non-compliant asphalt batching plant certification,54.5,0.0,False
B1087,T187,V025,98224406,2023-10-08 23:30:00,QUALIFIED,,78.4,73.4,False
B1088,T187,V004,84578231,2023-10-01 01:30:00,QUALIFIED,,79.4,90.1,True
B1089,T188,V004,142133381,2023-09-23 22:30:00,QUALIFIED,,87.5,94.2,True
B1090,T188,V007,168368008,2023-09-28 00:30:00,DISQUALIFIED,Technical evaluation: non-compliant asphalt batching plant certification,53.4,0.0,False
B1091,T188,V023,163995328,2023-09-21 01:30:00,QUALIFIED,,82.9,87.3,False
B1092,T188,V031,173689080,2023-10-07 20:30:00,QUALIFIED,,88.7,76.9,False
B1093,T188,V012,169196828,2023-09-29 03:30:00,QUALIFIED,,76.7,82.2,False
B1094,T189,V012,154572224,2023-10-16 01:30:00,QUALIFIED,,89.7,79.8,False
B1095,T189,V025,177697039,2023-09-22 20:30:00,DISQUALIFIED,Technical evaluation: non-compliant asphalt batching plant certification,61.7,0.0,False
B1096,T189,V031,150261458,2023-09-22 02:30:00,QUALIFIED,,90.8,75.2,True
B1097,T189,V042,172580088,2023-10-15 01:30:00,QUALIFIED,,89.6,70.1,False
B1098,T189,V045,165773304,2023-10-08 02:30:00,DISQUALIFIED,Technical evaluation: non-compliant asphalt batching plant certification,58.1,0.0,False
B1099,T189,V028,172388722,2023-10-15 23:30:00,QUALIFIED,,75.7,94.5,False
B1100,T189,V020,167670751,2023-10-07 01:30:00,QUALIFIED,,94.8,70.0,False
B1101,T189,V037,161050801,2023-10-01 23:30:00,QUALIFIED,,84.3,84.4,False
B1102,T190,V020,156609802,2023-10-10 01:30:00,QUALIFIED,,83.9,83.7,False
B1103,T190,V014,134783167,2023-09-28 01:30:00,QUALIFIED,,83.4,72.1,True
B1104,T190,V009,146618453,2023-10-05 01:30:00,QUALIFIED,,76.5,88.3,False
B1105,T190,V039,168553598,2023-09-26 00:30:00,QUALIFIED,,86.8,86.2,False
B1106,T190,V036,154231683,2023-10-12 21:30:00,QUALIFIED,,81.6,89.7,False
B1107,T191,V022,69943405,2023-10-04 21:30:00,QUALIFIED,,95.0,89.6,True
B1108,T191,V018,73328048,2023-09-25 23:30:00,QUALIFIED,,91.9,72.4,False
B1109,T191,V010,76754583,2023-09-23 23:30:00,QUALIFIED,,87.8,92.4,False
B1110,T191,V015,74046261,2023-09-30 01:30:00,QUALIFIED,,90.6,94.2,False
B1111,T191,V049,79533277,2023-09-22 21:30:00,QUALIFIED,,77.7,70.2,False
B1112,T191,V001,79257862,2023-10-08 01:30:00,QUALIFIED,,86.9,76.7,False
B1113,T192,V033,185520600,2023-10-08 21:30:00,QUALIFIED,,92.8,85.9,False
B1114,T192,V019,159443597,2023-10-11 02:30:00,QUALIFIED,,76.2,88.6,False
B1115,T192,V018,175381188,2023-10-03 03:30:00,QUALIFIED,,83.9,82.7,False
B1116,T192,V028,181277262,2023-10-02 20:30:00,QUALIFIED,,96.0,92.2,False
B1117,T192,V034,180178562,2023-10-06 03:30:00,QUALIFIED,,94.1,88.6,False
B1118,T192,V015,158074063,2023-09-25 22:30:00,QUALIFIED,,80.1,88.5,True
B1119,T192,V020,188623121,2023-10-02 03:30:00,QUALIFIED,,95.3,86.9,False
B1120,T193,V025,24797287,2023-09-24 02:30:00,QUALIFIED,,85.1,76.6,False
B1121,T193,V011,22256154,2023-09-27 21:30:00,QUALIFIED,,81.4,93.3,False
B1122,T193,V024,25288838,2023-10-16 20:30:00,QUALIFIED,,92.8,71.4,False
B1123,T193,V008,22273462,2023-10-03 22:30:00,QUALIFIED,,77.3,78.7,False
B1124,T193,V022,25664930,2023-10-05 22:30:00,DISQUALIFIED,Technical evaluation: non-compliant asphalt batching plant certification,56.0,0.0,False
B1125,T193,V044,23180576,2023-10-02 01:30:00,QUALIFIED,,94.2,70.2,False
B1126,T193,V016,22519053,2023-10-10 00:30:00,QUALIFIED,,84.9,79.4,True
B1127,T194,V023,75609401,2023-10-12 21:30:00,QUALIFIED,,82.0,70.8,False
B1128,T194,V046,71538124,2023-10-01 23:30:00,QUALIFIED,,77.5,82.2,True
B1129,T194,V013,78804745,2023-10-12 22:30:00,QUALIFIED,,91.4,80.0,False
B1130,T194,V008,82299789,2023-10-05 01:30:00,DISQUALIFIED,Technical evaluation: non-compliant asphalt batching plant certification,51.5,0.0,False
B1131,T195,V039,6852399,2023-10-01 00:30:00,QUALIFIED,,90.3,74.7,False
B1132,T195,V048,7136838,2023-10-20 23:30:00,QUALIFIED,,80.2,90.5,False
B1133,T195,V001,7018310,2023-10-22 01:30:00,QUALIFIED,,93.0,85.7,False
B1134,T195,V028,6461073,2023-10-21 01:30:00,QUALIFIED,,83.4,76.8,True
B1135,T195,V031,7009377,2023-10-18 21:30:00,DISQUALIFIED,Technical evaluation: non-compliant asphalt batching plant certification,52.8,0.0,False
B1136,T195,V019,7972447,2023-10-03 21:30:00,QUALIFIED,,89.7,94.5,False
B1137,T195,V045,7051784,2023-09-30 20:30:00,DISQUALIFIED,Technical evaluation: non-compliant asphalt batching plant certification,56.0,0.0,False
B1138,T196,V003,77423731,2023-10-06 23:30:00,QUALIFIED,,77.1,74.6,False
B1139,T196,V001,89030260,2023-10-10 22:30:00,QUALIFIED,,77.0,70.3,False
B1140,T196,V004,73620773,2023-10-17 22:30:00,QUALIFIED,,82.6,90.3,True
B1141,T196,V043,85792758,2023-10-03 22:30:00,QUALIFIED,,80.8,84.6,False
B1142,T196,V048,75457449,2023-10-19 01:30:00,QUALIFIED,,87.6,71.0,False
B1143,T197,V035,126072241,2023-10-16 22:30:00,QUALIFIED,,84.4,87.9,False
B1144,T197,V047,118587218,2023-10-28 20:30:00,QUALIFIED,,83.8,93.3,True
B1145,T197,V010,128182148,2023-11-01 01:30:00,QUALIFIED,,89.6,73.2,False
B1146,T197,V003,116890204,2023-10-30 00:30:00,QUALIFIED,,83.3,87.1,False
B1147,T197,V009,137207006,2023-10-29 01:30:00,QUALIFIED,,85.7,84.1,False
B1148,T198,V030,52871454,2023-10-12 02:30:00,QUALIFIED,,76.0,76.0,False
B1149,T198,V033,50148994,2023-10-15 23:30:00,QUALIFIED,,80.7,89.8,False
B1150,T198,V046,56533344,2023-10-13 00:30:00,QUALIFIED,,75.0,78.7,False
B1151,T198,V047,56139127,2023-10-08 22:30:00,DISQUALIFIED,Technical evaluation: non-compliant asphalt batching plant certification,59.9,0.0,False
B1152,T198,V034,55547758,2023-10-15 21:30:00,QUALIFIED,,81.2,94.6,False
B1153,T198,V017,56359188,2023-10-19 22:30:00,QUALIFIED,,95.3,74.4,False
B1154,T198,V020,60016845,2023-10-03 02:30:00,QUALIFIED,,89.5,93.6,False
B1155,T198,V015,52458560,2023-10-01 00:30:00,QUALIFIED,,79.6,76.7,False
B1156,T198,V001,49551904,2023-10-08 01:30:00,QUALIFIED,,84.4,88.2,True
B1157,T199,V037,27051604,2023-10-25 01:30:00,QUALIFIED,,89.4,74.7,False
B1158,T199,V032,27753386,2023-10-17 00:30:00,QUALIFIED,,88.5,80.1,False
B1159,T199,V047,27158614,2023-10-26 03:30:00,QUALIFIED,,87.7,79.4,True
B1160,T199,V012,27049705,2023-10-04 03:30:00,QUALIFIED,,88.5,71.1,False
B1161,T199,V042,28354008,2023-10-27 23:30:00,QUALIFIED,,88.2,70.3,False
B1162,T200,V011,101732559,2023-10-29 03:30:00,QUALIFIED,,77.2,77.4,False
B1163,T200,V020,98327058,2023-10-10 01:30:00,DISQUALIFIED,Technical evaluation: non-compliant asphalt batching plant certification,53.1,0.0,False
B1164,T200,V022,92952418,2023-10-12 01:30:00,QUALIFIED,,81.0,93.0,False
B1165,T200,V031,101588721,2023-10-28 20:30:00,QUALIFIED,,77.3,72.5,False
B1166,T200,V010,91172574,2023-10-14 02:30:00,QUALIFIED,,87.9,73.0,True
B1167,T200,V016,106096128,2023-10-31 03:30:00,QUALIFIED,,78.7,83.3,False
B1168,T200,V004,99988672,2023-10-09 01:30:00,QUALIFIED,,89.4,85.6,False
B1169,T201,V021,151671188,2023-10-30 21:30:00,QUALIFIED,,80.8,72.3,False
B1170,T201,V010,156625139,2023-10-28 21:30:00,QUALIFIED,,85.4,82.0,False
B1171,T201,V025,156022189,2023-10-14 22:30:00,QUALIFIED,,94.8,93.0,False
B1172,T201,V029,126605329,2023-10-16 20:30:00,QUALIFIED,,86.3,82.3,True
B1173,T201,V047,144013240,2023-10-26 21:30:00,DISQUALIFIED,Technical evaluation: non-compliant asphalt batching plant certification,60.0,0.0,False
B1174,T202,V008,66563490,2023-10-25 21:30:00,QUALIFIED,,92.4,71.4,False
B1175,T202,V004,60038983,2023-10-08 01:30:00,QUALIFIED,,82.9,70.7,True
B1176,T202,V023,75495344,2023-10-19 03:30:00,QUALIFIED,,88.9,71.8,False
B1177,T202,V024,73796493,2023-10-25 03:30:00,QUALIFIED,,78.0,76.1,False
B1178,T202,V050,62802397,2023-10-17 01:30:00,QUALIFIED,,84.9,73.5,False
B1179,T203,V042,118601027,2023-11-05 21:30:00,QUALIFIED,,89.3,91.9,False
B1180,T203,V003,106483278,2023-10-10 23:30:00,QUALIFIED,,94.3,82.5,True
B1181,T203,V039,123297785,2023-10-24 01:30:00,QUALIFIED,,76.9,79.4,False
B1182,T203,V049,128807421,2023-10-14 00:30:00,QUALIFIED,,76.2,79.8,False
B1183,T204,V013,146048271,2023-11-04 00:30:00,QUALIFIED,,86.4,71.6,False
B1184,T204,V018,139478703,2023-10-10 23:30:00,QUALIFIED,,79.2,93.2,False
B1185,T204,V007,130084413,2023-11-02 03:30:00,QUALIFIED,,91.6,71.1,False
B1186,T204,V048,132039368,2023-10-26 03:30:00,QUALIFIED,,90.8,94.0,False
B1187,T204,V005,136927361,2023-10-24 21:30:00,QUALIFIED,,95.5,87.6,False
B1188,T204,V024,126320243,2023-10-22 02:30:00,QUALIFIED,,91.3,70.6,False
B1189,T204,V039,125557902,2023-10-20 03:30:00,QUALIFIED,,81.1,73.8,True
B1190,T205,V047,62127884,2023-10-15 03:30:00,QUALIFIED,,91.3,79.7,False
B1191,T205,V039,60267900,2023-11-07 01:30:00,QUALIFIED,,95.9,72.4,False
B1192,T205,V042,57887558,2023-10-23 02:30:00,QUALIFIED,,84.6,74.2,False
B1193,T205,V034,61333432,2023-11-06 23:30:00,QUALIFIED,,82.4,71.8,False
B1194,T205,V022,58124762,2023-10-12 23:30:00,QUALIFIED,,95.7,94.5,True
B1195,T205,V029,67073618,2023-10-14 01:30:00,QUALIFIED,,95.4,82.2,False
B1196,T205,V009,62166629,2023-10-23 21:30:00,QUALIFIED,,88.0,87.0,False
B1197,T205,V046,63116360,2023-10-21 22:30:00,DISQUALIFIED,Technical evaluation: non-compliant asphalt batching plant certification,55.8,0.0,False
B1198,T206,V025,196585729,2023-10-27 22:30:00,QUALIFIED,,88.5,92.5,False
B1199,T206,V011,182150601,2023-10-28 01:30:00,QUALIFIED,,94.3,93.1,False
B1200,T206,V037,192849428,2023-10-23 21:30:00,QUALIFIED,,81.7,94.9,False
B1201,T206,V026,163799772,2023-10-15 02:30:00,QUALIFIED,,80.8,71.0,True
B1202,T206,V005,171249049,2023-10-15 01:30:00,QUALIFIED,,81.7,70.8,False
B1203,T206,V015,186954873,2023-10-18 03:30:00,QUALIFIED,,82.6,80.8,False
B1204,T207,V010,8826715,2023-10-15 21:30:00,QUALIFIED,,86.0,86.7,True
B1205,T207,V005,9580306,2023-11-10 02:30:00,QUALIFIED,,84.0,94.1,False
B1206,T207,V018,9652664,2023-10-31 22:30:00,QUALIFIED,,85.1,83.4,False
B1207,T207,V026,10593324,2023-10-16 22:30:00,QUALIFIED,,87.0,90.6,False
B1208,T208,V032,165795652,2023-11-10 20:30:00,QUALIFIED,,93.0,85.9,False
B1209,T208,V021,169550162,2023-10-24 02:30:00,DISQUALIFIED,Technical evaluation: non-compliant asphalt batching plant certification,60.4,0.0,False
B1210,T208,V008,143704278,2023-10-20 01:30:00,QUALIFIED,,87.6,75.4,True
B1211,T208,V044,155921364,2023-11-05 03:30:00,QUALIFIED,,82.6,77.5,False
B1212,T208,V027,159008259,2023-10-16 02:30:00,QUALIFIED,,88.6,81.4,False
B1213,T209,V024,117460241,2023-10-20 21:30:00,QUALIFIED,,89.7,93.4,False
B1214,T209,V012,132089198,2023-11-08 02:30:00,QUALIFIED,,77.2,86.2,False
B1215,T209,V036,125264940,2023-10-29 02:30:00,QUALIFIED,,90.8,93.2,False
B1216,T209,V039,105793286,2023-10-28 03:30:00,QUALIFIED,,89.0,91.3,True
B1217,T209,V011,115736476,2023-10-17 20:30:00,QUALIFIED,,77.4,91.4,False
B1218,T209,V035,133141710,2023-10-30 20:30:00,QUALIFIED,,92.2,87.6,False
B1219,T209,V028,128207737,2023-11-10 22:30:00,QUALIFIED,,85.7,76.7,False
B1220,T210,V048,66874621,2023-10-25 03:30:00,QUALIFIED,,87.1,73.2,False
B1221,T210,V039,72938083,2023-10-31 21:30:00,QUALIFIED,,85.9,80.9,False
B1222,T210,V021,65602337,2023-11-02 02:30:00,QUALIFIED,,91.5,91.1,False
B1223,T210,V022,72815681,2023-10-29 01:30:00,QUALIFIED,,79.3,72.3,False
B1224,T210,V011,70220097,2023-10-19 01:30:00,DISQUALIFIED,Technical evaluation: non-compliant asphalt batching plant certification,59.9,0.0,False
B1225,T210,V037,76824282,2023-11-03 21:30:00,DISQUALIFIED,Technical evaluation: non-compliant asphalt batching plant certification,60.3,0.0,False
B1226,T210,V028,66200843,2023-10-26 01:30:00,QUALIFIED,,80.0,92.4,True
B1227,T210,V016,68299713,2023-10-20 00:30:00,QUALIFIED,,91.9,79.5,False
B1228,T211,V007,24702270,2023-10-19 22:30:00,QUALIFIED,,79.4,72.5,False
B1229,T211,V010,24575477,2023-10-25 02:30:00,QUALIFIED,,85.2,85.6,True
B1230,T211,V019,25307969,2023-10-24 21:30:00,QUALIFIED,,88.3,81.3,False
B1231,T211,V017,25054429,2023-11-01 03:30:00,QUALIFIED,,88.9,85.8,False
B1232,T212,V013,89966862,2023-10-21 01:30:00,QUALIFIED,,79.5,79.1,True
B1233,T212,V039,108152153,2023-11-13 22:30:00,QUALIFIED,,76.8,87.3,False
B1234,T212,V002,93238956,2023-11-05 20:30:00,QUALIFIED,,76.9,87.7,False
B1235,T212,V035,103387457,2023-10-30 20:30:00,QUALIFIED,,94.9,93.1,False
B1236,T213,V028,102257193,2023-10-27 00:30:00,QUALIFIED,,86.9,79.3,True
B1237,T213,V029,116197800,2023-11-06 20:30:00,QUALIFIED,,75.7,82.8,False
B1238,T213,V050,115199195,2023-10-30 22:30:00,QUALIFIED,,77.4,90.2,False
B1239,T213,V039,111767703,2023-11-03 22:30:00,QUALIFIED,,79.5,79.3,False
B1240,T213,V018,105571870,2023-10-30 02:30:00,DISQUALIFIED,Technical evaluation: non-compliant asphalt batching plant certification,59.6,0.0,False
B1241,T213,V021,118030402,2023-11-02 20:30:00,QUALIFIED,,81.8,75.8,False
B1242,T213,V040,103854744,2023-10-31 00:30:00,QUALIFIED,,77.2,77.0,False
B1243,T214,V004,159270784,2023-11-10 22:30:00,QUALIFIED,,87.4,75.9,True
B1244,T214,V032,167115738,2023-11-16 03:30:00,QUALIFIED,,81.0,91.0,False
B1245,T214,V003,180620940,2023-10-30 03:30:00,QUALIFIED,,75.3,81.7,False
B1246,T214,V018,195736582,2023-11-02 23:30:00,QUALIFIED,,90.8,80.0,False
B1247,T214,V027,186059216,2023-11-05 20:30:00,QUALIFIED,,83.3,87.4,False
B1248,T215,V021,164989364,2023-11-07 22:30:00,QUALIFIED,,86.3,70.1,False
B1249,T215,V045,160080702,2023-11-12 23:30:00,QUALIFIED,,93.5,71.1,True
B1250,T215,V047,160849952,2023-11-05 02:30:00,QUALIFIED,,89.4,89.8,False
B1251,T215,V028,172082104,2023-11-09 01:30:00,QUALIFIED,,77.5,78.0,False
B1252,T216,V021,134940326,2023-11-01 02:30:00,QUALIFIED,,92.5,76.1,False
B1253,T216,V047,132000984,2023-10-27 00:30:00,QUALIFIED,,76.6,82.4,False
B1254,T216,V031,121270865,2023-11-02 00:30:00,QUALIFIED,,83.1,82.2,False
B1255,T216,V015,124430086,2023-10-27 22:30:00,QUALIFIED,,81.5,81.4,False
B1256,T216,V006,119827295,2023-11-07 02:30:00,QUALIFIED,,79.6,79.1,False
B1257,T216,V017,140096374,2023-10-27 00:30:00,QUALIFIED,,78.9,76.9,False
B1258,T216,V001,111475415,2023-11-14 02:30:00,QUALIFIED,,78.1,91.9,True
B1259,T217,V017,123407173,2023-10-30 21:30:00,QUALIFIED,,76.1,76.8,False
B1260,T217,V008,114210190,2023-10-26 21:30:00,QUALIFIED,,90.4,80.6,True
B1261,T217,V036,127055128,2023-11-04 01:30:00,QUALIFIED,,86.1,82.3,False
B1262,T217,V006,130605733,2023-10-26 03:30:00,QUALIFIED,,95.1,75.5,False
B1263,T217,V023,120927075,2023-11-14 23:30:00,QUALIFIED,,86.2,76.9,False
B1264,T217,V028,142029867,2023-11-03 21:30:00,QUALIFIED,,79.6,90.6,False
B1265,T218,V007,53749397,2023-11-12 01:30:00,QUALIFIED,,76.5,74.7,False
B1266,T218,V012,55338219,2023-11-18 03:30:00,QUALIFIED,,84.0,70.5,False
B1267,T218,V033,56074448,2023-11-23 01:30:00,QUALIFIED,,92.9,84.9,False
B1268,T218,V045,47807573,2023-11-26 20:30:00,QUALIFIED,,93.3,81.8,True
B1269,T219,V032,146358846,2023-11-23 22:30:00,QUALIFIED,,82.0,82.9,False
B1270,T219,V048,155018717,2023-10-27 20:30:00,DISQUALIFIED,Technical evaluation: non-compliant asphalt batching plant certification,59.6,0.0,False
B1271,T219,V023,137024000,2023-11-24 01:30:00,QUALIFIED,,95.6,91.4,True
B1272,T219,V035,154886640,2023-11-19 22:30:00,QUALIFIED,,80.1,88.5,False
B1273,T219,V017,163959089,2023-11-13 00:30:00,QUALIFIED,,79.1,93.9,False
B1274,T219,V043,154290338,2023-11-15 20:30:00,QUALIFIED,,93.4,74.4,False
B1275,T219,V050,162139440,2023-11-12 22:30:00,QUALIFIED,,83.8,94.8,False
B1276,T220,V023,149495217,2023-11-22 01:30:00,QUALIFIED,,81.1,90.0,False
B1277,T220,V019,134967142,2023-11-30 00:30:00,QUALIFIED,,87.5,71.3,False
B1278,T220,V008,130866723,2023-11-17 22:30:00,QUALIFIED,,88.9,70.0,True
B1279,T220,V001,141717258,2023-11-19 23:30:00,QUALIFIED,,85.5,94.0,False
B1280,T220,V032,150570324,2023-11-01 02:30:00,QUALIFIED,,78.0,88.3,False
B1281,T220,V044,146886789,2023-11-02 02:30:00,QUALIFIED,,75.7,93.3,False
B1282,T220,V010,141639838,2023-11-09 21:30:00,QUALIFIED,,95.3,72.5,False
B1283,T220,V030,141998534,2023-11-21 23:30:00,QUALIFIED,,84.2,91.9,False
B1284,T221,V037,67733884,2023-11-05 20:30:00,QUALIFIED,,85.6,87.1,False
B1285,T221,V041,71427250,2023-11-10 21:30:00,QUALIFIED,,95.2,81.5,False
B1286,T221,V030,79265433,2023-11-21 21:30:00,DISQUALIFIED,Technical evaluation: non-compliant asphalt batching plant certification,52.0,0.0,False
B1287,T221,V035,67969696,2023-11-14 22:30:00,QUALIFIED,,77.7,83.6,True
B1288,T221,V012,74365028,2023-11-13 03:30:00,QUALIFIED,,83.2,80.1,False
B1289,T221,V025,66461562,2023-11-05 20:30:00,QUALIFIED,,76.8,76.8,False
B1290,T222,V048,154258098,2023-11-05 01:30:00,QUALIFIED,,86.8,94.2,True
B1291,T222,V038,157707206,2023-11-01 01:30:00,QUALIFIED,,81.5,94.7,False
B1292,T222,V044,153469684,2023-11-06 00:30:00,DISQUALIFIED,Technical evaluation: non-compliant asphalt batching plant certification,50.0,0.0,False
B1293,T222,V033,172947963,2023-11-18 02:30:00,QUALIFIED,,77.2,70.6,False
B1294,T223,V040,35085373,2023-11-25 01:30:00,QUALIFIED,,90.6,76.0,False
B1295,T223,V044,37729808,2023-11-03 00:30:00,QUALIFIED,,81.1,86.7,False
B1296,T223,V029,40970128,2023-11-09 22:30:00,QUALIFIED,,83.2,87.4,False
B1297,T223,V043,32527499,2023-11-11 21:30:00,QUALIFIED,,78.1,77.1,True
B1298,T223,V050,34896273,2023-11-13 03:30:00,QUALIFIED,,75.7,86.3,False
B1299,T223,V008,38784462,2023-11-11 03:30:00,QUALIFIED,,82.4,73.5,False
B1300,T224,V033,6261195,2023-11-11 01:30:00,QUALIFIED,,91.0,77.6,False
B1301,T224,V005,6059887,2023-11-04 20:30:00,QUALIFIED,,84.9,86.5,False
B1302,T224,V012,6276531,2023-11-08 23:30:00,QUALIFIED,,81.8,93.9,False
B1303,T224,V042,6005362,2023-11-05 21:30:00,DISQUALIFIED,Technical evaluation: non-compliant asphalt batching plant certification,50.4,0.0,False
B1304,T224,V010,6463111,2023-11-18 02:30:00,QUALIFIED,,85.5,87.0,False
B1305,T224,V023,5447865,2023-11-18 00:30:00,QUALIFIED,,77.2,92.0,True
B1306,T224,V047,6457502,2023-11-12 21:30:00,QUALIFIED,,76.3,76.3,False
B1307,T225,V009,170889201,2023-11-25 00:30:00,QUALIFIED,,78.4,90.3,False
B1308,T225,V041,183235011,2023-11-28 02:30:00,QUALIFIED,,88.2,86.7,False
B1309,T225,V037,163106480,2023-11-09 01:30:00,QUALIFIED,,82.6,80.2,False
B1310,T225,V036,155292758,2023-12-01 22:30:00,QUALIFIED,,78.9,88.2,True
B1311,T225,V013,186638359,2023-11-13 20:30:00,QUALIFIED,,79.4,90.7,False
B1312,T225,V046,172995928,2023-11-23 01:30:00,QUALIFIED,,84.2,85.6,False
B1313,T225,V017,185407242,2023-11-16 02:30:00,QUALIFIED,,85.9,72.5,False
B1314,T226,V046,146857936,2023-11-15 23:30:00,QUALIFIED,,76.2,87.4,False
B1315,T226,V023,142978777,2023-11-16 23:30:00,QUALIFIED,,75.7,80.5,False
B1316,T226,V005,145642774,2023-11-08 03:30:00,QUALIFIED,,86.5,88.3,False
B1317,T226,V011,167149977,2023-11-11 03:30:00,QUALIFIED,,76.5,93.7,False
B1318,T226,V019,143004189,2023-11-10 03:30:00,QUALIFIED,,82.3,71.8,True
B1319,T226,V048,152054219,2023-11-09 02:30:00,QUALIFIED,,85.1,73.2,False
B1320,T226,V035,161180896,2023-11-29 03:30:00,QUALIFIED,,79.7,78.8,False
B1321,T227,V031,17682494,2023-11-23 22:30:00,QUALIFIED,,82.2,93.0,False
B1322,T227,V004,18132625,2023-11-25 03:30:00,QUALIFIED,,90.7,92.2,False
B1323,T227,V025,17505100,2023-11-09 03:30:00,QUALIFIED,,95.8,70.4,True
B1324,T227,V048,19901236,2023-11-26 02:30:00,DISQUALIFIED,Technical evaluation: non-compliant asphalt batching plant certification,56.1,0.0,False
B1325,T227,V045,18295754,2023-11-16 22:30:00,QUALIFIED,,93.7,95.0,False
B1326,T227,V009,17734390,2023-11-14 20:30:00,QUALIFIED,,88.8,71.9,False
B1327,T227,V028,20703712,2023-11-20 20:30:00,QUALIFIED,,92.1,92.4,False
B1328,T227,V044,20411389,2023-11-12 23:30:00,QUALIFIED,,91.4,77.3,False
B1329,T228,V018,156366188,2023-12-02 22:30:00,QUALIFIED,,91.5,70.9,False
B1330,T228,V006,146904366,2023-11-21 20:30:00,QUALIFIED,,75.4,90.9,False
B1331,T228,V014,147951974,2023-11-17 21:30:00,QUALIFIED,,95.3,71.5,False
B1332,T228,V009,165344237,2023-11-23 20:30:00,DISQUALIFIED,Technical evaluation: non-compliant asphalt batching plant certification,55.4,0.0,False
B1333,T228,V034,153123170,2023-11-29 00:30:00,QUALIFIED,,88.9,83.3,False
B1334,T228,V015,140327470,2023-12-04 22:30:00,QUALIFIED,,94.7,92.8,True
B1335,T228,V020,162364652,2023-11-25 23:30:00,QUALIFIED,,87.4,88.9,False
B1336,T229,V030,19462918,2023-11-26 01:30:00,QUALIFIED,,80.9,87.1,False
B1337,T229,V028,18736205,2023-11-25 23:30:00,QUALIFIED,,83.3,85.4,False
B1338,T229,V037,19065031,2023-11-25 03:30:00,QUALIFIED,,86.9,78.0,False
B1339,T229,V047,18699009,2023-11-29 20:30:00,QUALIFIED,,84.2,81.7,False
B1340,T229,V048,21340733,2023-11-11 00:30:00,QUALIFIED,,87.2,72.0,False
B1341,T229,V034,21081441,2023-11-21 02:30:00,QUALIFIED,,80.4,89.7,False
B1342,T229,V017,17152090,2023-11-10 01:30:00,QUALIFIED,,79.8,74.4,True
B1343,T229,V011,20984245,2023-12-08 00:30:00,DISQUALIFIED,Technical evaluation: non-compliant asphalt batching plant certification,50.5,0.0,False
B1344,T230,V002,87525548,2023-11-28 02:30:00,QUALIFIED,,77.4,71.9,False
B1345,T230,V044,86981828,2023-11-12 22:30:00,QUALIFIED,,89.3,71.8,False
B1346,T230,V023,90927077,2023-11-22 01:30:00,DISQUALIFIED,Technical evaluation: non-compliant asphalt batching plant certification,58.5,0.0,False
B1347,T230,V035,89753109,2023-11-17 22:30:00,QUALIFIED,,95.4,85.5,False
B1348,T230,V046,80065967,2023-11-29 23:30:00,QUALIFIED,,94.5,92.8,True
B1349,T230,V003,83815698,2023-11-12 00:30:00,QUALIFIED,,85.7,89.5,False
B1350,T231,V015,110221591,2023-12-10 03:30:00,QUALIFIED,,88.8,83.0,False
B1351,T231,V037,105550388,2023-12-04 23:30:00,QUALIFIED,,81.9,90.0,False
B1352,T231,V033,119447261,2023-12-02 20:30:00,QUALIFIED,,95.4,87.3,False
B1353,T231,V041,97367633,2023-11-20 22:30:00,QUALIFIED,,76.7,84.0,True
B1354,T232,V016,65877274,2023-12-08 02:30:00,QUALIFIED,,85.6,73.7,False
B1355,T232,V027,67871641,2023-11-17 00:30:00,QUALIFIED,,93.4,70.4,False
B1356,T232,V044,62992344,2023-12-02 20:30:00,QUALIFIED,,77.7,70.9,False
B1357,T232,V038,67051302,2023-11-19 01:30:00,QUALIFIED,,77.8,91.7,False
B1358,T232,V043,62948706,2023-11-27 22:30:00,QUALIFIED,,77.7,87.4,True
B1359,T232,V009,64568804,2023-12-02 02:30:00,QUALIFIED,,92.3,78.4,False
B1360,T232,V039,69368539,2023-12-08 03:30:00,DISQUALIFIED,Technical evaluation: non-compliant asphalt batching plant certification,62.9,0.0,False
B1361,T232,V017,73826434,2023-11-27 20:30:00,QUALIFIED,,84.1,88.9,False
B1362,T233,V021,140159674,2023-11-25 03:30:00,QUALIFIED,,93.8,84.5,False
B1363,T233,V029,134277631,2023-11-21 23:30:00,QUALIFIED,,81.8,78.0,True
B1364,T233,V012,136823991,2023-12-01 03:30:00,QUALIFIED,,90.4,94.7,False
B1365,T233,V033,137728917,2023-11-18 23:30:00,QUALIFIED,,87.9,72.5,False
B1366,T233,V038,139807474,2023-12-01 23:30:00,QUALIFIED,,84.2,92.1,False
B1367,T233,V018,139910907,2023-11-27 02:30:00,QUALIFIED,,89.0,73.5,False
B1368,T233,V007,137621286,2023-11-19 01:30:00,DISQUALIFIED,Technical evaluation: non-compliant asphalt batching plant certification,62.6,0.0,False
B1369,T234,V047,145799755,2023-12-11 20:30:00,QUALIFIED,,85.4,72.2,False
B1370,T234,V029,130202034,2023-12-02 02:30:00,QUALIFIED,,91.9,88.6,False
B1371,T234,V034,132506934,2023-12-14 22:30:00,QUALIFIED,,82.0,81.3,False
B1372,T234,V009,146318505,2023-12-14 22:30:00,QUALIFIED,,75.8,72.5,False
B1373,T234,V030,145499683,2023-11-29 00:30:00,QUALIFIED,,88.9,91.9,False
B1374,T234,V019,127478325,2023-12-19 00:30:00,QUALIFIED,,82.9,93.6,False
B1375,T234,V008,144644844,2023-12-02 20:30:00,QUALIFIED,,92.1,88.3,False
B1376,T234,V001,122832215,2023-12-07 02:30:00,QUALIFIED,,95.0,91.4,True
B1377,T235,V045,21765274,2023-11-28 01:30:00,QUALIFIED,,92.7,91.9,False
B1378,T235,V017,23141675,2023-11-28 21:30:00,QUALIFIED,,86.4,77.4,False
B1379,T235,V040,21205813,2023-11-19 23:30:00,QUALIFIED,,84.4,76.2,False
B1380,T235,V025,22093611,2023-12-08 20:30:00,QUALIFIED,,88.9,78.7,False
B1381,T235,V041,21978178,2023-12-09 20:30:00,QUALIFIED,,93.1,85.0,False
B1382,T235,V038,20369287,2023-12-13 23:30:00,QUALIFIED,,80.6,75.4,True
B1383,T235,V016,23930654,2023-12-01 03:30:00,QUALIFIED,,81.8,86.9,False
B1384,T236,V020,115736536,2023-11-22 02:30:00,QUALIFIED,,87.9,78.2,False
B1385,T236,V029,103711358,2023-12-12 03:30:00,QUALIFIED,,91.9,72.3,True
B1386,T236,V027,119465856,2023-12-01 02:30:00,QUALIFIED,,85.9,79.1,False
B1387,T236,V015,108274835,2023-12-06 21:30:00,QUALIFIED,,79.8,90.0,False
B1388,T237,V007,55756470,2023-11-25 00:30:00,QUALIFIED,,75.7,88.7,True
B1389,T237,V033,67676144,2023-12-06 21:30:00,QUALIFIED,,90.6,76.7,False
B1390,T237,V026,58738428,2023-12-16 21:30:00,DISQUALIFIED,Technical evaluation: non-compliant asphalt batching plant certification,60.4,0.0,False
B1391,T237,V032,64345760,2023-12-15 02:30:00,QUALIFIED,,91.6,74.9,False
B1392,T237,V003,65131330,2023-12-09 22:30:00,QUALIFIED,,90.6,77.6,False
B1393,T237,V011,63329422,2023-12-15 23:30:00,QUALIFIED,,87.1,79.4,False
B1394,T237,V019,62968871,2023-12-11 21:30:00,QUALIFIED,,85.2,92.7,False
B1395,T237,V020,64241489,2023-12-11 21:30:00,DISQUALIFIED,Technical evaluation: non-compliant asphalt batching plant certification,57.0,0.0,False
B1396,T238,V024,35893050,2023-12-16 02:30:00,QUALIFIED,,79.4,93.6,False
B1397,T238,V031,30536031,2023-12-16 01:30:00,QUALIFIED,,83.5,91.0,True
B1398,T238,V037,34028099,2023-11-22 00:30:00,DISQUALIFIED,Technical evaluation: non-compliant asphalt batching plant certification,56.9,0.0,False
B1399,T238,V007,33301421,2023-11-24 22:30:00,QUALIFIED,,75.8,87.2,False
B1400,T238,V042,34518803,2023-12-17 23:30:00,QUALIFIED,,90.9,89.9,False
B1401,T238,V020,34172611,2023-12-08 00:30:00,QUALIFIED,,89.9,82.9,False
B1402,T238,V022,36212081,2023-11-25 02:30:00,QUALIFIED,,83.9,71.9,False
B1403,T239,V011,34009247,2023-12-10 21:30:00,QUALIFIED,,90.1,92.0,False
B1404,T239,V041,35900265,2023-12-03 22:30:00,QUALIFIED,,78.5,77.3,False
B1405,T239,V034,38889478,2023-11-24 22:30:00,QUALIFIED,,80.3,81.6,False
B1406,T239,V032,34841359,2023-12-10 01:30:00,QUALIFIED,,86.0,90.7,True
B1407,T239,V009,34013310,2023-12-01 01:30:00,QUALIFIED,,76.4,94.4,False
B1408,T239,V036,36194429,2023-12-08 00:30:00,QUALIFIED,,86.3,78.3,False
B1409,T239,V027,34383691,2023-11-30 01:30:00,DISQUALIFIED,Technical evaluation: non-compliant asphalt batching plant certification,58.9,0.0,False
B1410,T240,V047,6968288,2023-12-19 02:30:00,QUALIFIED,,80.9,76.6,False
B1411,T240,V020,7004528,2023-11-24 21:30:00,QUALIFIED,,91.2,84.8,False
B1412,T240,V024,7259654,2023-11-28 00:30:00,QUALIFIED,,91.5,94.7,False
B1413,T240,V040,6543930,2023-12-19 01:30:00,QUALIFIED,,78.5,91.9,True
B1414,T240,V026,7326895,2023-12-25 01:30:00,QUALIFIED,,84.2,86.6,False
B1415,T240,V017,7332367,2023-11-26 02:30:00,QUALIFIED,,83.3,89.3,False
B1416,T240,V036,7885392,2023-12-05 23:30:00,QUALIFIED,,81.7,72.0,False
B1417,T240,V035,7738275,2023-12-15 01:30:00,QUALIFIED,,92.5,87.8,False
B1418,T241,V024,76817021,2023-12-19 00:30:00,QUALIFIED,,78.8,88.7,False
B1419,T241,V030,66659370,2023-12-10 22:30:00,QUALIFIED,,75.1,77.8,False
B1420,T241,V050,63503350,2023-12-13 23:30:00,QUALIFIED,,85.6,70.3,True
B1421,T241,V043,70371886,2023-12-04 23:30:00,QUALIFIED,,83.4,94.9,False
B1422,T242,V012,17838833,2023-11-29 01:30:00,QUALIFIED,,78.7,91.3,False
B1423,T242,V031,18042493,2023-12-01 02:30:00,DISQUALIFIED,Technical evaluation: non-compliant asphalt batching plant certification,58.9,0.0,False
B1424,T242,V048,16881007,2023-12-23 23:30:00,QUALIFIED,,95.7,74.9,True
B1425,T242,V042,20046288,2023-12-26 22:30:00,QUALIFIED,,92.8,77.9,False
B1426,T242,V035,20405812,2023-11-28 22:30:00,QUALIFIED,,94.8,80.1,False
B1427,T242,V007,20890211,2023-12-06 03:30:00,DISQUALIFIED,Technical evaluation: non-compliant asphalt batching plant certification,61.6,0.0,False
B1428,T242,V003,19621981,2023-12-03 23:30:00,DISQUALIFIED,Technical evaluation: non-compliant asphalt batching plant certification,56.2,0.0,False
B1429,T243,V022,106022829,2023-12-06 02:30:00,QUALIFIED,,77.4,72.3,True
B1430,T243,V030,123096178,2023-12-14 22:30:00,QUALIFIED,,95.3,89.2,False
B1431,T243,V037,124438022,2023-12-13 22:30:00,QUALIFIED,,93.4,93.6,False
B1432,T243,V045,113534054,2023-11-29 00:30:00,QUALIFIED,,90.5,77.8,False
B1433,T244,V013,75129366,2023-12-09 22:30:00,QUALIFIED,,88.5,81.2,False
B1434,T244,V012,83573080,2023-12-16 03:30:00,QUALIFIED,,87.3,73.9,False
B1435,T244,V019,73327678,2023-12-07 22:30:00,QUALIFIED,,88.6,87.1,True
B1436,T244,V017,78206348,2023-12-10 23:30:00,DISQUALIFIED,Technical evaluation: non-compliant asphalt batching plant certification,60.8,0.0,False
B1437,T244,V045,77728597,2023-12-06 23:30:00,DISQUALIFIED,Technical evaluation: non-compliant asphalt batching plant certification,51.6,0.0,False
B1438,T244,V029,84001145,2023-12-15 20:30:00,QUALIFIED,,87.3,79.3,False
B1439,T245,V042,33140570,2023-12-06 03:30:00,QUALIFIED,,87.9,84.8,False
B1440,T245,V007,34073625,2023-12-06 21:30:00,QUALIFIED,,80.1,88.1,False
B1441,T245,V012,33482688,2023-12-14 21:30:00,QUALIFIED,,95.4,91.9,False
B1442,T245,V023,30036020,2023-12-02 02:30:00,QUALIFIED,,83.8,89.4,True
B1443,T245,V020,35712618,2023-12-18 03:30:00,QUALIFIED,,78.5,77.5,False
B1444,T245,V011,33456849,2023-12-08 00:30:00,QUALIFIED,,86.9,73.5,False
B1445,T246,V001,78280468,2023-12-19 21:30:00,QUALIFIED,,76.9,76.1,True
B1446,T246,V043,93177065,2023-12-10 03:30:00,QUALIFIED,,82.2,81.8,False
B1447,T246,V010,93212934,2023-12-19 20:30:00,QUALIFIED,,92.5,87.7,False
B1448,T246,V013,94532705,2023-12-26 21:30:00,QUALIFIED,,91.0,73.3,False
B1449,T246,V012,94709280,2023-12-14 21:30:00,QUALIFIED,,86.2,78.7,False
B1450,T246,V020,92920328,2024-01-01 00:30:00,QUALIFIED,,78.7,75.9,False
B1451,T246,V045,87597683,2024-01-01 21:30:00,QUALIFIED,,88.6,73.5,False
B1452,T247,V044,30597877,2023-12-26 20:30:00,QUALIFIED,,82.3,88.3,False
B1453,T247,V031,30447392,2023-12-18 03:30:00,QUALIFIED,,77.7,82.7,False
B1454,T247,V003,30620383,2023-12-29 20:30:00,QUALIFIED,,89.1,80.6,False
B1455,T247,V017,25421607,2023-12-16 23:30:00,QUALIFIED,,90.6,72.9,True
B1456,T247,V027,31307265,2023-12-15 22:30:00,QUALIFIED,,90.0,91.1,False
B1457,T247,V012,32243250,2023-12-27 01:30:00,QUALIFIED,,86.2,79.6,False
B1458,T247,V011,30554554,2023-12-26 03:30:00,QUALIFIED,,94.6,84.8,False
B1459,T248,V004,17770622,2023-12-08 03:30:00,QUALIFIED,,78.8,78.9,False
B1460,T248,V039,15596894,2023-12-21 23:30:00,QUALIFIED,,87.5,78.9,False
B1461,T248,V044,14760851,2023-12-08 21:30:00,QUALIFIED,,80.2,72.1,True
B1462,T248,V024,15851646,2023-12-09 01:30:00,QUALIFIED,,84.1,76.9,False
B1463,T248,V017,18752079,2023-12-10 00:30:00,QUALIFIED,,94.0,93.3,False
B1464,T248,V028,18251634,2023-12-13 20:30:00,DISQUALIFIED,Technical evaluation: non-compliant asphalt batching plant certification,54.6,0.0,False
B1465,T249,V048,159880650,2023-12-11 00:30:00,QUALIFIED,,95.9,85.4,False
B1466,T249,V017,147858122,2023-12-11 00:30:00,QUALIFIED,,76.0,84.3,False
B1467,T249,V047,138715737,2023-12-06 21:30:00,QUALIFIED,,89.5,74.6,False
B1468,T249,V042,131248717,2024-01-03 21:30:00,QUALIFIED,,94.1,87.0,True
B1469,T249,V006,140337644,2023-12-23 00:30:00,DISQUALIFIED,Technical evaluation: non-compliant asphalt batching plant certification,55.8,0.0,False
B1470,T250,V005,192248129,2023-12-13 21:30:00,QUALIFIED,,81.9,79.7,False
B1471,T250,V040,195827283,2023-12-31 22:30:00,QUALIFIED,,82.3,81.1,False
B1472,T250,V019,179551158,2023-12-08 20:30:00,QUALIFIED,,89.7,86.8,False
B1473,T250,V047,172376867,2023-12-31 02:30:00,QUALIFIED,,86.8,78.6,False
B1474,T250,V046,157674806,2023-12-15 22:30:00,QUALIFIED,,81.4,88.8,True
B1475,T251,V049,51604512,2023-12-25 01:30:00,QUALIFIED,,94.9,73.1,False
B1476,T251,V019,46217655,2023-12-31 02:30:00,QUALIFIED,,78.8,74.0,False
B1477,T251,V036,49680294,2023-12-13 21:30:00,QUALIFIED,,82.4,75.4,False
B1478,T251,V048,43627615,2023-12-28 22:30:00,QUALIFIED,,91.2,85.8,True
B1479,T252,V029,154134751,2023-12-26 20:30:00,QUALIFIED,,89.4,72.5,False
B1480,T252,V011,155533691,2023-12-23 21:30:00,QUALIFIED,,88.4,85.5,False
B1481,T252,V012,142526226,2023-12-18 02:30:00,QUALIFIED,,90.4,93.6,False
B1482,T252,V026,148018295,2023-12-30 01:30:00,QUALIFIED,,84.9,72.3,False
B1483,T252,V019,149351945,2023-12-13 21:30:00,QUALIFIED,,93.1,91.3,False
B1484,T252,V001,132981800,2023-12-26 00:30:00,QUALIFIED,,78.7,93.4,True
B1485,T253,V016,82660304,2023-12-28 00:30:00,QUALIFIED,,95.2,70.2,False
B1486,T253,V012,77748970,2023-12-19 20:30:00,QUALIFIED,,76.5,80.4,False
B1487,T253,V030,81490042,2023-12-16 02:30:00,QUALIFIED,,87.7,94.7,False
B1488,T253,V033,88961040,2023-12-18 20:30:00,QUALIFIED,,76.3,90.3,False
B1489,T253,V042,90826486,2023-12-31 22:30:00,QUALIFIED,,94.5,85.7,False
B1490,T253,V008,84447596,2023-12-30 02:30:00,QUALIFIED,,80.5,90.6,False
B1491,T253,V039,78062911,2023-12-30 01:30:00,QUALIFIED,,82.7,86.4,True
B1492,T254,V049,74960118,2023-12-18 23:30:00,QUALIFIED,,87.5,89.0,False
B1493,T254,V017,72238705,2023-12-24 03:30:00,QUALIFIED,,82.8,79.1,False
B1494,T254,V022,74372393,2023-12-27 23:30:00,QUALIFIED,,84.2,77.4,False
B1495,T254,V019,70740732,2023-12-29 01:30:00,QUALIFIED,,87.8,91.5,True
B1496,T254,V045,73867074,2023-12-26 03:30:00,QUALIFIED,,87.2,73.7,False
B1497,T255,V034,175688772,2023-12-16 21:30:00,DISQUALIFIED,Technical evaluation: non-compliant asphalt batching plant certification,63.3,0.0,False
B1498,T255,V024,170952971,2023-12-28 00:30:00,QUALIFIED,,80.8,89.5,False
B1499,T255,V025,186104609,2024-01-03 22:30:00,QUALIFIED,,87.0,86.0,False
B1500,T255,V032,159759241,2023-12-14 00:30:00,QUALIFIED,,82.6,70.8,False
B1501,T255,V042,159364607,2023-12-26 02:30:00,QUALIFIED,,80.7,94.0,True
B1502,T255,V011,188048333,2024-01-11 03:30:00,QUALIFIED,,86.0,76.1,False
B1503,T256,V036,69328314,2023-12-31 00:30:00,QUALIFIED,,91.0,81.9,False
B1504,T256,V018,66494481,2024-01-04 22:30:00,QUALIFIED,,76.5,82.0,False
B1505,T256,V006,71256479,2023-12-22 00:30:00,DISQUALIFIED,Technical evaluation: non-compliant asphalt batching plant certification,58.3,0.0,False
B1506,T256,V013,73423812,2023-12-28 03:30:00,QUALIFIED,,93.1,72.8,False
B1507,T256,V005,66582296,2023-12-17 00:30:00,QUALIFIED,,87.4,85.9,True
B1508,T256,V009,75602974,2024-01-05 23:30:00,QUALIFIED,,87.6,82.3,False
B1509,T257,V020,82789778,2024-01-10 02:30:00,QUALIFIED,,89.1,72.4,False
B1510,T257,V041,88625484,2024-01-05 01:30:00,QUALIFIED,,77.3,75.8,False
B1511,T257,V029,79784820,2024-01-05 22:30:00,QUALIFIED,,84.9,87.1,False
B1512,T257,V008,89669507,2024-01-09 01:30:00,QUALIFIED,,79.0,79.9,False
B1513,T257,V012,77626987,2024-01-10 01:30:00,QUALIFIED,,85.8,81.8,False
B1514,T257,V032,84374285,2024-01-01 23:30:00,QUALIFIED,,80.5,93.4,False
B1515,T257,V001,88185851,2024-01-04 01:30:00,QUALIFIED,,90.3,90.7,False
B1516,T257,V021,72916276,2024-01-05 21:30:00,QUALIFIED,,86.8,89.1,True
B1517,T258,V014,92982775,2024-01-04 21:30:00,QUALIFIED,,86.8,75.0,False
B1518,T258,V043,96748417,2024-01-01 20:30:00,QUALIFIED,,77.2,76.1,False
B1519,T258,V046,90158343,2024-01-02 20:30:00,QUALIFIED,,95.0,93.7,True
B1520,T258,V017,107894669,2024-01-05 20:30:00,QUALIFIED,,95.7,84.7,False
B1521,T258,V019,93684284,2024-01-16 22:30:00,QUALIFIED,,82.8,93.1,False
B1522,T259,V029,120454086,2024-01-03 03:30:00,QUALIFIED,,91.2,91.8,False
B1523,T259,V016,123721165,2023-12-31 22:30:00,QUALIFIED,,84.4,92.1,False
B1524,T259,V021,103657333,2023-12-23 00:30:00,QUALIFIED,,84.7,78.3,True
B1525,T259,V037,123226612,2024-01-04 23:30:00,QUALIFIED,,94.6,73.5,False
B1526,T260,V002,139203594,2023-12-31 02:30:00,QUALIFIED,,86.9,94.4,False
B1527,T260,V037,146940714,2024-01-11 02:30:00,QUALIFIED,,84.8,86.3,False
B1528,T260,V028,131130175,2024-01-16 21:30:00,QUALIFIED,,84.8,92.2,False
B1529,T260,V003,152671898,2024-01-11 22:30:00,DISQUALIFIED,Technical evaluation: non-compliant asphalt batching plant certification,59.1,0.0,False
B1530,T260,V033,122953760,2023-12-25 03:30:00,QUALIFIED,,83.4,77.3,True
B1531,T260,V021,142734090,2023-12-28 03:30:00,DISQUALIFIED,Technical evaluation: non-compliant asphalt batching plant certification,54.5,0.0,False
B1532,T261,V013,121344790,2024-01-03 03:30:00,QUALIFIED,,86.3,93.9,False
B1533,T261,V050,115786415,2024-01-10 00:30:00,QUALIFIED,,88.8,75.0,True
B1534,T261,V010,122921786,2024-01-12 00:30:00,QUALIFIED,,79.6,78.9,False
B1535,T261,V014,122265213,2023-12-22 20:30:00,QUALIFIED,,94.9,70.6,False
B1536,T261,V020,140721863,2023-12-24 00:30:00,QUALIFIED,,84.4,80.0,False
B1537,T262,V032,51665026,2024-01-13 02:30:00,QUALIFIED,,82.6,76.4,False
B1538,T262,V048,48603225,2024-01-05 03:30:00,DISQUALIFIED,Technical evaluation: non-compliant asphalt batching plant certification,61.2,0.0,False
B1539,T262,V039,46564259,2023-12-23 02:30:00,QUALIFIED,,82.4,93.6,True
B1540,T262,V023,55921418,2024-01-05 23:30:00,QUALIFIED,,89.7,86.3,False
B1541,T263,V037,83346874,2023-12-30 03:30:00,DISQUALIFIED,Technical evaluation: non-compliant asphalt batching plant certification,61.2,0.0,False
B1542,T263,V001,74100324,2024-01-01 23:30:00,QUALIFIED,,82.8,80.4,True
B1543,T263,V009,75041841,2024-01-18 01:30:00,QUALIFIED,,95.3,88.5,False
B1544,T263,V034,85127330,2024-01-17 22:30:00,QUALIFIED,,77.3,74.1,False
B1545,T263,V010,80295525,2024-01-13 21:30:00,QUALIFIED,,94.1,76.6,False
B1546,T264,V025,10234120,2024-01-15 02:30:00,QUALIFIED,,83.8,71.7,True
B1547,T264,V049,12640787,2023-12-30 21:30:00,QUALIFIED,,86.3,73.4,False
B1548,T264,V039,11825844,2024-01-28 23:30:00,QUALIFIED,,93.9,76.4,False
B1549,T264,V047,11200588,2024-01-06 02:30:00,QUALIFIED,,90.7,91.3,False
B1550,T264,V034,10918304,2024-01-15 01:30:00,QUALIFIED,,78.0,86.5,False
B1551,T264,V011,12137840,2024-01-03 23:30:00,QUALIFIED,,77.2,75.7,False
B1552,T264,V045,10892302,2024-01-09 22:30:00,QUALIFIED,,84.7,84.8,False
B1553,T264,V007,11633253,2024-01-12 01:30:00,QUALIFIED,,82.9,73.6,False
B1554,T265,V011,179484466,2024-01-04 00:30:00,QUALIFIED,,92.2,84.4,False
B1555,T265,V026,178385480,2024-01-08 20:30:00,QUALIFIED,,86.5,72.9,False
B1556,T265,V021,172402523,2023-12-29 22:30:00,QUALIFIED,,93.7,76.4,False
B1557,T265,V001,165252367,2023-12-30 20:30:00,QUALIFIED,,88.9,86.7,True
B1558,T265,V037,174586241,2023-12-29 23:30:00,DISQUALIFIED,Technical evaluation: non-compliant asphalt batching plant certification,55.1,0.0,False
B1559,T266,V023,62360519,2024-01-07 01:30:00,QUALIFIED,,83.3,93.5,True
B1560,T266,V020,73475232,2024-01-17 01:30:00,QUALIFIED,,79.7,70.4,False
B1561,T266,V029,70056698,2024-01-12 01:30:00,QUALIFIED,,86.1,71.2,False
B1562,T266,V028,67474660,2024-01-06 00:30:00,QUALIFIED,,95.9,74.2,False
B1563,T266,V036,62647182,2024-01-02 01:30:00,QUALIFIED,,93.0,75.7,False
B1564,T267,V025,181248681,2024-01-15 03:30:00,DISQUALIFIED,Technical evaluation: non-compliant asphalt batching plant certification,59.9,0.0,False
B1565,T267,V034,157703122,2024-01-18 02:30:00,QUALIFIED,,76.2,80.3,True
B1566,T267,V027,161933619,2024-01-19 00:30:00,QUALIFIED,,78.3,80.5,False
B1567,T267,V031,176898241,2024-01-16 22:30:00,DISQUALIFIED,Technical evaluation: non-compliant asphalt batching plant certification,63.5,0.0,False
B1568,T267,V030,166360786,2024-01-12 02:30:00,QUALIFIED,,87.3,86.8,False
B1569,T267,V021,164007673,2024-01-19 23:30:00,QUALIFIED,,75.2,72.9,False
B1570,T268,V030,157999930,2024-01-11 21:30:00,QUALIFIED,,93.4,87.3,False
B1571,T268,V010,180376668,2024-01-01 23:30:00,QUALIFIED,,77.2,94.9,False
B1572,T268,V005,174101776,2024-01-06 22:30:00,QUALIFIED,,92.8,82.4,False
B1573,T268,V047,177328293,2024-01-12 21:30:00,DISQUALIFIED,Technical evaluation: non-compliant asphalt batching plant certification,51.5,0.0,False
B1574,T268,V022,156198961,2023-12-30 23:30:00,QUALIFIED,,94.0,86.0,True
B1575,T268,V018,165090703,2024-01-04 23:30:00,QUALIFIED,,76.7,72.5,False
B1576,T268,V003,180755378,2024-01-18 20:30:00,QUALIFIED,,84.1,76.6,False
B1577,T268,V025,187035900,2023-12-30 20:30:00,QUALIFIED,,92.6,79.4,False
B1578,T269,V038,179670386,2024-01-11 20:30:00,QUALIFIED,,87.0,83.1,False
B1579,T269,V044,186134958,2024-01-02 21:30:00,QUALIFIED,,75.5,84.2,False
B1580,T269,V046,155903849,2024-01-13 02:30:00,QUALIFIED,,83.7,70.7,False
B1581,T269,V039,170176297,2024-01-14 22:30:00,QUALIFIED,,82.2,94.3,False
B1582,T269,V027,163314556,2024-01-09 03:30:00,QUALIFIED,,89.7,85.9,False
B1583,T269,V026,157002800,2024-01-18 00:30:00,QUALIFIED,,86.7,91.6,True
B1584,T270,V021,53059702,2024-01-14 20:30:00,QUALIFIED,,90.9,75.1,False
B1585,T270,V020,55211367,2024-01-03 22:30:00,QUALIFIED,,84.2,79.0,False
B1586,T270,V007,48287472,2024-01-24 22:30:00,DISQUALIFIED,Technical evaluation: non-compliant asphalt batching plant certification,52.7,0.0,False
B1587,T270,V047,49791086,2024-01-02 23:30:00,QUALIFIED,,86.3,79.9,False
B1588,T270,V006,53618022,2024-01-23 02:30:00,DISQUALIFIED,Technical evaluation: non-compliant asphalt batching plant certification,58.4,0.0,False
B1589,T270,V001,47706695,2024-01-09 23:30:00,QUALIFIED,,78.1,78.5,True
B1590,T271,V003,30843816,2024-01-22 00:30:00,QUALIFIED,,84.2,90.3,False
B1591,T271,V016,30348434,2024-01-18 00:30:00,QUALIFIED,,93.0,82.1,False
B1592,T271,V036,32187194,2024-01-23 21:30:00,QUALIFIED,,85.9,80.0,False
B1593,T271,V010,29313761,2024-01-11 23:30:00,QUALIFIED,,89.8,94.5,True
B1594,T271,V043,34470047,2024-01-19 21:30:00,QUALIFIED,,93.9,93.4,False
B1595,T271,V018,31443135,2024-01-14 02:30:00,QUALIFIED,,77.8,91.5,False
B1596,T271,V002,35615179,2024-01-21 01:30:00,DISQUALIFIED,Technical evaluation: non-compliant asphalt batching plant certification,62.8,0.0,False
B1597,T272,V030,91106189,2024-01-12 02:30:00,QUALIFIED,,78.6,84.0,False
B1598,T272,V018,92190654,2024-01-23 22:30:00,QUALIFIED,,89.8,71.6,False
B1599,T272,V037,88604283,2024-01-16 23:30:00,QUALIFIED,,90.3,87.8,False
B1600,T272,V004,81450459,2024-01-20 21:30:00,QUALIFIED,,79.5,81.3,True
B1601,T272,V040,91829528,2024-01-15 22:30:00,QUALIFIED,,91.8,82.7,False
B1602,T273,V005,185045111,2024-01-24 20:30:00,QUALIFIED,,82.0,72.4,False
B1603,T273,V034,170598340,2024-01-12 21:30:00,QUALIFIED,,85.0,91.2,False
B1604,T273,V027,151198460,2024-01-15 22:30:00,QUALIFIED,,78.7,80.8,True
B1605,T273,V047,165532721,2024-01-23 01:30:00,QUALIFIED,,79.2,78.8,False
B1606,T273,V011,178743582,2024-01-22 22:30:00,QUALIFIED,,77.0,76.4,False
B1607,T273,V013,186501268,2024-01-24 03:30:00,QUALIFIED,,77.0,70.0,False
B1608,T273,V016,190038800,2024-01-25 03:30:00,QUALIFIED,,81.4,90.0,False
B1609,T273,V039,176097921,2024-01-14 02:30:00,QUALIFIED,,79.0,85.5,False
B1610,T274,V010,43288460,2024-01-17 01:30:00,QUALIFIED,,78.5,72.5,False
B1611,T274,V029,44057251,2024-02-02 22:30:00,QUALIFIED,,94.5,83.7,False
B1612,T274,V002,45819179,2024-01-24 02:30:00,QUALIFIED,,76.4,76.2,False
B1613,T274,V040,43591048,2024-01-11 20:30:00,QUALIFIED,,83.5,79.0,False
B1614,T274,V003,43368318,2024-01-23 02:30:00,QUALIFIED,,92.8,72.3,True
B1615,T274,V035,48213826,2024-01-21 21:30:00,QUALIFIED,,88.5,77.1,False
B1616,T274,V008,43537873,2024-01-14 00:30:00,QUALIFIED,,88.2,80.1,False
B1617,T274,V020,45713124,2024-01-23 03:30:00,QUALIFIED,,81.8,82.1,False
B1618,T275,V048,16351611,2024-01-27 21:30:00,QUALIFIED,,79.0,94.1,True
B1619,T275,V037,17389126,2024-01-10 21:30:00,QUALIFIED,,86.0,74.5,False
B1620,T275,V035,18554108,2024-01-15 03:30:00,QUALIFIED,,77.1,93.7,False
B1621,T275,V012,20462391,2024-01-14 22:30:00,DISQUALIFIED,Technical evaluation: non-compliant asphalt batching plant certification,52.9,0.0,False
B1622,T275,V042,17953715,2024-01-17 03:30:00,DISQUALIFIED,Technical evaluation: non-compliant asphalt batching plant certification,55.3,0.0,False
B1623,T275,V021,20491533,2024-02-02 23:30:00,DISQUALIFIED,Technical evaluation: non-compliant asphalt batching plant certification,53.4,0.0,False
B1624,T275,V004,20174361,2024-01-10 22:30:00,QUALIFIED,,95.7,90.7,False
B1625,T275,V050,18557620,2024-01-10 21:30:00,DISQUALIFIED,Technical evaluation: non-compliant asphalt batching plant certification,52.0,0.0,False
B1626,T276,V045,171667520,2024-02-01 03:30:00,QUALIFIED,,83.3,87.4,False
B1627,T276,V001,161325372,2024-01-19 00:30:00,DISQUALIFIED,Technical evaluation: non-compliant asphalt batching plant certification,51.6,0.0,False
B1628,T276,V027,152233089,2024-01-14 20:30:00,DISQUALIFIED,Technical evaluation: non-compliant asphalt batching plant certification,57.5,0.0,False
B1629,T276,V048,152497611,2024-01-16 23:30:00,QUALIFIED,,90.0,87.4,False
B1630,T276,V025,156177080,2024-01-30 23:30:00,QUALIFIED,,80.5,89.0,False
B1631,T276,V018,159626564,2024-01-12 00:30:00,QUALIFIED,,86.6,82.4,False
B1632,T276,V013,141014290,2024-02-07 20:30:00,QUALIFIED,,85.1,72.8,True
B1633,T277,V039,20200013,2024-01-29 22:30:00,QUALIFIED,,93.0,76.3,True
B1634,T277,V003,21055118,2024-01-20 00:30:00,QUALIFIED,,76.2,79.5,False
B1635,T277,V043,24385967,2024-01-18 02:30:00,QUALIFIED,,88.2,78.4,False
B1636,T277,V033,23411533,2024-02-02 20:30:00,DISQUALIFIED,Technical evaluation: non-compliant asphalt batching plant certification,53.4,0.0,False
B1637,T277,V013,22579679,2024-01-17 01:30:00,QUALIFIED,,95.2,71.4,False
B1638,T277,V014,23254260,2024-01-21 03:30:00,QUALIFIED,,78.6,93.3,False
B1639,T277,V021,21896554,2024-01-30 02:30:00,QUALIFIED,,75.1,70.1,False
B1640,T278,V042,182917785,2024-01-20 20:30:00,QUALIFIED,,93.9,81.4,False
B1641,T278,V025,192105176,2024-01-25 01:30:00,QUALIFIED,,90.4,94.1,False
B1642,T278,V019,175199872,2024-01-24 01:30:00,QUALIFIED,,75.4,90.1,False
B1643,T278,V044,166782623,2024-01-17 21:30:00,QUALIFIED,,86.4,75.7,False
B1644,T278,V040,175674301,2024-01-21 00:30:00,QUALIFIED,,83.8,80.4,False
B1645,T278,V049,187078439,2024-01-17 21:30:00,QUALIFIED,,82.1,86.6,False
B1646,T278,V029,166408391,2024-01-16 00:30:00,QUALIFIED,,90.0,84.2,False
B1647,T278,V016,166273674,2024-01-12 22:30:00,QUALIFIED,,93.9,83.7,True
B1648,T279,V020,197181737,2024-01-15 21:30:00,QUALIFIED,,84.1,93.6,False
B1649,T279,V040,166630881,2024-01-30 21:30:00,QUALIFIED,,78.6,94.6,False
B1650,T279,V027,189798981,2024-02-01 21:30:00,QUALIFIED,,91.8,73.8,False
B1651,T279,V004,176954147,2024-01-30 01:30:00,QUALIFIED,,85.2,85.3,False
B1652,T279,V013,167742791,2024-01-21 03:30:00,QUALIFIED,,89.2,89.7,True
B1653,T279,V014,168814889,2024-02-06 03:30:00,QUALIFIED,,76.9,93.3,False
B1654,T279,V022,178372381,2024-01-14 01:30:00,QUALIFIED,,81.5,71.7,False
B1655,T280,V010,126094477,2024-01-25 20:30:00,QUALIFIED,,80.9,91.2,False
B1656,T280,V011,122138907,2024-02-09 01:30:00,QUALIFIED,,77.0,71.0,False
B1657,T280,V027,137706554,2024-01-27 21:30:00,QUALIFIED,,91.1,84.7,False
B1658,T280,V008,140360411,2024-01-31 20:30:00,QUALIFIED,,78.8,92.3,False
B1659,T280,V035,119393007,2024-01-21 22:30:00,QUALIFIED,,93.6,94.7,True
B1660,T281,V019,37330205,2024-01-26 21:30:00,QUALIFIED,,95.8,79.1,True
B1661,T281,V046,39347932,2024-01-28 23:30:00,QUALIFIED,,94.0,70.6,False
B1662,T281,V006,39871106,2024-02-09 03:30:00,QUALIFIED,,89.7,76.6,False
B1663,T281,V023,45254339,2024-02-04 03:30:00,QUALIFIED,,95.9,86.4,False
B1664,T281,V039,42579007,2024-02-04 03:30:00,QUALIFIED,,95.5,85.6,False
B1665,T281,V032,43176694,2024-02-13 23:30:00,QUALIFIED,,94.0,79.5,False
B1666,T282,V023,93252647,2024-02-08 20:30:00,QUALIFIED,,76.8,86.7,False
B1667,T282,V047,93944750,2024-01-26 02:30:00,DISQUALIFIED,Technical evaluation: non-compliant asphalt batching plant certification,51.8,0.0,False
B1668,T282,V017,102245796,2024-02-04 02:30:00,QUALIFIED,,76.4,84.3,False
B1669,T282,V036,85074893,2024-02-09 02:30:00,QUALIFIED,,75.2,70.3,True
B1670,T282,V013,103086719,2024-01-23 02:30:00,QUALIFIED,,88.1,91.8,False
B1671,T283,V006,164918755,2024-02-05 21:30:00,QUALIFIED,,86.1,81.9,False
B1672,T283,V046,152112121,2024-01-24 01:30:00,QUALIFIED,,84.9,88.3,True
B1673,T283,V001,177735259,2024-02-06 20:30:00,QUALIFIED,,75.1,74.4,False
B1674,T283,V028,164498969,2024-02-04 00:30:00,QUALIFIED,,89.8,71.9,False
B1675,T283,V044,164140515,2024-01-29 00:30:00,QUALIFIED,,88.3,84.8,False
B1676,T284,V049,132216819,2024-02-11 21:30:00,DISQUALIFIED,Technical evaluation: non-compliant asphalt batching plant certification,60.7,0.0,False
B1677,T284,V011,127813667,2024-02-13 02:30:00,QUALIFIED,,91.2,92.9,False
B1678,T284,V005,111604142,2024-01-25 02:30:00,QUALIFIED,,87.0,88.2,True
B1679,T284,V004,118443866,2024-02-01 20:30:00,QUALIFIED,,81.3,82.2,False
B1680,T284,V048,123797322,2024-01-21 00:30:00,QUALIFIED,,78.6,87.3,False
B1681,T284,V032,120583531,2024-01-29 22:30:00,QUALIFIED,,92.8,94.3,False
B1682,T285,V025,48857892,2024-01-24 01:30:00,QUALIFIED,,94.9,75.4,False
B1683,T285,V041,41962685,2024-01-30 01:30:00,QUALIFIED,,79.2,82.4,False
B1684,T285,V010,43225438,2024-01-27 23:30:00,QUALIFIED,,85.2,88.1,False
B1685,T285,V026,41133048,2024-02-08 20:30:00,QUALIFIED,,95.4,71.5,True
B1686,T285,V024,50370989,2024-02-11 22:30:00,QUALIFIED,,87.8,73.5,False
B1687,T285,V001,46432404,2024-01-30 00:30:00,QUALIFIED,,75.3,77.7,False
B1688,T286,V045,109849684,2024-02-08 00:30:00,QUALIFIED,,79.4,78.2,True
B1689,T286,V009,117078504,2024-01-24 22:30:00,QUALIFIED,,93.9,81.9,False
B1690,T286,V024,118196097,2024-02-10 22:30:00,QUALIFIED,,93.9,94.1,False
B1691,T286,V037,130087154,2024-02-03 00:30:00,QUALIFIED,,87.8,90.3,False
B1692,T286,V031,117450158,2024-02-02 20:30:00,QUALIFIED,,81.6,92.0,False
B1693,T286,V005,120654978,2024-02-16 22:30:00,DISQUALIFIED,Technical evaluation: non-compliant asphalt batching plant certification,56.9,0.0,False
B1694,T287,V031,113750439,2024-01-30 20:30:00,QUALIFIED,,86.8,89.6,True
B1695,T287,V016,140463757,2024-02-03 22:30:00,QUALIFIED,,86.3,90.6,False
B1696,T287,V015,132745468,2024-01-31 02:30:00,QUALIFIED,,76.3,92.1,False
B1697,T287,V041,129707593,2024-02-02 23:30:00,QUALIFIED,,82.9,87.5,False
B1698,T288,V024,60036354,2024-02-04 01:30:00,QUALIFIED,,90.9,72.7,False
B1699,T288,V030,58016748,2024-02-08 00:30:00,QUALIFIED,,84.5,74.1,False
B1700,T288,V050,56325125,2024-02-16 02:30:00,DISQUALIFIED,Technical evaluation: non-compliant asphalt batching plant certification,54.6,0.0,False
B1701,T288,V010,60391164,2024-02-11 22:30:00,QUALIFIED,,82.9,70.6,False
B1702,T288,V001,53935750,2024-02-05 21:30:00,QUALIFIED,,78.7,85.3,True
B1703,T289,V005,153312737,2024-02-03 22:30:00,QUALIFIED,,83.7,88.8,False
B1704,T289,V050,161310517,2024-02-23 21:30:00,QUALIFIED,,83.3,73.9,False
B1705,T289,V009,171574528,2024-02-13 20:30:00,QUALIFIED,,91.0,91.7,False
B1706,T289,V010,153076091,2024-02-24 03:30:00,DISQUALIFIED,Technical evaluation: non-compliant asphalt batching plant certification,61.8,0.0,False
B1707,T289,V007,153017802,2024-02-25 03:30:00,QUALIFIED,,79.9,73.8,False
B1708,T289,V034,149062232,2024-02-06 22:30:00,QUALIFIED,,83.1,85.9,True
B1709,T289,V011,158308053,2024-02-08 20:30:00,DISQUALIFIED,Technical evaluation: non-compliant asphalt batching plant certification,60.0,0.0,False
B1710,T290,V045,56222312,2024-02-11 03:30:00,QUALIFIED,,90.6,77.0,False
B1711,T290,V006,60153180,2024-02-11 21:30:00,QUALIFIED,,79.2,85.2,False
B1712,T290,V038,57615143,2024-02-17 23:30:00,QUALIFIED,,88.7,81.3,False
B1713,T290,V024,52965769,2024-02-07 21:30:00,QUALIFIED,,79.3,72.8,True
B1714,T290,V033,58221295,2024-02-25 00:30:00,QUALIFIED,,87.0,88.7,False
B1715,T290,V011,63319384,2024-02-07 00:30:00,QUALIFIED,,92.2,79.0,False
B1716,T291,V014,75534941,2024-02-16 20:30:00,QUALIFIED,,87.5,89.9,False
B1717,T291,V032,76464007,2024-02-15 02:30:00,QUALIFIED,,93.6,91.3,False
B1718,T291,V047,75783747,2024-02-21 23:30:00,QUALIFIED,,81.4,79.5,False
B1719,T291,V025,66636711,2024-02-17 02:30:00,QUALIFIED,,76.1,75.4,True
B1720,T291,V021,69679031,2024-02-08 22:30:00,DISQUALIFIED,Technical evaluation: non-compliant asphalt batching plant certification,55.8,0.0,False
B1721,T291,V030,67279965,2024-02-21 02:30:00,QUALIFIED,,80.5,93.3,False
B1722,T292,V047,173371320,2024-02-07 20:30:00,DISQUALIFIED,Technical evaluation: non-compliant asphalt batching plant certification,59.7,0.0,False
B1723,T292,V016,171467007,2024-02-17 21:30:00,DISQUALIFIED,Technical evaluation: non-compliant asphalt batching plant certification,57.0,0.0,False
B1724,T292,V030,166817262,2024-02-17 01:30:00,QUALIFIED,,95.4,84.4,True
B1725,T292,V038,165486584,2024-02-27 23:30:00,QUALIFIED,,90.1,75.1,False
B1726,T293,V045,68612886,2024-02-16 01:30:00,QUALIFIED,,93.9,88.2,False
B1727,T293,V032,69737431,2024-02-20 22:30:00,QUALIFIED,,87.2,79.3,False
B1728,T293,V015,75628926,2024-02-06 23:30:00,QUALIFIED,,89.1,92.2,False
B1729,T293,V046,71533089,2024-02-17 22:30:00,QUALIFIED,,76.8,76.3,False
B1730,T293,V004,64373151,2024-02-01 22:30:00,QUALIFIED,,84.5,83.5,False
B1731,T293,V019,62836140,2024-02-03 03:30:00,QUALIFIED,,82.2,93.0,True
B1732,T293,V024,75618298,2024-02-26 22:30:00,QUALIFIED,,92.5,74.0,False
B1733,T293,V006,73170146,2024-02-27 00:30:00,QUALIFIED,,83.3,90.6,False
B1734,T294,V008,34625944,2024-02-23 22:30:00,QUALIFIED,,89.4,94.7,False
B1735,T294,V021,30902307,2024-02-10 20:30:00,QUALIFIED,,89.6,88.8,False
B1736,T294,V047,33978771,2024-02-03 02:30:00,QUALIFIED,,94.2,87.4,False
B1737,T294,V024,31408840,2024-02-06 21:30:00,QUALIFIED,,79.4,86.0,False
B1738,T294,V036,35455241,2024-02-25 03:30:00,DISQUALIFIED,Technical evaluation: non-compliant asphalt batching plant certification,54.1,0.0,False
B1739,T294,V026,28436931,2024-02-05 02:30:00,QUALIFIED,,76.4,81.3,True
B1740,T294,V034,30231905,2024-02-19 21:30:00,DISQUALIFIED,Technical evaluation: non-compliant asphalt batching plant certification,58.4,0.0,False
B1741,T295,V044,80472249,2024-02-06 20:30:00,QUALIFIED,,83.1,83.5,False
B1742,T295,V032,81611310,2024-02-06 22:30:00,QUALIFIED,,89.4,94.9,False
B1743,T295,V003,78277126,2024-02-14 02:30:00,QUALIFIED,,85.0,83.6,True
B1744,T295,V021,81355452,2024-02-06 02:30:00,QUALIFIED,,90.7,76.0,False
B1745,T296,V044,83618073,2024-02-20 02:30:00,QUALIFIED,,85.5,81.6,True
B1746,T296,V009,93548416,2024-02-22 03:30:00,QUALIFIED,,77.5,82.9,False
B1747,T296,V038,84479582,2024-02-19 23:30:00,QUALIFIED,,75.8,85.0,False
B1748,T296,V050,88861586,2024-02-13 01:30:00,QUALIFIED,,76.6,82.1,False
B1749,T297,V015,14764191,2024-02-11 03:30:00,QUALIFIED,,82.7,87.5,False
B1750,T297,V046,13622093,2024-02-13 22:30:00,QUALIFIED,,88.3,72.7,True
B1751,T297,V029,15808132,2024-02-21 21:30:00,QUALIFIED,,83.9,71.6,False
B1752,T297,V045,15163780,2024-02-08 22:30:00,QUALIFIED,,85.6,76.1,False
B1753,T297,V008,17195971,2024-02-26 02:30:00,DISQUALIFIED,Technical evaluation: non-compliant asphalt batching plant certification,51.2,0.0,False
B1754,T297,V007,14931608,2024-02-23 20:30:00,QUALIFIED,,86.5,83.9,False
B1755,T297,V011,15821031,2024-02-09 01:30:00,QUALIFIED,,77.4,71.0,False
B1756,T298,V034,6978358,2024-02-16 20:30:00,QUALIFIED,,78.6,83.8,False
B1757,T298,V001,6930214,2024-03-01 01:30:00,QUALIFIED,,93.0,73.6,False
B1758,T298,V020,7103876,2024-02-17 02:30:00,QUALIFIED,,80.2,88.8,False
B1759,T298,V009,6226241,2024-02-21 00:30:00,QUALIFIED,,92.4,80.2,True
B1760,T298,V021,7093277,2024-03-01 22:30:00,QUALIFIED,,75.6,86.8,False
B1761,T298,V016,7325379,2024-02-19 20:30:00,QUALIFIED,,93.2,88.7,False
B1762,T298,V031,6280124,2024-02-12 21:30:00,QUALIFIED,,90.9,73.9,False
B1763,T298,V014,6893721,2024-02-22 20:30:00,QUALIFIED,,84.1,70.8,False
B1764,T299,V035,14468520,2024-02-11 01:30:00,QUALIFIED,,76.9,82.2,False
B1765,T299,V039,14344252,2024-02-17 02:30:00,QUALIFIED,,80.6,76.8,False
B1766,T299,V021,14192164,2024-02-17 00:30:00,QUALIFIED,,94.0,92.7,False
B1767,T299,V020,13303072,2024-02-21 23:30:00,QUALIFIED,,79.0,78.4,True
B1768,T299,V031,15293507,2024-02-24 23:30:00,QUALIFIED,,89.1,74.7,False
B1769,T299,V033,15114158,2024-02-28 23:30:00,QUALIFIED,,89.4,87.8,False
B1770,T300,V041,172979205,2024-02-19 20:30:00,QUALIFIED,,78.1,85.1,False
B1771,T300,V022,158146415,2024-02-25 21:30:00,DISQUALIFIED,Technical evaluation: non-compliant asphalt batching plant certification,52.6,0.0,False
B1772,T300,V012,179911111,2024-02-22 20:30:00,QUALIFIED,,86.6,90.5,False
B1773,T300,V042,166403585,2024-02-25 00:30:00,QUALIFIED,,95.6,85.7,False
B1774,T300,V032,165715160,2024-03-05 20:30:00,QUALIFIED,,81.6,73.5,False
B1775,T300,V024,154007365,2024-02-14 03:30:00,DISQUALIFIED,Technical evaluation: non-compliant asphalt batching plant certification,51.0,0.0,False
B1776,T300,V016,153513850,2024-02-20 23:30:00,QUALIFIED,,77.0,88.6,False
B1777,T300,V026,147505573,2024-03-08 03:30:00,QUALIFIED,,75.2,78.4,True
B1778,T301,V010,115827339,2024-02-24 00:30:00,QUALIFIED,,75.4,74.0,False
B1779,T301,V002,111230561,2024-02-16 23:30:00,QUALIFIED,,92.0,73.1,True
B1780,T301,V036,117595014,2024-02-23 00:30:00,QUALIFIED,,87.8,92.3,False
B1781,T301,V038,133558226,2024-02-28 02:30:00,DISQUALIFIED,Technical evaluation: non-compliant asphalt batching plant certification,59.4,0.0,False
B1782,T301,V021,122088470,2024-02-16 21:30:00,QUALIFIED,,79.9,91.2,False
B1783,T302,V044,41418435,2024-02-27 21:30:00,QUALIFIED,,87.7,79.3,False
B1784,T302,V032,47408638,2024-02-24 21:30:00,QUALIFIED,,83.5,75.4,False
B1785,T302,V028,40283026,2024-03-07 00:30:00,QUALIFIED,,90.0,92.5,True
B1786,T302,V034,44565831,2024-02-15 20:30:00,QUALIFIED,,89.4,84.1,False
B1787,T302,V022,46899943,2024-03-12 20:30:00,QUALIFIED,,75.5,84.3,False
B1788,T303,V018,118665518,2024-02-26 00:30:00,QUALIFIED,,95.6,79.1,False
B1789,T303,V024,114688737,2024-03-13 01:30:00,QUALIFIED,,76.9,87.4,True
B1790,T303,V017,114586961,2024-03-12 23:30:00,QUALIFIED,,81.2,91.5,False
B1791,T303,V031,120097876,2024-02-15 01:30:00,QUALIFIED,,81.5,83.0,False
B1792,T303,V011,118971373,2024-03-13 03:30:00,QUALIFIED,,91.4,91.8,False
B1793,T304,V046,158219003,2024-03-02 01:30:00,QUALIFIED,,94.6,76.1,False
B1794,T304,V005,141814386,2024-03-07 23:30:00,QUALIFIED,,75.4,82.6,False
B1795,T304,V049,143263132,2024-03-09 01:30:00,DISQUALIFIED,Technical evaluation: non-compliant asphalt batching plant certification,52.2,0.0,False
B1796,T304,V007,145535204,2024-02-22 22:30:00,QUALIFIED,,80.9,76.1,False
B1797,T304,V018,146825848,2024-03-10 00:30:00,QUALIFIED,,87.7,71.1,False
B1798,T304,V012,171151872,2024-03-09 03:30:00,QUALIFIED,,86.1,82.2,False
B1799,T304,V035,164267141,2024-02-24 21:30:00,QUALIFIED,,84.8,86.2,False
B1800,T304,V008,140281900,2024-02-16 21:30:00,QUALIFIED,,90.8,83.1,True
B1801,T305,V027,14471151,2024-03-03 21:30:00,QUALIFIED,,90.8,81.2,False
B1802,T305,V025,14046649,2024-03-05 23:30:00,QUALIFIED,,78.0,92.5,False
B1803,T305,V049,14878318,2024-03-01 20:30:00,QUALIFIED,,90.0,79.3,False
B1804,T305,V020,12032611,2024-03-05 21:30:00,QUALIFIED,,95.2,76.1,True
B1805,T305,V024,12865413,2024-02-19 02:30:00,QUALIFIED,,76.1,81.6,False
B1806,T305,V002,13505345,2024-02-18 21:30:00,DISQUALIFIED,Technical evaluation: non-compliant asphalt batching plant certification,54.1,0.0,False
B1807,T305,V021,14659087,2024-02-21 20:30:00,DISQUALIFIED,Technical evaluation: non-compliant asphalt batching plant certification,63.7,0.0,False
B1808,T305,V032,14728333,2024-03-07 22:30:00,QUALIFIED,,81.5,82.7,False
B1809,T306,V029,78304846,2024-02-17 22:30:00,QUALIFIED,,76.1,82.9,False
B1810,T306,V026,73191142,2024-02-22 20:30:00,QUALIFIED,,85.8,86.7,False
B1811,T306,V022,79635631,2024-02-19 02:30:00,QUALIFIED,,78.2,90.6,False
B1812,T306,V040,76330053,2024-02-22 23:30:00,QUALIFIED,,91.0,74.9,False
B1813,T306,V001,71270838,2024-02-28 21:30:00,QUALIFIED,,79.6,71.1,True
B1814,T307,V001,171544775,2024-03-06 20:30:00,QUALIFIED,,78.5,86.8,False
B1815,T307,V005,150511277,2024-02-21 20:30:00,QUALIFIED,,82.2,88.2,False
B1816,T307,V011,158573562,2024-02-27 23:30:00,QUALIFIED,,86.5,92.5,False
B1817,T307,V003,148404333,2024-02-22 22:30:00,QUALIFIED,,86.1,86.7,True
B1818,T307,V017,173056270,2024-02-24 23:30:00,QUALIFIED,,91.3,76.1,False
B1819,T308,V038,80470086,2024-03-09 00:30:00,QUALIFIED,,78.2,72.5,False
B1820,T308,V020,71464040,2024-03-04 21:30:00,QUALIFIED,,90.6,80.5,True
B1821,T308,V017,77043020,2024-03-14 00:30:00,QUALIFIED,,85.1,93.2,False
B1822,T308,V007,72986718,2024-03-06 03:30:00,QUALIFIED,,92.1,73.9,False
B1823,T309,V038,113308704,2024-03-03 01:30:00,QUALIFIED,,87.5,91.3,False
B1824,T309,V014,98819807,2024-03-11 03:30:00,QUALIFIED,,84.0,92.4,False
B1825,T309,V026,115981510,2024-02-22 01:30:00,QUALIFIED,,75.0,74.4,False
B1826,T309,V028,99495466,2024-03-01 22:30:00,QUALIFIED,,76.8,74.1,False
B1827,T309,V016,94152183,2024-03-10 03:30:00,QUALIFIED,,95.9,72.1,True
B1828,T309,V019,97561137,2024-03-13 00:30:00,QUALIFIED,,93.8,90.6,False
B1829,T309,V046,106841643,2024-03-04 23:30:00,QUALIFIED,,86.0,90.8,False
B1830,T310,V003,183180037,2024-03-04 23:30:00,QUALIFIED,,89.8,80.0,False
B1831,T310,V026,183070170,2024-03-11 23:30:00,QUALIFIED,,79.4,81.5,False
B1832,T310,V022,179621792,2024-03-25 02:30:00,DISQUALIFIED,Technical evaluation: non-compliant asphalt batching plant certification,62.3,0.0,False
B1833,T310,V043,149896803,2024-02-28 01:30:00,QUALIFIED,,78.1,71.8,True
B1834,T310,V011,181853490,2024-03-07 00:30:00,QUALIFIED,,84.1,73.1,False
B1835,T310,V045,177662973,2024-03-08 00:30:00,QUALIFIED,,88.8,79.1,False
B1836,T311,V043,18847168,2024-03-01 22:30:00,QUALIFIED,,90.8,91.7,False
B1837,T311,V026,16243828,2024-03-09 23:30:00,QUALIFIED,,85.2,94.7,False
B1838,T311,V046,16124778,2024-03-11 00:30:00,QUALIFIED,,85.4,76.9,False
B1839,T311,V021,16304671,2024-03-09 21:30:00,DISQUALIFIED,Technical evaluation: non-compliant asphalt batching plant certification,50.1,0.0,False
B1840,T311,V029,16831742,2024-03-04 22:30:00,QUALIFIED,,77.2,89.3,False
B1841,T311,V009,16089995,2024-03-09 00:30:00,QUALIFIED,,78.1,87.0,True
B1842,T311,V047,18484895,2024-02-27 23:30:00,QUALIFIED,,93.7,94.8,False
B1843,T312,V019,13068601,2024-03-11 20:30:00,QUALIFIED,,94.2,85.2,True
B1844,T312,V022,13888629,2024-03-15 00:30:00,QUALIFIED,,81.3,86.3,False
B1845,T312,V002,13347175,2024-03-17 23:30:00,QUALIFIED,,75.1,75.7,False
B1846,T312,V027,13862872,2024-02-27 20:30:00,QUALIFIED,,75.0,71.2,False
B1847,T313,V035,132441947,2024-03-06 22:30:00,QUALIFIED,,78.7,86.4,True
B1848,T313,V043,130289471,2024-03-04 02:30:00,QUALIFIED,,80.2,82.0,False
B1849,T313,V036,132645537,2024-03-15 01:30:00,QUALIFIED,,89.1,80.4,False
B1850,T313,V019,154935109,2024-03-18 01:30:00,QUALIFIED,,91.1,77.2,False
B1851,T313,V050,157475848,2024-03-27 02:30:00,QUALIFIED,,93.3,91.3,False
B1852,T314,V033,56582831,2024-03-09 01:30:00,QUALIFIED,,79.0,93.6,False
B1853,T314,V008,55926342,2024-03-01 02:30:00,QUALIFIED,,78.4,78.6,False
B1854,T314,V031,48025151,2024-03-03 00:30:00,QUALIFIED,,85.1,93.1,True
B1855,T314,V043,54959981,2024-03-19 22:30:00,QUALIFIED,,91.6,80.8,False
B1856,T314,V040,56771217,2024-03-08 00:30:00,QUALIFIED,,88.0,82.1,False
B1857,T314,V018,54493879,2024-03-18 00:30:00,QUALIFIED,,94.6,89.5,False
B1858,T314,V006,54196000,2024-03-05 21:30:00,QUALIFIED,,82.7,92.5,False
B1859,T315,V030,108128397,2024-03-02 01:30:00,QUALIFIED,,86.6,83.8,False
B1860,T315,V006,108038566,2024-03-17 03:30:00,QUALIFIED,,88.4,76.2,False
B1861,T315,V009,103597561,2024-03-06 23:30:00,DISQUALIFIED,Technical evaluation: non-compliant asphalt batching plant certification,51.5,0.0,False
B1862,T315,V007,111549091,2024-03-15 23:30:00,QUALIFIED,,96.0,77.0,False
B1863,T315,V039,94751517,2024-03-17 22:30:00,QUALIFIED,,76.6,77.7,True
B1864,T315,V034,98904164,2024-03-20 03:30:00,QUALIFIED,,81.9,87.8,False
B1865,T316,V014,37405587,2024-03-04 23:30:00,QUALIFIED,,88.8,72.5,False
B1866,T316,V038,31296734,2024-03-20 23:30:00,QUALIFIED,,94.3,80.5,True
B1867,T316,V006,36362605,2024-03-14 03:30:00,QUALIFIED,,77.0,93.6,False
B1868,T316,V015,31924843,2024-03-07 03:30:00,QUALIFIED,,82.6,83.5,False
B1869,T316,V004,33691244,2024-03-04 00:30:00,DISQUALIFIED,Technical evaluation: non-compliant asphalt batching plant certification,52.4,0.0,False
B1870,T316,V018,36298730,2024-03-04 02:30:00,QUALIFIED,,75.4,75.5,False
B1871,T316,V020,36703733,2024-03-17 00:30:00,QUALIFIED,,75.1,83.1,False
B1872,T316,V036,33752543,2024-03-15 20:30:00,QUALIFIED,,76.2,75.3,False
B1873,T317,V016,87083389,2024-03-30 02:30:00,QUALIFIED,,79.0,76.3,False
B1874,T317,V040,79252583,2024-03-25 02:30:00,QUALIFIED,,80.2,87.8,False
B1875,T317,V008,80937777,2024-03-23 03:30:00,QUALIFIED,,89.4,73.3,False
B1876,T317,V046,80728984,2024-03-27 03:30:00,QUALIFIED,,90.1,90.7,False
B1877,T317,V027,77374248,2024-03-26 22:30:00,QUALIFIED,,78.0,88.1,False
B1878,T317,V017,78202839,2024-03-18 22:30:00,QUALIFIED,,95.5,79.5,True
B1879,T318,V032,53263279,2024-03-28 03:30:00,QUALIFIED,,91.4,90.8,True
B1880,T318,V018,62767834,2024-03-20 00:30:00,QUALIFIED,,93.5,73.5,False
B1881,T318,V028,57364728,2024-03-11 03:30:00,QUALIFIED,,91.0,71.6,False
B1882,T318,V004,59381992,2024-03-19 00:30:00,QUALIFIED,,89.5,76.9,False
B1883,T318,V017,59640124,2024-03-13 23:30:00,QUALIFIED,,79.6,92.6,False
B1884,T319,V017,55718982,2024-03-30 00:30:00,QUALIFIED,,93.9,76.3,True
B1885,T319,V045,61559670,2024-03-12 01:30:00,QUALIFIED,,95.5,70.1,False
B1886,T319,V007,70453508,2024-03-22 21:30:00,QUALIFIED,,75.0,74.8,False
B1887,T319,V018,59868523,2024-03-23 21:30:00,QUALIFIED,,91.9,84.7,False
B1888,T319,V043,66347602,2024-03-11 22:30:00,DISQUALIFIED,Technical evaluation: non-compliant asphalt batching plant certification,56.6,0.0,False
B1889,T319,V034,60961722,2024-03-25 22:30:00,DISQUALIFIED,Technical evaluation: non-compliant asphalt batching plant certification,54.7,0.0,False
B1890,T319,V020,64387083,2024-03-25 22:30:00,QUALIFIED,,84.0,84.1,False
B1891,T319,V026,67105626,2024-03-30 01:30:00,QUALIFIED,,93.2,75.1,False
B1892,T320,V007,146127725,2024-03-13 20:30:00,QUALIFIED,,93.8,72.3,True
B1893,T320,V003,169556304,2024-03-15 02:30:00,DISQUALIFIED,Technical evaluation: non-compliant asphalt batching plant certification,53.5,0.0,False
B1894,T320,V017,159749874,2024-03-11 00:30:00,DISQUALIFIED,Technical evaluation: non-compliant asphalt batching plant certification,59.6,0.0,False
B1895,T320,V001,158023778,2024-03-13 03:30:00,QUALIFIED,,85.3,94.8,False
B1896,T320,V038,165701650,2024-03-24 02:30:00,DISQUALIFIED,Technical evaluation: non-compliant asphalt batching plant certification,58.2,0.0,False
B1897,T320,V027,169593809,2024-03-26 03:30:00,QUALIFIED,,82.3,78.9,False
B1898,T321,V048,29067968,2024-03-28 20:30:00,DISQUALIFIED,Technical evaluation: non-compliant asphalt batching plant certification,56.3,0.0,False
B1899,T321,V003,27879845,2024-04-06 02:30:00,QUALIFIED,,90.2,88.1,True
B1900,T321,V047,30070985,2024-03-13 23:30:00,QUALIFIED,,84.1,87.2,False
B1901,T321,V012,32842537,2024-04-01 20:30:00,QUALIFIED,,78.6,70.9,False
B1902,T321,V013,28934138,2024-03-11 21:30:00,DISQUALIFIED,Technical evaluation: non-compliant asphalt batching plant certification,60.7,0.0,False
B1903,T322,V038,135875670,2024-03-19 01:30:00,QUALIFIED,,91.7,77.0,False
B1904,T322,V050,119211164,2024-03-26 03:30:00,QUALIFIED,,81.2,89.3,False
B1905,T322,V022,124129352,2024-03-30 02:30:00,QUALIFIED,,77.7,71.3,False
B1906,T322,V029,114033715,2024-03-15 02:30:00,QUALIFIED,,86.8,79.9,True
B1907,T322,V011,128570409,2024-03-10 01:30:00,DISQUALIFIED,Technical evaluation: non-compliant asphalt batching plant certification,52.5,0.0,False
B1908,T322,V039,134005414,2024-03-28 00:30:00,QUALIFIED,,85.7,85.2,False
B1909,T322,V035,134212628,2024-03-25 02:30:00,QUALIFIED,,86.3,76.5,False
B1910,T322,V043,120937896,2024-03-28 01:30:00,DISQUALIFIED,Technical evaluation: non-compliant asphalt batching plant certification,56.9,0.0,False
B1911,T323,V048,187584752,2024-03-23 03:30:00,DISQUALIFIED,Technical evaluation: non-compliant asphalt batching plant certification,50.2,0.0,False
B1912,T323,V049,155500744,2024-04-02 03:30:00,QUALIFIED,,76.8,74.1,True
B1913,T323,V021,189706202,2024-03-13 02:30:00,DISQUALIFIED,Technical evaluation: non-compliant asphalt batching plant certification,52.7,0.0,False
B1914,T323,V030,197057507,2024-03-29 20:30:00,QUALIFIED,,86.3,79.3,False
B1915,T324,V006,103784520,2024-03-21 23:30:00,QUALIFIED,,94.1,71.9,False
B1916,T324,V035,95903687,2024-03-12 23:30:00,QUALIFIED,,91.6,77.9,False
B1917,T324,V010,101669826,2024-03-20 21:30:00,QUALIFIED,,75.9,71.2,False
B1918,T324,V039,105469265,2024-03-29 21:30:00,QUALIFIED,,82.2,79.0,False
B1919,T324,V043,102594619,2024-03-21 01:30:00,QUALIFIED,,86.8,75.9,False
B1920,T324,V001,88704294,2024-03-29 00:30:00,QUALIFIED,,95.8,79.2,True
B1921,T325,V014,105399043,2024-04-13 01:30:00,QUALIFIED,,76.3,90.0,False
B1922,T325,V016,117347454,2024-03-16 21:30:00,QUALIFIED,,86.1,92.3,False
B1923,T325,V027,117078411,2024-03-21 03:30:00,QUALIFIED,,90.4,94.1,False
B1924,T325,V039,111418485,2024-03-26 20:30:00,QUALIFIED,,94.5,82.9,False
B1925,T325,V040,95936378,2024-03-20 00:30:00,QUALIFIED,,86.1,71.6,True
B1926,T325,V036,103579293,2024-04-09 02:30:00,QUALIFIED,,83.4,86.9,False
B1927,T325,V030,113132620,2024-03-27 23:30:00,QUALIFIED,,78.3,76.1,False
B1928,T326,V030,141154412,2024-03-15 22:30:00,QUALIFIED,,93.2,71.1,False
B1929,T326,V003,148321808,2024-04-01 22:30:00,QUALIFIED,,89.3,77.3,False
B1930,T326,V025,164479638,2024-03-17 03:30:00,QUALIFIED,,84.9,77.7,False
B1931,T326,V019,138543461,2024-03-31 03:30:00,QUALIFIED,,91.2,88.3,True
B1932,T327,V019,91368220,2024-03-18 00:30:00,QUALIFIED,,91.1,78.9,False
B1933,T327,V044,102277839,2024-04-07 22:30:00,QUALIFIED,,77.6,88.2,False
B1934,T327,V041,88294717,2024-03-22 02:30:00,QUALIFIED,,76.9,87.8,True
B1935,T327,V004,95362871,2024-04-02 02:30:00,QUALIFIED,,87.7,75.0,False
B1936,T328,V047,67347950,2024-03-30 21:30:00,DISQUALIFIED,Technical evaluation: non-compliant asphalt batching plant certification,63.5,0.0,False
B1937,T328,V005,68581546,2024-03-24 03:30:00,DISQUALIFIED,Technical evaluation: non-compliant asphalt batching plant certification,52.6,0.0,False
B1938,T328,V006,68112321,2024-04-10 02:30:00,QUALIFIED,,83.7,83.7,False
B1939,T328,V049,59039764,2024-03-25 03:30:00,QUALIFIED,,80.1,79.4,True
B1940,T329,V026,71366757,2024-04-17 02:30:00,QUALIFIED,,93.3,86.0,True
B1941,T329,V024,84022228,2024-04-14 23:30:00,QUALIFIED,,83.3,81.9,False
B1942,T329,V040,88211960,2024-04-12 21:30:00,QUALIFIED,,92.1,73.9,False
B1943,T329,V023,78296918,2024-03-20 01:30:00,DISQUALIFIED,Technical evaluation: non-compliant asphalt batching plant certification,56.3,0.0,False
B1944,T329,V009,80202033,2024-03-26 02:30:00,DISQUALIFIED,Technical evaluation: non-compliant asphalt batching plant certification,63.1,0.0,False
B1945,T330,V032,154260078,2024-04-14 01:30:00,QUALIFIED,,92.8,93.5,False
B1946,T330,V026,161414731,2024-03-21 03:30:00,QUALIFIED,,79.3,79.8,False
B1947,T330,V028,159718505,2024-04-15 03:30:00,QUALIFIED,,89.4,71.8,False
B1948,T330,V048,161313523,2024-04-11 02:30:00,QUALIFIED,,91.1,76.4,False
B1949,T330,V003,131166254,2024-04-15 21:30:00,QUALIFIED,,85.7,74.6,True
B1950,T331,V019,125870558,2024-03-30 20:30:00,QUALIFIED,,82.2,75.9,False
B1951,T331,V048,148821059,2024-03-30 01:30:00,QUALIFIED,,79.5,86.1,False
B1952,T331,V003,142177680,2024-04-13 03:30:00,DISQUALIFIED,Technical evaluation: non-compliant asphalt batching plant certification,55.2,0.0,False
B1953,T331,V008,144226920,2024-04-16 03:30:00,QUALIFIED,,95.9,84.5,False
B1954,T331,V016,119743564,2024-04-06 23:30:00,QUALIFIED,,87.1,93.4,True
B1955,T331,V020,144856813,2024-04-01 23:30:00,QUALIFIED,,78.5,88.9,False
B1956,T332,V010,155608129,2024-04-02 02:30:00,QUALIFIED,,91.2,92.2,False
B1957,T332,V035,165711578,2024-04-11 01:30:00,QUALIFIED,,77.3,91.0,False
B1958,T332,V024,173183354,2024-04-08 23:30:00,QUALIFIED,,91.3,80.7,False
B1959,T332,V038,165536529,2024-04-19 21:30:00,QUALIFIED,,75.5,83.9,False
B1960,T332,V025,141890751,2024-04-15 20:30:00,QUALIFIED,,91.0,94.3,True
B1961,T332,V041,148762641,2024-03-26 01:30:00,QUALIFIED,,81.5,93.6,False
B1962,T333,V019,160006170,2024-03-29 22:30:00,QUALIFIED,,75.6,90.1,True
B1963,T333,V001,181199955,2024-03-31 22:30:00,QUALIFIED,,78.1,86.5,False
B1964,T333,V023,158382470,2024-04-01 21:30:00,QUALIFIED,,88.2,93.1,False
B1965,T333,V027,162450977,2024-03-26 21:30:00,DISQUALIFIED,Technical evaluation: non-compliant asphalt batching plant certification,61.6,0.0,False
B1966,T334,V035,98213939,2024-03-28 03:30:00,QUALIFIED,,78.4,88.8,False
B1967,T334,V010,82461526,2024-04-02 21:30:00,QUALIFIED,,94.1,79.7,False
B1968,T334,V016,99958419,2024-04-20 21:30:00,QUALIFIED,,76.6,86.7,False
B1969,T334,V038,96728534,2024-04-14 03:30:00,DISQUALIFIED,Technical evaluation: non-compliant asphalt batching plant certification,50.9,0.0,False
B1970,T334,V020,91702912,2024-04-04 23:30:00,DISQUALIFIED,Technical evaluation: non-compliant asphalt batching plant certification,58.8,0.0,False
B1971,T334,V033,78572379,2024-03-31 22:30:00,QUALIFIED,,76.1,80.2,True
B1972,T334,V018,85552506,2024-04-04 00:30:00,QUALIFIED,,94.9,86.1,False
B1973,T335,V039,63987131,2024-03-28 21:30:00,QUALIFIED,,87.5,78.6,False
B1974,T335,V019,65896070,2024-04-22 20:30:00,QUALIFIED,,92.3,93.1,False
B1975,T335,V026,70505574,2024-04-20 02:30:00,QUALIFIED,,80.5,79.9,False
B1976,T335,V011,65501318,2024-04-07 23:30:00,DISQUALIFIED,Technical evaluation: non-compliant asphalt batching plant certification,52.7,0.0,False
B1977,T335,V004,61472483,2024-04-18 02:30:00,QUALIFIED,,95.0,77.9,False
B1978,T335,V029,59382316,2024-04-20 00:30:00,QUALIFIED,,82.2,94.0,True
B1979,T335,V009,60294444,2024-04-08 02:30:00,QUALIFIED,,79.3,94.9,False
B1980,T336,V033,173485834,2024-04-06 21:30:00,QUALIFIED,,79.6,71.9,False
B1981,T336,V043,177512475,2024-04-08 23:30:00,QUALIFIED,,76.0,94.0,False
B1982,T336,V021,184016627,2024-04-08 03:30:00,QUALIFIED,,83.3,82.8,False
B1983,T336,V009,160030509,2024-04-14 21:30:00,QUALIFIED,,80.8,94.9,True
B1984,T336,V030,163247371,2024-04-11 23:30:00,QUALIFIED,,83.4,83.4,False
B1985,T337,V038,159134188,2024-04-07 01:30:00,QUALIFIED,,82.1,90.7,False
B1986,T337,V035,155002472,2024-03-29 20:30:00,QUALIFIED,,83.9,90.7,False
B1987,T337,V012,157555666,2024-04-03 00:30:00,QUALIFIED,,92.8,74.4,False
B1988,T337,V007,152095316,2024-04-09 21:30:00,DISQUALIFIED,Technical evaluation: non-compliant asphalt batching plant certification,53.2,0.0,False
B1989,T337,V041,134249743,2024-04-19 20:30:00,QUALIFIED,,91.5,84.7,True
B1990,T337,V013,153159431,2024-04-06 21:30:00,QUALIFIED,,95.9,81.3,False
B1991,T337,V017,152620427,2024-04-07 20:30:00,QUALIFIED,,83.5,89.5,False
B1992,T338,V044,98505190,2024-04-16 20:30:00,QUALIFIED,,89.4,80.1,False
B1993,T338,V011,101336315,2024-04-25 01:30:00,DISQUALIFIED,Technical evaluation: non-compliant asphalt batching plant certification,58.0,0.0,False
B1994,T338,V006,95708188,2024-04-14 20:30:00,QUALIFIED,,90.9,93.9,True
B1995,T338,V026,109843494,2024-04-09 23:30:00,QUALIFIED,,88.1,83.5,False
B1996,T338,V050,114561526,2024-03-31 03:30:00,QUALIFIED,,77.7,93.0,False
B1997,T338,V043,115972261,2024-04-02 03:30:00,QUALIFIED,,89.5,75.7,False
B1998,T339,V033,75434038,2024-04-13 20:30:00,QUALIFIED,,90.8,70.9,False
B1999,T339,V036,75841470,2024-04-27 22:30:00,QUALIFIED,,79.9,83.6,False
B2000,T339,V041,72906099,2024-04-15 00:30:00,QUALIFIED,,95.4,74.7,False
B2001,T339,V005,79794011,2024-04-15 23:30:00,QUALIFIED,,76.6,85.4,False
B2002,T339,V042,76756070,2024-04-08 20:30:00,QUALIFIED,,86.2,79.6,False
B2003,T339,V006,68690256,2024-04-10 21:30:00,QUALIFIED,,90.1,73.8,False
B2004,T339,V019,78380295,2024-04-20 00:30:00,QUALIFIED,,90.7,89.8,False
B2005,T339,V023,66040880,2024-04-09 03:30:00,QUALIFIED,,83.4,74.7,True
B2006,T340,V047,16445756,2024-04-27 23:30:00,QUALIFIED,,93.9,74.4,True
B2007,T340,V040,18980182,2024-04-05 22:30:00,QUALIFIED,,78.8,83.1,False
B2008,T340,V022,17984255,2024-04-21 00:30:00,QUALIFIED,,92.4,85.3,False
B2009,T340,V044,17025930,2024-04-26 01:30:00,QUALIFIED,,90.5,91.2,False
B2010,T340,V030,19130248,2024-04-07 00:30:00,QUALIFIED,,79.1,94.0,False
B2011,T340,V037,19598042,2024-04-04 02:30:00,QUALIFIED,,78.5,72.0,False
B2012,T340,V003,18750379,2024-04-23 01:30:00,QUALIFIED,,82.1,94.7,False
B2013,T341,V034,46630890,2024-04-09 21:30:00,QUALIFIED,,75.5,86.1,False
B2014,T341,V039,50635230,2024-04-19 22:30:00,DISQUALIFIED,Technical evaluation: non-compliant asphalt batching plant certification,54.5,0.0,False
B2015,T341,V044,50332845,2024-04-10 23:30:00,QUALIFIED,,79.7,74.9,False
B2016,T341,V024,51694642,2024-04-29 02:30:00,QUALIFIED,,77.4,82.0,False
B2017,T341,V007,45054173,2024-05-01 00:30:00,QUALIFIED,,86.0,87.6,True
B2018,T341,V015,51246877,2024-04-24 03:30:00,DISQUALIFIED,Technical evaluation: non-compliant asphalt batching plant certification,55.1,0.0,False
B2019,T342,V024,89370572,2024-04-15 02:30:00,QUALIFIED,,84.0,91.3,False
B2020,T342,V040,78140482,2024-04-11 23:30:00,QUALIFIED,,78.1,91.6,False
B2021,T342,V014,90597904,2024-04-22 02:30:00,DISQUALIFIED,Technical evaluation: non-compliant asphalt batching plant certification,55.0,0.0,False
B2022,T342,V027,84905063,2024-04-12 02:30:00,QUALIFIED,,86.0,84.0,False
B2023,T342,V031,87349140,2024-04-05 01:30:00,QUALIFIED,,75.1,79.0,False
B2024,T342,V001,74817996,2024-04-14 22:30:00,QUALIFIED,,83.4,92.3,True
B2025,T343,V029,21787338,2024-04-08 23:30:00,QUALIFIED,,82.1,84.7,False
B2026,T343,V018,21715961,2024-04-19 23:30:00,QUALIFIED,,77.7,94.0,False
B2027,T343,V020,21508756,2024-04-27 21:30:00,QUALIFIED,,75.5,93.3,False
B2028,T343,V011,18042239,2024-04-29 03:30:00,QUALIFIED,,81.4,86.0,False
B2029,T343,V009,20266051,2024-04-23 02:30:00,QUALIFIED,,77.8,91.9,False
B2030,T343,V032,18414014,2024-04-26 22:30:00,QUALIFIED,,93.2,71.7,True
B2031,T343,V022,18039602,2024-04-19 20:30:00,DISQUALIFIED,Technical evaluation: non-compliant asphalt batching plant certification,52.9,0.0,False
B2032,T343,V033,20444983,2024-04-13 01:30:00,QUALIFIED,,81.0,77.1,False
B2033,T344,V029,175302536,2024-05-03 22:30:00,QUALIFIED,,95.7,87.6,False
B2034,T344,V041,155052303,2024-04-29 00:30:00,QUALIFIED,,94.9,71.7,True
B2035,T344,V050,158294581,2024-04-12 01:30:00,QUALIFIED,,92.0,72.6,False
B2036,T344,V047,155568190,2024-04-12 02:30:00,QUALIFIED,,87.7,92.0,False
B2037,T344,V019,172027752,2024-04-17 23:30:00,QUALIFIED,,76.2,88.5,False
B2038,T344,V042,179762648,2024-04-22 00:30:00,QUALIFIED,,85.3,75.1,False
B2039,T344,V027,169053898,2024-04-27 03:30:00,QUALIFIED,,91.1,80.1,False
B2040,T345,V041,50358477,2024-05-07 20:30:00,QUALIFIED,,88.8,76.0,False
B2041,T345,V018,49940465,2024-05-10 01:30:00,QUALIFIED,,95.2,86.1,False
B2042,T345,V031,50702731,2024-04-14 00:30:00,QUALIFIED,,91.5,88.2,False
B2043,T345,V009,58504830,2024-05-02 03:30:00,QUALIFIED,,78.6,84.4,False
B2044,T345,V025,54772278,2024-04-29 21:30:00,QUALIFIED,,95.1,88.3,False
B2045,T345,V010,49602602,2024-05-08 23:30:00,QUALIFIED,,80.0,83.8,True
B2046,T345,V037,51336113,2024-05-02 22:30:00,QUALIFIED,,89.8,76.1,False
B2047,T345,V003,54883869,2024-04-29 22:30:00,QUALIFIED,,81.5,80.4,False
B2048,T346,V022,66031397,2024-04-12 20:30:00,DISQUALIFIED,Technical evaluation: non-compliant asphalt batching plant certification,58.0,0.0,False
B2049,T346,V017,63996203,2024-04-26 03:30:00,QUALIFIED,,89.0,84.9,False
B2050,T346,V049,67975362,2024-04-16 02:30:00,QUALIFIED,,89.9,90.4,False
B2051,T346,V037,60237883,2024-04-14 00:30:00,QUALIFIED,,75.6,86.9,False
B2052,T346,V032,70619049,2024-04-26 22:30:00,QUALIFIED,,91.6,91.6,False
B2053,T346,V040,65338814,2024-04-26 03:30:00,QUALIFIED,,80.6,83.9,False
B2054,T346,V008,66068406,2024-04-09 20:30:00,QUALIFIED,,85.6,84.2,False
B2055,T346,V012,57143363,2024-04-24 22:30:00,QUALIFIED,,89.0,78.9,True
B2056,T347,V037,13174257,2024-04-29 00:30:00,QUALIFIED,,93.3,84.3,True
B2057,T347,V021,16159459,2024-05-02 03:30:00,QUALIFIED,,88.5,74.2,False
B2058,T347,V008,16154648,2024-04-15 22:30:00,QUALIFIED,,76.9,75.0,False
B2059,T347,V030,14289432,2024-04-18 00:30:00,DISQUALIFIED,Technical evaluation: non-compliant asphalt batching plant certification,61.5,0.0,False
B2060,T348,V026,24738112,2024-04-30 02:30:00,QUALIFIED,,94.4,94.0,False
B2061,T348,V004,23702905,2024-04-14 01:30:00,QUALIFIED,,76.1,85.1,True
B2062,T348,V041,27976869,2024-05-03 02:30:00,DISQUALIFIED,Technical evaluation: non-compliant asphalt batching plant certification,55.6,0.0,False
B2063,T348,V010,24809739,2024-04-30 03:30:00,QUALIFIED,,90.2,81.2,False
B2064,T348,V047,27858604,2024-04-13 20:30:00,QUALIFIED,,79.2,85.6,False
B2065,T349,V030,150847323,2024-04-27 01:30:00,DISQUALIFIED,Technical evaluation: non-compliant asphalt batching plant certification,54.0,0.0,False
B2066,T349,V042,172396144,2024-04-14 21:30:00,QUALIFIED,,78.0,78.4,False
B2067,T349,V043,147867594,2024-04-14 22:30:00,QUALIFIED,,78.2,77.2,False
B2068,T349,V020,151637977,2024-04-18 00:30:00,QUALIFIED,,82.7,94.2,False
B2069,T349,V050,148806145,2024-05-04 03:30:00,QUALIFIED,,91.9,75.4,True
B2070,T350,V010,168117333,2024-04-25 22:30:00,QUALIFIED,,91.0,73.3,False
B2071,T350,V018,177617223,2024-05-05 02:30:00,QUALIFIED,,91.3,70.6,False
B2072,T350,V013,155190602,2024-05-11 21:30:00,QUALIFIED,,77.6,85.4,True
B2073,T350,V028,165863326,2024-04-25 20:30:00,QUALIFIED,,78.5,85.5,False
B2074,T351,V034,130352377,2024-05-19 00:30:00,QUALIFIED,,93.2,70.8,False
B2075,T351,V042,105490329,2024-05-17 22:30:00,QUALIFIED,,94.1,80.1,True
B2076,T351,V007,122537966,2024-04-20 22:30:00,QUALIFIED,,91.5,85.6,False
B2077,T351,V022,119578526,2024-04-26 22:30:00,QUALIFIED,,92.7,93.6,False
B2078,T351,V021,116758033,2024-05-13 01:30:00,QUALIFIED,,80.3,80.9,False
B2079,T351,V017,113439638,2024-05-16 02:30:00,QUALIFIED,,85.8,71.0,False
B2080,T352,V035,127782845,2024-05-09 03:30:00,QUALIFIED,,77.3,78.6,False
B2081,T352,V001,118177369,2024-05-11 00:30:00,QUALIFIED,,83.6,72.5,False
B2082,T352,V034,110997338,2024-04-21 00:30:00,QUALIFIED,,82.0,94.2,True
B2083,T352,V007,136849094,2024-05-03 22:30:00,QUALIFIED,,95.0,82.3,False
B2084,T353,V044,53220252,2024-05-05 03:30:00,QUALIFIED,,96.0,90.1,False
B2085,T353,V023,61629398,2024-04-18 21:30:00,QUALIFIED,,92.0,93.5,False
B2086,T353,V029,63260594,2024-04-24 21:30:00,QUALIFIED,,78.1,78.8,False
B2087,T353,V028,53607228,2024-05-01 01:30:00,QUALIFIED,,85.0,70.8,False
B2088,T353,V046,63911585,2024-04-25 21:30:00,QUALIFIED,,81.5,78.3,False
B2089,T353,V047,59517429,2024-05-06 02:30:00,DISQUALIFIED,Technical evaluation: non-compliant asphalt batching plant certification,58.2,0.0,False
B2090,T353,V039,60386365,2024-05-04 23:30:00,DISQUALIFIED,Technical evaluation: non-compliant asphalt batching plant certification,60.5,0.0,False
B2091,T353,V017,51255513,2024-05-01 02:30:00,QUALIFIED,,92.2,84.1,True
B2092,T354,V040,4769764,2024-04-29 21:30:00,QUALIFIED,,86.1,82.3,False
B2093,T354,V039,4246698,2024-05-13 00:30:00,QUALIFIED,,84.2,73.0,False
B2094,T354,V033,4411347,2024-04-25 23:30:00,DISQUALIFIED,Technical evaluation: non-compliant asphalt batching plant certification,62.7,0.0,False
B2095,T354,V003,4877855,2024-05-11 00:30:00,QUALIFIED,,95.0,82.1,False
B2096,T354,V038,4546278,2024-05-08 00:30:00,QUALIFIED,,91.0,80.9,False
B2097,T354,V020,3910919,2024-04-22 23:30:00,QUALIFIED,,87.2,92.8,True
B2098,T355,V014,23717528,2024-05-07 01:30:00,DISQUALIFIED,Technical evaluation: non-compliant asphalt batching plant certification,55.8,0.0,False
B2099,T355,V030,23808679,2024-05-03 03:30:00,QUALIFIED,,88.9,76.5,False
B2100,T355,V004,23845597,2024-04-26 02:30:00,QUALIFIED,,89.4,88.8,False
B2101,T355,V033,20103109,2024-05-04 20:30:00,QUALIFIED,,93.9,92.4,True
B2102,T356,V026,144854062,2024-04-30 00:30:00,QUALIFIED,,84.2,82.7,False
B2103,T356,V017,142516222,2024-05-23 01:30:00,DISQUALIFIED,Technical evaluation: non-compliant asphalt batching plant certification,50.4,0.0,False
B2104,T356,V020,145357497,2024-05-09 20:30:00,QUALIFIED,,89.0,90.7,False
B2105,T356,V035,135363934,2024-05-16 21:30:00,QUALIFIED,,81.3,80.1,False
B2106,T356,V009,151585414,2024-05-02 02:30:00,QUALIFIED,,85.7,82.5,False
B2107,T356,V011,132507514,2024-05-15 01:30:00,QUALIFIED,,87.6,80.6,True
B2108,T356,V008,155446807,2024-05-18 20:30:00,QUALIFIED,,83.2,93.6,False
B2109,T356,V029,148968655,2024-04-25 20:30:00,QUALIFIED,,76.1,71.1,False
B2110,T357,V036,29369379,2024-05-11 22:30:00,QUALIFIED,,82.4,89.5,False
B2111,T357,V042,28112593,2024-05-01 01:30:00,QUALIFIED,,75.9,85.1,False
B2112,T357,V016,27902265,2024-05-07 21:30:00,QUALIFIED,,80.2,76.6,False
B2113,T357,V012,28938304,2024-05-24 23:30:00,QUALIFIED,,81.6,71.6,False
B2114,T357,V032,25668522,2024-05-05 02:30:00,QUALIFIED,,78.4,93.3,False
B2115,T357,V019,28765025,2024-05-10 21:30:00,QUALIFIED,,86.5,70.0,False
B2116,T357,V044,26351960,2024-05-11 23:30:00,QUALIFIED,,86.2,83.3,True
B2117,T358,V039,36924336,2024-05-13 02:30:00,QUALIFIED,,87.3,88.9,True
B2118,T358,V037,43831033,2024-05-08 01:30:00,QUALIFIED,,93.3,87.9,False
B2119,T358,V005,38847332,2024-05-12 20:30:00,QUALIFIED,,93.8,78.5,False
B2120,T358,V028,45901414,2024-05-17 23:30:00,QUALIFIED,,85.7,80.0,False
B2121,T358,V002,44275325,2024-04-27 03:30:00,QUALIFIED,,82.6,93.9,False
B2122,T358,V040,44038729,2024-05-04 01:30:00,QUALIFIED,,87.9,80.7,False
B2123,T358,V048,43229209,2024-05-12 23:30:00,QUALIFIED,,91.5,80.4,False
B2124,T359,V041,20183284,2024-05-22 20:30:00,QUALIFIED,,85.9,94.9,False
B2125,T359,V003,23088100,2024-05-08 01:30:00,QUALIFIED,,88.2,93.7,False
B2126,T359,V035,19642476,2024-05-12 21:30:00,QUALIFIED,,89.6,83.7,True
B2127,T359,V048,21086723,2024-05-03 23:30:00,QUALIFIED,,93.2,78.2,False
B2128,T359,V001,22251111,2024-05-08 03:30:00,DISQUALIFIED,Technical evaluation: non-compliant asphalt batching plant certification,58.6,0.0,False
B2129,T359,V026,22815049,2024-05-17 03:30:00,QUALIFIED,,91.4,94.9,False
B2130,T359,V030,20812309,2024-05-04 03:30:00,QUALIFIED,,76.5,72.0,False
B2131,T359,V036,22648364,2024-05-25 00:30:00,QUALIFIED,,86.3,89.3,False
B2132,T360,V024,83483332,2024-05-03 23:30:00,QUALIFIED,,81.3,94.3,False
B2133,T360,V039,87017787,2024-05-21 23:30:00,QUALIFIED,,96.0,87.1,False
B2134,T360,V004,87435347,2024-05-05 21:30:00,QUALIFIED,,83.6,78.2,False
B2135,T360,V025,90280129,2024-05-18 03:30:00,QUALIFIED,,94.6,77.9,False
B2136,T360,V032,97827920,2024-05-07 20:30:00,QUALIFIED,,93.7,84.3,False
B2137,T360,V001,83726883,2024-05-13 22:30:00,QUALIFIED,,95.3,74.8,True
B2138,T361,V041,36727414,2024-05-10 22:30:00,QUALIFIED,,82.3,93.1,False
B2139,T361,V012,36379497,2024-05-01 21:30:00,QUALIFIED,,78.9,74.4,False
B2140,T361,V050,35286285,2024-05-08 21:30:00,QUALIFIED,,95.3,82.0,True
B2141,T361,V027,41381516,2024-05-13 21:30:00,QUALIFIED,,81.6,71.7,False
B2142,T361,V022,36523131,2024-05-21 01:30:00,QUALIFIED,,95.7,72.3,False
B2143,T362,V007,147456741,2024-05-15 01:30:00,QUALIFIED,,76.7,84.4,False
B2144,T362,V031,158877102,2024-05-18 20:30:00,QUALIFIED,,93.8,93.3,False
B2145,T362,V038,141536978,2024-05-25 21:30:00,QUALIFIED,,92.9,86.0,False
B2146,T362,V034,131484869,2024-05-26 02:30:00,QUALIFIED,,94.3,71.3,True
B2147,T363,V030,96651428,2024-05-16 01:30:00,QUALIFIED,,77.6,83.9,False
B2148,T363,V036,90587004,2024-05-07 22:30:00,QUALIFIED,,93.5,79.1,True
B2149,T363,V023,103972528,2024-05-16 03:30:00,DISQUALIFIED,Technical evaluation: non-compliant asphalt batching plant certification,63.2,0.0,False
B2150,T363,V041,94476962,2024-05-03 22:30:00,QUALIFIED,,84.8,88.5,False
B2151,T364,V044,40296112,2024-05-04 23:30:00,QUALIFIED,,89.2,74.2,False
B2152,T364,V040,39995848,2024-05-19 21:30:00,QUALIFIED,,92.2,92.4,False
B2153,T364,V047,41506325,2024-05-26 03:30:00,QUALIFIED,,76.4,89.6,False
B2154,T364,V006,46505567,2024-05-24 23:30:00,QUALIFIED,,88.3,70.8,False
B2155,T364,V029,43602741,2024-05-18 22:30:00,QUALIFIED,,85.6,73.6,False
B2156,T364,V046,43727977,2024-05-18 22:30:00,QUALIFIED,,93.5,70.3,False
B2157,T364,V026,39366837,2024-05-04 02:30:00,QUALIFIED,,85.8,87.9,True
B2158,T365,V017,76901475,2024-05-25 22:30:00,QUALIFIED,,89.5,81.9,True
B2159,T365,V043,85575606,2024-05-18 02:30:00,DISQUALIFIED,Technical evaluation: non-compliant asphalt batching plant certification,59.6,0.0,False
B2160,T365,V024,87765223,2024-05-06 22:30:00,QUALIFIED,,87.5,73.7,False
B2161,T365,V050,82952653,2024-05-15 23:30:00,QUALIFIED,,90.4,90.1,False
B2162,T365,V047,84744831,2024-05-19 01:30:00,QUALIFIED,,91.1,85.0,False
B2163,T365,V028,80532870,2024-05-21 20:30:00,QUALIFIED,,77.8,82.0,False
B2164,T366,V048,75815720,2024-05-28 00:30:00,QUALIFIED,,91.6,73.8,False
B2165,T366,V025,68944345,2024-05-12 20:30:00,DISQUALIFIED,Technical evaluation: non-compliant asphalt batching plant certification,62.9,0.0,False
B2166,T366,V046,69580204,2024-05-15 00:30:00,QUALIFIED,,85.9,82.9,False
B2167,T366,V017,64031026,2024-05-15 00:30:00,QUALIFIED,,78.5,73.0,True
B2168,T366,V012,79022055,2024-06-02 01:30:00,QUALIFIED,,93.7,70.4,False
B2169,T366,V018,77237834,2024-05-20 20:30:00,QUALIFIED,,77.4,92.8,False
B2170,T366,V009,74605657,2024-05-12 20:30:00,QUALIFIED,,77.6,83.7,False
B2171,T366,V014,79045198,2024-05-26 22:30:00,QUALIFIED,,77.0,71.5,False
B2172,T367,V049,198106185,2024-05-11 22:30:00,QUALIFIED,,91.6,70.9,False
B2173,T367,V036,174339270,2024-05-29 20:30:00,QUALIFIED,,83.5,74.6,False
B2174,T367,V042,180443034,2024-05-21 22:30:00,QUALIFIED,,87.4,80.9,False
B2175,T367,V009,159436249,2024-05-30 03:30:00,QUALIFIED,,84.2,94.3,True
B2176,T367,V013,191062489,2024-05-16 23:30:00,DISQUALIFIED,Technical evaluation: non-compliant asphalt batching plant certification,50.2,0.0,False
B2177,T367,V021,190310220,2024-05-18 23:30:00,QUALIFIED,,89.9,87.6,False
B2178,T367,V020,199012111,2024-05-22 23:30:00,DISQUALIFIED,Technical evaluation: non-compliant asphalt batching plant certification,56.3,0.0,False
B2179,T368,V024,166490328,2024-05-15 00:30:00,QUALIFIED,,78.0,83.4,False
B2180,T368,V050,151791198,2024-05-12 21:30:00,QUALIFIED,,78.3,85.2,True
B2181,T368,V036,178012313,2024-05-16 00:30:00,QUALIFIED,,86.7,83.0,False
B2182,T368,V049,173156001,2024-05-28 20:30:00,QUALIFIED,,89.3,86.0,False
B2183,T369,V037,11316691,2024-06-01 01:30:00,QUALIFIED,,89.7,94.7,False
B2184,T369,V030,10860217,2024-05-14 01:30:00,QUALIFIED,,83.0,77.6,True
B2185,T369,V025,11204509,2024-06-02 22:30:00,QUALIFIED,,94.8,89.6,False
B2186,T369,V002,11866998,2024-05-17 22:30:00,QUALIFIED,,77.5,82.2,False
B2187,T370,V044,151795224,2024-05-21 23:30:00,QUALIFIED,,78.0,93.6,False
B2188,T370,V042,135493341,2024-05-17 02:30:00,QUALIFIED,,92.0,92.0,False
B2189,T370,V036,151080586,2024-05-26 22:30:00,QUALIFIED,,77.8,90.6,False
B2190,T370,V010,135825570,2024-05-25 22:30:00,QUALIFIED,,92.5,78.0,False
B2191,T370,V018,147476486,2024-05-31 03:30:00,QUALIFIED,,78.0,91.1,False
B2192,T370,V006,136378857,2024-06-04 03:30:00,QUALIFIED,,76.0,85.8,False
B2193,T370,V039,122131928,2024-05-12 22:30:00,QUALIFIED,,83.6,93.8,True
B2194,T370,V038,138860059,2024-05-29 01:30:00,QUALIFIED,,93.2,94.8,False
B2195,T371,V016,5316402,2024-06-02 20:30:00,DISQUALIFIED,Technical evaluation: non-compliant asphalt batching plant certification,61.0,0.0,False
B2196,T371,V006,5482082,2024-06-02 02:30:00,DISQUALIFIED,Technical evaluation: non-compliant asphalt batching plant certification,55.2,0.0,False
B2197,T371,V009,4566993,2024-05-28 20:30:00,QUALIFIED,,77.3,90.4,False
B2198,T371,V027,4649713,2024-05-28 21:30:00,DISQUALIFIED,Technical evaluation: non-compliant asphalt batching plant certification,62.3,0.0,False
B2199,T371,V005,5288656,2024-05-26 20:30:00,DISQUALIFIED,Technical evaluation: non-compliant asphalt batching plant certification,58.0,0.0,False
B2200,T371,V025,4759915,2024-06-01 20:30:00,DISQUALIFIED,Technical evaluation: non-compliant asphalt batching plant certification,56.0,0.0,False
B2201,T371,V035,4445108,2024-06-03 03:30:00,QUALIFIED,,95.1,76.4,True
B2202,T372,V037,166189290,2024-05-19 22:30:00,QUALIFIED,,80.4,93.9,False
B2203,T372,V034,172269041,2024-05-20 02:30:00,QUALIFIED,,91.7,82.9,False
B2204,T372,V030,152579394,2024-05-16 00:30:00,QUALIFIED,,92.0,72.1,False
B2205,T372,V027,176546004,2024-06-11 03:30:00,QUALIFIED,,76.0,78.8,False
B2206,T372,V038,147326896,2024-05-21 00:30:00,QUALIFIED,,89.4,71.7,True
B2207,T373,V034,124163723,2024-06-01 00:30:00,QUALIFIED,,95.9,92.3,False
B2208,T373,V004,136307897,2024-05-22 00:30:00,QUALIFIED,,95.3,77.9,False
B2209,T373,V026,119288078,2024-05-17 23:30:00,QUALIFIED,,77.9,71.2,False
B2210,T373,V018,121857423,2024-05-23 20:30:00,QUALIFIED,,89.8,79.8,False
B2211,T373,V035,124641053,2024-05-27 22:30:00,DISQUALIFIED,Technical evaluation: non-compliant asphalt batching plant certification,63.5,0.0,False
B2212,T373,V028,109264740,2024-05-20 01:30:00,QUALIFIED,,90.3,70.2,True
B2213,T373,V003,114595877,2024-05-27 22:30:00,DISQUALIFIED,Technical evaluation: non-compliant asphalt batching plant certification,56.9,0.0,False
B2214,T374,V025,33157680,2024-06-16 01:30:00,QUALIFIED,,75.5,87.9,False
B2215,T374,V007,31241475,2024-06-04 22:30:00,QUALIFIED,,94.6,87.5,False
B2216,T374,V039,29468430,2024-06-08 03:30:00,QUALIFIED,,89.0,74.6,False
B2217,T374,V044,34507772,2024-05-28 03:30:00,DISQUALIFIED,Technical evaluation: non-compliant asphalt batching plant certification,62.0,0.0,False
B2218,T374,V002,33635575,2024-06-16 02:30:00,QUALIFIED,,82.1,91.6,False
B2219,T374,V010,34688806,2024-05-27 23:30:00,QUALIFIED,,93.7,78.5,False
B2220,T374,V022,31654948,2024-06-16 20:30:00,DISQUALIFIED,Technical evaluation: non-compliant asphalt batching plant certification,56.2,0.0,False
B2221,T374,V019,27887225,2024-06-10 20:30:00,QUALIFIED,,87.5,71.2,True
B2222,T375,V044,12347228,2024-06-13 03:30:00,QUALIFIED,,77.6,70.8,False
B2223,T375,V040,10841124,2024-06-17 23:30:00,DISQUALIFIED,Technical evaluation: non-compliant asphalt batching plant certification,57.6,0.0,False
B2224,T375,V014,11750739,2024-06-14 00:30:00,QUALIFIED,,82.1,85.4,False
B2225,T375,V020,12335414,2024-05-28 22:30:00,QUALIFIED,,80.1,79.3,False
B2226,T375,V001,11618870,2024-06-11 03:30:00,QUALIFIED,,76.5,71.5,False
B2227,T375,V048,10666829,2024-06-20 03:30:00,QUALIFIED,,83.4,80.7,True
B2228,T376,V033,158385648,2024-06-03 23:30:00,QUALIFIED,,95.2,79.4,False
B2229,T376,V018,136439275,2024-06-12 21:30:00,QUALIFIED,,85.3,79.4,True
B2230,T376,V045,166733975,2024-06-07 22:30:00,QUALIFIED,,79.6,85.8,False
B2231,T376,V044,166144223,2024-06-10 20:30:00,QUALIFIED,,83.0,76.4,False
B2232,T376,V009,168259979,2024-06-07 23:30:00,DISQUALIFIED,Technical evaluation: non-compliant asphalt batching plant certification,57.5,0.0,False
B2233,T376,V014,146770135,2024-06-12 01:30:00,QUALIFIED,,87.0,89.5,False
B2234,T376,V043,147823926,2024-06-05 23:30:00,QUALIFIED,,77.0,70.4,False
B2235,T377,V027,118875076,2024-06-09 01:30:00,QUALIFIED,,75.1,92.4,False
B2236,T377,V033,117519552,2024-05-24 22:30:00,QUALIFIED,,95.9,83.9,False
B2237,T377,V017,132634238,2024-05-25 22:30:00,QUALIFIED,,93.1,72.2,False
B2238,T377,V016,123563172,2024-05-26 23:30:00,QUALIFIED,,76.0,93.8,False
B2239,T377,V001,115319673,2024-06-12 03:30:00,QUALIFIED,,78.0,79.3,False
B2240,T377,V010,121864790,2024-06-18 23:30:00,QUALIFIED,,84.7,70.6,False
B2241,T377,V008,109438823,2024-06-22 20:30:00,QUALIFIED,,77.4,90.0,True
B2242,T377,V006,129362330,2024-06-09 03:30:00,QUALIFIED,,84.1,93.9,False
B2243,T378,V007,99544764,2024-06-18 22:30:00,QUALIFIED,,84.7,94.3,False
B2244,T378,V028,95541542,2024-06-17 21:30:00,QUALIFIED,,75.9,71.3,False
B2245,T378,V050,111733834,2024-06-03 00:30:00,QUALIFIED,,91.1,87.5,False
B2246,T378,V008,109097030,2024-06-19 21:30:00,QUALIFIED,,78.2,92.7,False
B2247,T378,V033,101667856,2024-06-12 23:30:00,QUALIFIED,,93.5,91.7,False
B2248,T378,V049,105157118,2024-05-23 01:30:00,QUALIFIED,,90.8,74.1,False
B2249,T378,V014,93313603,2024-06-10 23:30:00,QUALIFIED,,88.1,91.0,False
B2250,T378,V035,96742006,2024-06-15 03:30:00,QUALIFIED,,80.8,82.2,False
B2251,T378,V001,89535699,2024-06-11 01:30:00,QUALIFIED,,94.4,91.5,True
B2252,T379,V003,98488898,2024-06-16 01:30:00,QUALIFIED,,85.5,91.3,False
B2253,T379,V041,90116858,2024-05-23 02:30:00,QUALIFIED,,80.1,87.9,True
B2254,T379,V014,94933206,2024-05-27 01:30:00,QUALIFIED,,83.8,92.2,False
B2255,T379,V004,102255860,2024-06-08 00:30:00,DISQUALIFIED,Technical evaluation: non-compliant asphalt batching plant certification,63.8,0.0,False
B2256,T379,V018,95253805,2024-05-29 00:30:00,QUALIFIED,,84.2,81.5,False
B2257,T380,V027,147678874,2024-05-28 03:30:00,QUALIFIED,,78.3,88.7,False
B2258,T380,V044,154543458,2024-06-13 03:30:00,QUALIFIED,,92.7,88.5,False
B2259,T380,V048,163119966,2024-06-13 21:30:00,QUALIFIED,,78.2,72.0,False
B2260,T380,V005,141737959,2024-06-12 21:30:00,QUALIFIED,,85.2,82.5,True
B2261,T381,V006,103838543,2024-06-02 23:30:00,QUALIFIED,,91.4,77.5,False
B2262,T381,V037,103309216,2024-06-07 21:30:00,QUALIFIED,,89.4,85.1,False
B2263,T381,V033,98712130,2024-06-13 21:30:00,QUALIFIED,,82.2,77.6,True
B2264,T381,V026,115706308,2024-06-15 20:30:00,QUALIFIED,,92.8,79.6,False
B2265,T381,V024,111983334,2024-05-26 02:30:00,DISQUALIFIED,Technical evaluation: non-compliant asphalt batching plant certification,63.6,0.0,False
B2266,T382,V033,104134652,2024-05-28 21:30:00,QUALIFIED,,80.0,77.8,False
B2267,T382,V041,91469035,2024-06-24 21:30:00,QUALIFIED,,80.5,75.0,True
B2268,T382,V003,96457080,2024-06-20 01:30:00,QUALIFIED,,95.2,77.0,False
B2269,T382,V035,98794362,2024-06-21 22:30:00,QUALIFIED,,82.7,75.9,False
B2270,T382,V032,94670816,2024-06-21 03:30:00,QUALIFIED,,80.1,72.0,False
B2271,T382,V039,105944570,2024-05-30 20:30:00,QUALIFIED,,82.9,88.0,False
B2272,T382,V044,97049729,2024-06-12 21:30:00,QUALIFIED,,86.8,76.7,False
B2273,T382,V040,96303741,2024-06-12 21:30:00,QUALIFIED,,93.8,89.9,False
B2274,T383,V025,112420491,2024-06-16 02:30:00,QUALIFIED,,81.0,70.6,False
B2275,T383,V047,94836352,2024-06-19 22:30:00,QUALIFIED,,94.4,93.4,True
B2276,T383,V039,112643494,2024-06-11 02:30:00,QUALIFIED,,78.9,80.0,False
B2277,T383,V033,97112435,2024-06-08 21:30:00,QUALIFIED,,92.7,74.5,False
B2278,T383,V050,111367742,2024-06-13 03:30:00,QUALIFIED,,95.6,73.4,False
B2279,T383,V005,101631506,2024-05-29 02:30:00,QUALIFIED,,83.1,93.3,False
B2280,T383,V028,99986543,2024-05-29 23:30:00,QUALIFIED,,87.3,76.2,False
B2281,T384,V037,94476009,2024-06-29 02:30:00,QUALIFIED,,86.1,78.9,False
B2282,T384,V027,82056249,2024-06-23 02:30:00,QUALIFIED,,86.5,72.3,False
B2283,T384,V015,94962665,2024-06-12 22:30:00,QUALIFIED,,82.6,94.2,False
B2284,T384,V043,83950399,2024-06-18 21:30:00,QUALIFIED,,85.6,81.5,False
B2285,T384,V030,83743010,2024-05-30 03:30:00,DISQUALIFIED,Technical evaluation: non-compliant asphalt batching plant certification,52.7,0.0,False
B2286,T384,V048,81532540,2024-06-28 21:30:00,QUALIFIED,,91.7,91.9,True
B2287,T384,V007,93071410,2024-06-15 20:30:00,QUALIFIED,,77.8,80.7,False
B2288,T385,V010,59737777,2024-06-05 03:30:00,DISQUALIFIED,Technical evaluation: non-compliant asphalt batching plant certification,62.9,0.0,False
B2289,T385,V029,57892486,2024-06-05 01:30:00,QUALIFIED,,76.4,74.7,False
B2290,T385,V035,51765805,2024-06-20 02:30:00,QUALIFIED,,83.9,85.1,True
B2291,T385,V005,55020828,2024-06-08 02:30:00,QUALIFIED,,79.6,79.9,False
B2292,T385,V002,61491644,2024-06-04 02:30:00,QUALIFIED,,78.5,70.9,False
B2293,T385,V024,53847241,2024-06-13 22:30:00,QUALIFIED,,78.2,89.4,False
B2294,T386,V023,170397465,2024-06-21 01:30:00,DISQUALIFIED,Technical evaluation: non-compliant asphalt batching plant certification,55.1,0.0,False
B2295,T386,V043,178934632,2024-06-18 22:30:00,QUALIFIED,,79.8,80.7,False
B2296,T386,V044,180096516,2024-06-30 20:30:00,QUALIFIED,,94.1,83.8,False
B2297,T386,V014,178430834,2024-06-01 01:30:00,QUALIFIED,,85.5,94.0,False
B2298,T386,V016,188992450,2024-06-23 00:30:00,QUALIFIED,,77.1,82.3,False
B2299,T386,V010,167946439,2024-06-26 22:30:00,QUALIFIED,,95.0,94.5,False
B2300,T386,V011,170239131,2024-06-22 02:30:00,QUALIFIED,,85.4,89.8,False
B2301,T386,V045,162624961,2024-06-16 23:30:00,QUALIFIED,,91.4,82.0,True
B2302,T387,V041,42070304,2024-06-22 22:30:00,QUALIFIED,,89.1,88.5,False
B2303,T387,V007,41225516,2024-06-06 01:30:00,QUALIFIED,,95.1,80.1,False
B2304,T387,V049,39072876,2024-06-07 22:30:00,QUALIFIED,,79.4,86.4,True
B2305,T387,V039,47560450,2024-06-19 20:30:00,QUALIFIED,,80.1,91.4,False
B2306,T388,V036,136159530,2024-06-28 02:30:00,QUALIFIED,,83.1,80.0,False
B2307,T388,V020,128933396,2024-06-18 21:30:00,QUALIFIED,,92.4,81.8,False
B2308,T388,V050,137281992,2024-06-25 22:30:00,QUALIFIED,,91.6,71.1,False
B2309,T388,V008,136009428,2024-06-10 02:30:00,QUALIFIED,,94.7,86.5,False
B2310,T388,V042,124596611,2024-06-14 23:30:00,QUALIFIED,,76.5,84.2,True
B2311,T389,V014,109952807,2024-06-28 01:30:00,QUALIFIED,,75.4,74.2,True
B2312,T389,V038,134486914,2024-06-07 03:30:00,DISQUALIFIED,Technical evaluation: non-compliant asphalt batching plant certification,62.1,0.0,False
B2313,T389,V021,123108349,2024-06-24 02:30:00,QUALIFIED,,76.5,75.0,False
B2314,T389,V029,117126526,2024-06-05 21:30:00,QUALIFIED,,88.0,81.6,False
B2315,T389,V036,124776266,2024-06-13 21:30:00,DISQUALIFIED,Technical evaluation: non-compliant asphalt batching plant certification,63.4,0.0,False
B2316,T389,V032,122597449,2024-06-26 01:30:00,QUALIFIED,,93.8,75.8,False
B2317,T389,V023,130257729,2024-06-23 01:30:00,QUALIFIED,,83.2,89.1,False
B2318,T389,V012,122261393,2024-06-17 20:30:00,QUALIFIED,,83.8,75.9,False
B2319,T390,V022,158050015,2024-06-26 02:30:00,QUALIFIED,,78.3,84.7,False
B2320,T390,V020,158586856,2024-07-08 22:30:00,QUALIFIED,,82.9,94.8,False
B2321,T390,V013,165212491,2024-06-10 23:30:00,QUALIFIED,,89.9,70.0,False
B2322,T390,V002,160749451,2024-06-10 21:30:00,QUALIFIED,,86.4,89.1,False
B2323,T390,V033,163120950,2024-06-20 20:30:00,QUALIFIED,,94.4,92.1,False
B2324,T390,V044,140808141,2024-06-27 21:30:00,QUALIFIED,,93.7,80.7,True
B2325,T390,V038,178634290,2024-06-23 22:30:00,DISQUALIFIED,Technical evaluation: non-compliant asphalt batching plant certification,55.7,0.0,False
B2326,T391,V030,60955459,2024-06-22 21:30:00,QUALIFIED,,79.3,87.4,False
B2327,T391,V029,60311625,2024-06-27 01:30:00,QUALIFIED,,77.3,83.2,False
B2328,T391,V006,58820323,2024-06-20 21:30:00,QUALIFIED,,95.7,91.3,False
B2329,T391,V008,60545384,2024-06-10 22:30:00,QUALIFIED,,82.3,77.0,False
B2330,T391,V041,53696844,2024-06-19 23:30:00,QUALIFIED,,95.4,88.8,True
B2331,T392,V039,85758276,2024-06-20 23:30:00,QUALIFIED,,80.5,83.1,False
B2332,T392,V038,92483475,2024-06-18 01:30:00,QUALIFIED,,76.0,78.2,False
B2333,T392,V016,88081352,2024-06-19 20:30:00,QUALIFIED,,79.6,84.4,False
B2334,T392,V050,94918568,2024-06-18 23:30:00,DISQUALIFIED,Technical evaluation: non-compliant asphalt batching plant certification,52.2,0.0,False
B2335,T392,V048,97494982,2024-06-10 20:30:00,QUALIFIED,,89.5,72.9,False
B2336,T392,V017,89089600,2024-07-07 20:30:00,QUALIFIED,,93.9,83.0,False
B2337,T392,V018,84169196,2024-06-18 21:30:00,QUALIFIED,,84.9,84.6,False
B2338,T392,V049,82465088,2024-07-05 03:30:00,QUALIFIED,,80.1,71.1,True
B2339,T393,V048,95987345,2024-06-15 22:30:00,QUALIFIED,,93.0,91.6,True
B2340,T393,V023,110754147,2024-06-20 00:30:00,QUALIFIED,,82.1,86.9,False
B2341,T393,V007,109538069,2024-07-14 21:30:00,QUALIFIED,,76.7,84.3,False
B2342,T393,V009,104180106,2024-07-10 23:30:00,QUALIFIED,,86.6,74.7,False
B2343,T393,V050,114291447,2024-06-19 21:30:00,QUALIFIED,,76.5,93.4,False
B2344,T394,V016,81180987,2024-06-19 00:30:00,QUALIFIED,,75.4,75.8,False
B2345,T394,V013,85630638,2024-06-18 21:30:00,QUALIFIED,,86.3,70.7,False
B2346,T394,V020,77652462,2024-06-25 01:30:00,QUALIFIED,,87.0,77.0,True
B2347,T394,V030,90659671,2024-07-12 01:30:00,QUALIFIED,,88.7,86.2,False
B2348,T395,V010,18775064,2024-06-12 23:30:00,QUALIFIED,,83.9,78.5,True
B2349,T395,V015,21407561,2024-06-29 01:30:00,QUALIFIED,,77.8,94.9,False
B2350,T395,V035,22135856,2024-07-02 03:30:00,QUALIFIED,,77.8,80.0,False
B2351,T395,V024,23665596,2024-07-03 00:30:00,QUALIFIED,,79.8,75.5,False
B2352,T396,V029,22452110,2024-06-24 22:30:00,QUALIFIED,,81.6,92.5,False
B2353,T396,V028,20623634,2024-07-05 22:30:00,QUALIFIED,,76.6,92.6,False
B2354,T396,V010,24324484,2024-06-20 23:30:00,QUALIFIED,,78.6,70.7,False
B2355,T396,V050,21552294,2024-06-15 01:30:00,DISQUALIFIED,Technical evaluation: non-compliant asphalt batching plant certification,57.6,0.0,False
B2356,T396,V001,20089105,2024-06-14 03:30:00,QUALIFIED,,76.9,87.9,True
B2357,T397,V043,18666228,2024-06-17 22:30:00,QUALIFIED,,83.7,85.6,False
B2358,T397,V035,19353059,2024-07-07 23:30:00,DISQUALIFIED,Technical evaluation: non-compliant asphalt batching plant certification,55.0,0.0,False
B2359,T397,V030,18335871,2024-06-21 01:30:00,QUALIFIED,,84.9,73.7,False
B2360,T397,V047,18210516,2024-07-15 01:30:00,QUALIFIED,,87.6,90.1,False
B2361,T397,V007,18487372,2024-06-27 21:30:00,QUALIFIED,,86.2,87.8,False
B2362,T397,V031,16846785,2024-07-10 00:30:00,QUALIFIED,,85.2,85.7,True
B2363,T398,V003,28562754,2024-07-07 20:30:00,QUALIFIED,,93.0,91.6,True
B2364,T398,V016,31389382,2024-07-09 00:30:00,QUALIFIED,,82.4,84.7,False
B2365,T398,V045,32204853,2024-07-01 22:30:00,QUALIFIED,,81.7,92.1,False
B2366,T398,V023,33082056,2024-06-25 02:30:00,QUALIFIED,,78.0,82.3,False
B2367,T398,V048,30802605,2024-07-02 00:30:00,QUALIFIED,,84.5,74.1,False
B2368,T398,V036,30638573,2024-07-01 01:30:00,QUALIFIED,,82.9,79.4,False
B2369,T398,V027,30395110,2024-07-01 21:30:00,QUALIFIED,,79.0,74.9,False
B2370,T398,V040,32910253,2024-06-23 00:30:00,QUALIFIED,,81.1,77.6,False
B2371,T399,V011,151198363,2024-06-29 02:30:00,QUALIFIED,,93.4,74.7,False
B2372,T399,V001,148872438,2024-06-19 23:30:00,QUALIFIED,,94.0,79.9,False
B2373,T399,V024,147566519,2024-07-08 01:30:00,QUALIFIED,,87.6,77.9,False
B2374,T399,V040,125675155,2024-07-09 20:30:00,QUALIFIED,,94.3,81.9,True
B2375,T400,V006,151122307,2024-07-02 02:30:00,DISQUALIFIED,Technical evaluation: non-compliant asphalt batching plant certification,62.9,0.0,False
B2376,T400,V010,176174026,2024-06-28 00:30:00,DISQUALIFIED,Technical evaluation: non-compliant asphalt batching plant certification,58.3,0.0,False
B2377,T400,V039,142567972,2024-06-19 21:30:00,QUALIFIED,,79.9,76.1,True
B2378,T400,V009,167243121,2024-07-06 21:30:00,QUALIFIED,,88.1,77.4,False
B2379,T400,V002,170220466,2024-07-06 03:30:00,QUALIFIED,,76.6,86.6,False
B2380,T400,V042,165845184,2024-07-10 22:30:00,DISQUALIFIED,Technical evaluation: non-compliant asphalt batching plant certification,52.9,0.0,False
B2381,T400,V024,149753419,2024-06-21 03:30:00,DISQUALIFIED,Technical evaluation: non-compliant asphalt batching plant certification,58.0,0.0,False
B2382,T400,V037,172953308,2024-07-04 01:30:00,DISQUALIFIED,Technical evaluation: non-compliant asphalt batching plant certification,59.0,0.0,False
B2383,T401,V028,26819688,2024-07-12 02:30:00,QUALIFIED,,80.5,83.4,False
B2384,T401,V035,24402371,2024-07-06 01:30:00,QUALIFIED,,89.1,71.1,False
B2385,T401,V027,22080993,2024-06-26 20:30:00,QUALIFIED,,84.3,83.1,True
B2386,T401,V032,23707566,2024-07-04 22:30:00,QUALIFIED,,95.2,85.9,False
B2387,T401,V026,23886010,2024-07-02 23:30:00,QUALIFIED,,77.5,80.9,False
B2388,T402,V002,162800742,2024-07-05 00:30:00,QUALIFIED,,77.4,88.3,False
B2389,T402,V020,188730706,2024-06-25 02:30:00,DISQUALIFIED,Technical evaluation: non-compliant asphalt batching plant certification,62.1,0.0,False
B2390,T402,V045,154950782,2024-06-29 23:30:00,QUALIFIED,,87.1,83.2,True
B2391,T402,V005,179157244,2024-06-27 00:30:00,DISQUALIFIED,Technical evaluation: non-compliant asphalt batching plant certification,57.7,0.0,False
B2392,T402,V003,159249456,2024-06-29 21:30:00,QUALIFIED,,90.5,88.6,False
B2393,T403,V007,106744773,2024-07-09 00:30:00,QUALIFIED,,93.9,83.7,False
B2394,T403,V001,91096128,2024-07-04 01:30:00,QUALIFIED,,92.7,85.4,False
B2395,T403,V021,91330226,2024-07-23 03:30:00,QUALIFIED,,84.5,83.3,True
B2396,T403,V041,99432580,2024-06-26 21:30:00,QUALIFIED,,93.0,74.4,False
B2397,T403,V003,101827521,2024-07-12 21:30:00,QUALIFIED,,93.5,75.1,False
B2398,T404,V016,123929700,2024-07-18 00:30:00,QUALIFIED,,78.3,82.6,True
B2399,T404,V028,135250277,2024-07-13 01:30:00,DISQUALIFIED,Technical evaluation: non-compliant asphalt batching plant certification,57.6,0.0,False
B2400,T404,V036,145031662,2024-07-12 22:30:00,QUALIFIED,,84.7,85.0,False
B2401,T404,V020,154723545,2024-07-03 20:30:00,QUALIFIED,,94.7,88.4,False
B2402,T405,V011,148618779,2024-07-02 01:30:00,QUALIFIED,,84.3,80.2,False
B2403,T405,V001,140205330,2024-07-05 02:30:00,QUALIFIED,,87.5,84.5,False
B2404,T405,V041,142177650,2024-07-13 23:30:00,QUALIFIED,,85.4,88.4,False
B2405,T405,V035,121079207,2024-06-29 01:30:00,QUALIFIED,,89.7,79.4,True
B2406,T405,V034,146597646,2024-07-08 21:30:00,QUALIFIED,,87.8,78.8,False
B2407,T405,V007,150224648,2024-07-16 22:30:00,QUALIFIED,,81.5,82.7,False
B2408,T405,V042,143054188,2024-07-15 22:30:00,QUALIFIED,,87.6,86.8,False
B2409,T405,V018,144759540,2024-07-20 20:30:00,QUALIFIED,,93.6,84.5,False
B2410,T406,V049,178258195,2024-07-06 03:30:00,QUALIFIED,,87.5,77.7,False
B2411,T406,V029,184972732,2024-07-14 22:30:00,QUALIFIED,,92.9,77.1,False
B2412,T406,V037,171084738,2024-07-07 00:30:00,QUALIFIED,,91.8,91.2,False
B2413,T406,V040,154553842,2024-07-09 00:30:00,QUALIFIED,,81.1,81.5,True
B2414,T407,V035,123244565,2024-07-19 01:30:00,DISQUALIFIED,Technical evaluation: non-compliant asphalt batching plant certification,62.4,0.0,False
B2415,T407,V002,104579650,2024-07-17 01:30:00,QUALIFIED,,75.8,80.0,False
B2416,T407,V017,116106045,2024-07-01 03:30:00,DISQUALIFIED,Technical evaluation: non-compliant asphalt batching plant certification,57.6,0.0,False
B2417,T407,V019,109865893,2024-07-02 23:30:00,QUALIFIED,,77.2,75.5,False
B2418,T407,V021,116181307,2024-07-12 00:30:00,QUALIFIED,,91.9,78.2,False
B2419,T407,V001,110629821,2024-07-03 00:30:00,QUALIFIED,,90.5,76.5,False
B2420,T407,V039,105915688,2024-07-25 22:30:00,QUALIFIED,,83.7,91.6,True
B2421,T407,V011,104207647,2024-06-29 20:30:00,QUALIFIED,,94.2,71.2,False
B2422,T408,V025,123504411,2024-07-02 23:30:00,QUALIFIED,,87.0,82.6,False
B2423,T408,V019,103755950,2024-07-20 02:30:00,QUALIFIED,,86.1,74.0,True
B2424,T408,V007,124682775,2024-07-19 03:30:00,DISQUALIFIED,Technical evaluation: non-compliant asphalt batching plant certification,60.5,0.0,False
B2425,T408,V036,114614161,2024-07-17 03:30:00,QUALIFIED,,94.3,77.6,False
B2426,T408,V017,126711028,2024-07-16 03:30:00,QUALIFIED,,80.8,78.6,False
B2427,T408,V037,114484803,2024-07-07 22:30:00,QUALIFIED,,94.7,79.4,False
B2428,T409,V028,82825836,2024-07-22 23:30:00,QUALIFIED,,84.2,70.7,True
B2429,T409,V012,93962564,2024-07-05 21:30:00,QUALIFIED,,81.1,89.6,False
B2430,T409,V049,91675566,2024-07-21 21:30:00,QUALIFIED,,77.0,90.6,False
B2431,T409,V048,89134334,2024-07-21 22:30:00,DISQUALIFIED,Technical evaluation: non-compliant asphalt batching plant certification,61.6,0.0,False
B2432,T409,V008,102466979,2024-07-17 22:30:00,QUALIFIED,,79.6,74.2,False
B2433,T409,V039,99926749,2024-08-02 03:30:00,QUALIFIED,,83.3,86.5,False
B2434,T410,V035,70503103,2024-07-15 22:30:00,QUALIFIED,,87.3,77.6,False
B2435,T410,V042,72187750,2024-07-14 01:30:00,QUALIFIED,,81.6,80.2,False
B2436,T410,V050,64940245,2024-07-15 20:30:00,QUALIFIED,,82.7,72.1,True
B2437,T410,V047,63941670,2024-07-15 03:30:00,QUALIFIED,,88.4,79.1,False
B2438,T410,V016,71087998,2024-07-19 20:30:00,QUALIFIED,,80.7,75.8,False
B2439,T410,V040,67960177,2024-07-22 22:30:00,QUALIFIED,,81.2,91.8,False
B2440,T411,V013,132109700,2024-07-07 03:30:00,QUALIFIED,,77.6,75.4,False
B2441,T411,V017,114156554,2024-07-22 00:30:00,QUALIFIED,,80.0,86.1,True
B2442,T411,V019,143061625,2024-07-18 21:30:00,QUALIFIED,,85.8,82.7,False
B2443,T411,V039,142327792,2024-07-07 02:30:00,QUALIFIED,,78.7,83.6,False
B2444,T411,V014,124673754,2024-07-14 21:30:00,QUALIFIED,,89.4,77.8,False
B2445,T411,V003,122787666,2024-07-14 21:30:00,QUALIFIED,,88.9,93.2,False
B2446,T411,V022,138236271,2024-07-09 03:30:00,DISQUALIFIED,Technical evaluation: non-compliant asphalt batching plant certification,57.9,0.0,False
B2447,T412,V048,80788523,2024-07-16 01:30:00,QUALIFIED,,87.1,92.2,False
B2448,T412,V025,87426526,2024-07-14 23:30:00,QUALIFIED,,82.2,85.2,False
B2449,T412,V011,76778406,2024-07-28 03:30:00,QUALIFIED,,77.4,83.3,True
B2450,T412,V038,86196092,2024-07-13 00:30:00,QUALIFIED,,86.2,75.8,False
B2451,T412,V026,92381289,2024-07-05 22:30:00,QUALIFIED,,89.8,83.5,False
B2452,T412,V047,83825421,2024-07-11 23:30:00,QUALIFIED,,78.6,77.4,False
B2453,T412,V005,81649014,2024-07-11 23:30:00,QUALIFIED,,94.7,91.0,False
B2454,T413,V041,112116455,2024-07-06 03:30:00,QUALIFIED,,76.5,88.6,False
B2455,T413,V046,106365558,2024-07-15 02:30:00,QUALIFIED,,81.3,83.5,False
B2456,T413,V037,110002653,2024-07-18 02:30:00,QUALIFIED,,94.5,88.8,False
B2457,T413,V023,107732740,2024-07-23 22:30:00,QUALIFIED,,91.6,89.9,False
B2458,T413,V034,93379489,2024-07-17 01:30:00,QUALIFIED,,86.0,79.8,True
B2459,T413,V009,107614258,2024-07-30 01:30:00,QUALIFIED,,88.4,75.2,False
B2460,T414,V006,38332438,2024-07-31 02:30:00,QUALIFIED,,87.1,79.3,False
B2461,T414,V018,33083659,2024-07-13 21:30:00,QUALIFIED,,79.6,89.7,False
B2462,T414,V022,32685270,2024-07-21 03:30:00,QUALIFIED,,84.8,88.7,False
B2463,T414,V037,37321615,2024-07-21 00:30:00,QUALIFIED,,83.3,88.7,False
B2464,T414,V001,30700614,2024-07-26 02:30:00,QUALIFIED,,75.2,94.0,True
B2465,T414,V002,35709924,2024-07-10 23:30:00,QUALIFIED,,93.2,78.7,False
B2466,T414,V040,33735684,2024-07-14 03:30:00,QUALIFIED,,89.5,78.2,False
B2467,T414,V043,35726120,2024-08-04 02:30:00,DISQUALIFIED,Technical evaluation: non-compliant asphalt batching plant certification,54.6,0.0,False
B2468,T415,V014,128498058,2024-07-12 21:30:00,QUALIFIED,,79.4,76.0,False
B2469,T415,V025,135370125,2024-07-10 03:30:00,QUALIFIED,,86.4,94.4,False
B2470,T415,V026,144479082,2024-07-19 02:30:00,QUALIFIED,,95.1,81.3,False
B2471,T415,V009,125892588,2024-07-11 22:30:00,QUALIFIED,,92.2,76.0,False
B2472,T415,V029,132027320,2024-07-26 22:30:00,QUALIFIED,,93.4,72.5,False
B2473,T415,V006,116214806,2024-07-20 03:30:00,QUALIFIED,,88.9,91.0,True
B2474,T415,V050,142810496,2024-07-16 20:30:00,QUALIFIED,,75.6,74.0,False
B2475,T416,V017,4574536,2024-07-14 20:30:00,QUALIFIED,,95.1,78.1,True
B2476,T416,V005,5320880,2024-07-23 23:30:00,QUALIFIED,,80.6,94.4,False
B2477,T416,V046,5389099,2024-08-02 00:30:00,QUALIFIED,,86.5,73.4,False
B2478,T416,V044,5405080,2024-08-02 23:30:00,QUALIFIED,,83.8,80.6,False
B2479,T416,V027,5360830,2024-07-18 02:30:00,QUALIFIED,,80.4,76.8,False
B2480,T416,V049,4582851,2024-07-10 00:30:00,QUALIFIED,,91.7,93.2,False
B2481,T417,V035,131321470,2024-07-15 00:30:00,QUALIFIED,,91.1,83.4,False
B2482,T417,V049,152632263,2024-08-01 20:30:00,QUALIFIED,,80.6,74.9,False
B2483,T417,V018,145783485,2024-07-24 02:30:00,QUALIFIED,,90.9,91.0,False
B2484,T417,V040,150667423,2024-07-13 03:30:00,QUALIFIED,,94.9,84.8,False
B2485,T417,V033,149009376,2024-08-03 20:30:00,QUALIFIED,,84.9,86.3,False
B2486,T417,V030,125365792,2024-07-21 00:30:00,QUALIFIED,,90.4,75.4,True
B2487,T417,V048,136017684,2024-07-21 20:30:00,DISQUALIFIED,Technical evaluation: non-compliant asphalt batching plant certification,53.5,0.0,False
B2488,T417,V021,134614473,2024-08-06 03:30:00,QUALIFIED,,77.4,93.8,False
B2489,T418,V017,59868060,2024-07-21 03:30:00,QUALIFIED,,82.5,81.5,False
B2490,T418,V005,47652364,2024-07-15 23:30:00,QUALIFIED,,76.4,71.4,True
B2491,T418,V042,57681801,2024-07-17 23:30:00,DISQUALIFIED,Technical evaluation: non-compliant asphalt batching plant certification,53.0,0.0,False
B2492,T418,V011,53193454,2024-07-16 00:30:00,QUALIFIED,,88.5,71.5,False
B2493,T419,V038,168588975,2024-07-22 23:30:00,QUALIFIED,,87.1,75.1,False
B2494,T419,V047,169507598,2024-08-10 20:30:00,QUALIFIED,,91.7,74.6,False
B2495,T419,V048,163826574,2024-08-03 01:30:00,QUALIFIED,,77.3,90.7,False
B2496,T419,V036,155369652,2024-08-03 23:30:00,QUALIFIED,,83.0,80.8,True
B2497,T420,V010,143536614,2024-07-28 21:30:00,QUALIFIED,,83.7,73.4,False
B2498,T420,V050,138082927,2024-07-29 21:30:00,QUALIFIED,,87.3,70.2,False
B2499,T420,V003,121440840,2024-07-16 22:30:00,QUALIFIED,,75.6,72.4,True
B2500,T420,V039,129494824,2024-07-26 03:30:00,DISQUALIFIED,Technical evaluation: non-compliant asphalt batching plant certification,56.5,0.0,False
B2501,T421,V025,12387032,2024-08-12 03:30:00,QUALIFIED,,80.3,91.8,False
B2502,T421,V037,13838447,2024-08-06 21:30:00,QUALIFIED,,96.0,72.8,False
B2503,T421,V003,12450083,2024-07-21 02:30:00,QUALIFIED,,75.1,76.4,False
B2504,T421,V033,12648823,2024-08-14 01:30:00,QUALIFIED,,91.0,77.3,False
B2505,T421,V031,14034319,2024-07-18 01:30:00,QUALIFIED,,78.0,86.2,False
B2506,T421,V005,12061817,2024-08-05 01:30:00,QUALIFIED,,87.3,88.9,False
B2507,T421,V042,12385449,2024-07-23 03:30:00,QUALIFIED,,81.4,90.6,False
B2508,T421,V050,12199276,2024-07-31 01:30:00,QUALIFIED,,82.9,70.6,True
B2509,T422,V006,165716084,2024-07-30 22:30:00,QUALIFIED,,82.4,79.6,False
B2510,T422,V042,165629581,2024-08-08 02:30:00,QUALIFIED,,94.5,84.5,False
B2511,T422,V030,189975850,2024-08-05 21:30:00,QUALIFIED,,83.5,88.9,False
B2512,T422,V039,170913180,2024-07-22 21:30:00,QUALIFIED,,86.7,89.8,False
B2513,T422,V020,192262695,2024-07-25 21:30:00,QUALIFIED,,84.7,95.0,False
B2514,T422,V036,165003204,2024-07-25 23:30:00,QUALIFIED,,81.6,76.5,True
B2515,T422,V002,178648393,2024-08-03 20:30:00,QUALIFIED,,86.7,72.2,False
B2516,T423,V004,83290848,2024-07-24 01:30:00,QUALIFIED,,91.5,94.5,False
B2517,T423,V026,74597181,2024-08-07 21:30:00,QUALIFIED,,80.7,93.6,True
B2518,T423,V037,77502146,2024-08-11 02:30:00,QUALIFIED,,95.3,80.3,False
B2519,T423,V048,81349365,2024-08-11 01:30:00,QUALIFIED,,75.2,71.6,False
B2520,T424,V002,109803390,2024-07-28 20:30:00,QUALIFIED,,77.3,70.1,False
B2521,T424,V036,93076540,2024-08-18 02:30:00,QUALIFIED,,80.3,80.2,True
B2522,T424,V034,93999755,2024-08-17 21:30:00,QUALIFIED,,90.6,73.8,False
B2523,T424,V025,98646060,2024-07-23 00:30:00,QUALIFIED,,90.6,84.5,False
B2524,T425,V028,16698819,2024-08-10 21:30:00,DISQUALIFIED,Technical evaluation: non-compliant asphalt batching plant certification,51.4,0.0,False
B2525,T425,V031,17166309,2024-08-04 02:30:00,QUALIFIED,,86.0,72.1,False
B2526,T425,V017,14863321,2024-07-29 22:30:00,QUALIFIED,,81.9,73.5,False
B2527,T425,V025,16354670,2024-07-23 23:30:00,QUALIFIED,,75.4,85.9,False
B2528,T425,V016,14799746,2024-07-28 03:30:00,QUALIFIED,,76.4,75.1,True
B2529,T425,V003,16941789,2024-08-09 21:30:00,QUALIFIED,,84.4,79.4,False
B2530,T425,V004,16359083,2024-07-29 23:30:00,QUALIFIED,,93.7,76.8,False
B2531,T425,V002,15830817,2024-08-04 01:30:00,QUALIFIED,,77.0,83.8,False
B2532,T426,V029,154158706,2024-08-21 20:30:00,QUALIFIED,,81.8,73.4,False
B2533,T426,V039,146054888,2024-08-04 00:30:00,QUALIFIED,,78.4,93.3,False
B2534,T426,V019,149524092,2024-07-28 03:30:00,DISQUALIFIED,Technical evaluation: non-compliant asphalt batching plant certification,51.2,0.0,False
B2535,T426,V001,157684778,2024-08-17 22:30:00,DISQUALIFIED,Technical evaluation: non-compliant asphalt batching plant certification,51.6,0.0,False
B2536,T426,V010,151724432,2024-08-22 01:30:00,QUALIFIED,,95.5,78.6,False
B2537,T426,V026,132116277,2024-08-01 02:30:00,QUALIFIED,,93.6,71.5,True
B2538,T426,V046,157147086,2024-08-12 03:30:00,QUALIFIED,,83.6,71.3,False
B2539,T426,V003,143102173,2024-08-11 01:30:00,QUALIFIED,,75.6,88.1,False
B2540,T427,V042,35461013,2024-07-29 21:30:00,QUALIFIED,,81.8,93.9,False
B2541,T427,V017,41183930,2024-07-29 23:30:00,QUALIFIED,,90.2,94.3,False
B2542,T427,V035,34412251,2024-08-17 01:30:00,QUALIFIED,,95.5,80.5,True
B2543,T427,V046,37020751,2024-08-01 23:30:00,QUALIFIED,,95.3,72.7,False
B2544,T428,V016,143964751,2024-08-19 22:30:00,QUALIFIED,,90.7,73.2,False
B2545,T428,V023,141877076,2024-07-26 01:30:00,QUALIFIED,,95.7,82.7,False
B2546,T428,V036,152560296,2024-08-02 21:30:00,QUALIFIED,,94.6,89.6,False
B2547,T428,V027,132862957,2024-07-29 01:30:00,QUALIFIED,,80.8,71.9,True
B2548,T428,V006,154741011,2024-07-27 20:30:00,QUALIFIED,,83.6,83.6,False
B2549,T428,V032,143301373,2024-07-28 23:30:00,QUALIFIED,,81.2,81.7,False
B2550,T429,V020,65937074,2024-08-13 23:30:00,DISQUALIFIED,Technical evaluation: non-compliant asphalt batching plant certification,60.2,0.0,False
B2551,T429,V033,66110218,2024-07-26 21:30:00,QUALIFIED,,94.9,73.8,False
B2552,T429,V037,59682212,2024-07-30 21:30:00,QUALIFIED,,87.7,88.8,False
B2553,T429,V031,57636213,2024-08-12 01:30:00,DISQUALIFIED,Technical evaluation: non-compliant asphalt batching plant certification,55.6,0.0,False
B2554,T429,V050,63885309,2024-08-11 02:30:00,QUALIFIED,,77.1,87.8,False
B2555,T429,V010,55071727,2024-08-14 02:30:00,QUALIFIED,,86.2,81.6,True
B2556,T429,V009,55727039,2024-07-29 21:30:00,QUALIFIED,,79.7,86.9,False
B2557,T429,V016,65046638,2024-08-04 01:30:00,QUALIFIED,,86.1,76.9,False
B2558,T430,V012,109923756,2024-07-30 23:30:00,DISQUALIFIED,Technical evaluation: non-compliant asphalt batching plant certification,60.2,0.0,False
B2559,T430,V006,111070153,2024-08-23 02:30:00,QUALIFIED,,76.1,85.3,False
B2560,T430,V011,108449853,2024-08-10 03:30:00,QUALIFIED,,92.3,76.0,True
B2561,T430,V024,108715967,2024-07-31 21:30:00,DISQUALIFIED,Technical evaluation: non-compliant asphalt batching plant certification,50.8,0.0,False
B2562,T431,V001,148328520,2024-08-01 20:30:00,QUALIFIED,,90.7,84.7,True
B2563,T431,V014,168568403,2024-08-05 21:30:00,DISQUALIFIED,Technical evaluation: non-compliant asphalt batching plant certification,60.5,0.0,False
B2564,T431,V020,182205932,2024-08-01 21:30:00,QUALIFIED,,78.3,94.7,False
B2565,T431,V031,164918944,2024-08-04 03:30:00,QUALIFIED,,80.4,84.5,False
B2566,T432,V015,86634946,2024-08-21 20:30:00,QUALIFIED,,75.1,73.4,False
B2567,T432,V022,94804692,2024-08-29 00:30:00,QUALIFIED,,94.9,72.6,False
B2568,T432,V034,86724038,2024-07-31 02:30:00,QUALIFIED,,84.9,90.9,False
B2569,T432,V011,88600475,2024-08-19 21:30:00,QUALIFIED,,85.3,73.0,False
B2570,T432,V046,89851340,2024-08-11 00:30:00,DISQUALIFIED,Technical evaluation: non-compliant asphalt batching plant certification,62.3,0.0,False
B2571,T432,V008,96486457,2024-08-26 03:30:00,QUALIFIED,,81.0,70.4,False
B2572,T432,V001,86937341,2024-08-08 22:30:00,QUALIFIED,,84.8,94.3,True
B2573,T433,V008,59721373,2024-08-07 22:30:00,QUALIFIED,,80.5,86.7,False
B2574,T433,V026,52502529,2024-08-03 22:30:00,DISQUALIFIED,Technical evaluation: non-compliant asphalt batching plant certification,58.7,0.0,False
B2575,T433,V038,53597882,2024-08-09 01:30:00,DISQUALIFIED,Technical evaluation: non-compliant asphalt batching plant certification,50.8,0.0,False
B2576,T433,V003,53565022,2024-08-05 23:30:00,QUALIFIED,,83.2,70.1,False
B2577,T433,V025,53627952,2024-08-19 00:30:00,QUALIFIED,,82.6,94.5,True
B2578,T434,V019,83981330,2024-08-31 03:30:00,QUALIFIED,,79.8,73.7,False
B2579,T434,V033,80299526,2024-08-30 21:30:00,QUALIFIED,,82.7,90.2,False
B2580,T434,V005,83179055,2024-08-10 23:30:00,QUALIFIED,,91.7,75.8,False
B2581,T434,V015,88212314,2024-08-14 00:30:00,QUALIFIED,,76.9,70.1,False
B2582,T434,V002,74734900,2024-08-27 23:30:00,QUALIFIED,,83.8,89.2,False
B2583,T434,V001,76927513,2024-08-02 21:30:00,QUALIFIED,,77.6,81.8,False
B2584,T434,V020,74000520,2024-08-15 02:30:00,QUALIFIED,,77.9,89.3,True
B2585,T434,V007,88815902,2024-08-03 22:30:00,QUALIFIED,,77.8,84.8,False
B2586,T435,V030,30739713,2024-08-04 22:30:00,QUALIFIED,,83.9,81.6,False
B2587,T435,V011,28981068,2024-08-17 02:30:00,QUALIFIED,,75.6,75.1,False
B2588,T435,V015,33084960,2024-08-14 02:30:00,QUALIFIED,,91.9,88.9,False
B2589,T435,V047,31012398,2024-08-08 00:30:00,QUALIFIED,,90.2,75.4,False
B2590,T435,V025,27803734,2024-08-19 00:30:00,QUALIFIED,,86.1,89.4,True
B2591,T435,V002,33454649,2024-08-19 02:30:00,QUALIFIED,,85.6,78.1,False
B2592,T435,V010,30882704,2024-08-22 21:30:00,DISQUALIFIED,Technical evaluation: non-compliant asphalt batching plant certification,57.9,0.0,False
B2593,T435,V019,30124330,2024-08-03 21:30:00,QUALIFIED,,83.5,73.7,False
B2594,T436,V010,121671108,2024-08-14 21:30:00,QUALIFIED,,89.5,79.0,False
B2595,T436,V031,119616946,2024-08-15 21:30:00,QUALIFIED,,92.6,85.2,False
B2596,T436,V005,114341683,2024-08-11 03:30:00,QUALIFIED,,91.7,82.9,True
B2597,T436,V046,139714632,2024-08-20 00:30:00,QUALIFIED,,89.6,89.5,False
B2598,T436,V014,135780456,2024-08-24 03:30:00,QUALIFIED,,75.5,83.1,False
B2599,T437,V017,58909447,2024-08-11 20:30:00,QUALIFIED,,93.5,82.5,False
B2600,T437,V001,57637164,2024-08-27 01:30:00,QUALIFIED,,76.6,87.6,False
B2601,T437,V021,54075537,2024-08-08 23:30:00,QUALIFIED,,78.8,75.3,False
B2602,T437,V013,52741329,2024-08-09 01:30:00,QUALIFIED,,84.6,75.2,True
B2603,T437,V044,54441732,2024-08-30 01:30:00,QUALIFIED,,78.1,72.6,False
B2604,T437,V042,62470676,2024-08-08 20:30:00,QUALIFIED,,88.7,82.3,False
B2605,T437,V048,60699704,2024-08-20 02:30:00,QUALIFIED,,76.2,77.4,False
B2606,T438,V024,73491936,2024-08-26 01:30:00,QUALIFIED,,75.6,74.5,True
B2607,T438,V012,82899897,2024-08-13 03:30:00,DISQUALIFIED,Technical evaluation: non-compliant asphalt batching plant certification,63.7,0.0,False
B2608,T438,V007,80515506,2024-08-09 21:30:00,QUALIFIED,,92.4,71.5,False
B2609,T438,V028,85058781,2024-08-28 20:30:00,QUALIFIED,,93.6,70.5,False
B2610,T439,V038,121990209,2024-08-24 21:30:00,QUALIFIED,,92.9,91.6,False
B2611,T439,V013,113923434,2024-08-24 20:30:00,QUALIFIED,,84.1,76.0,True
B2612,T439,V014,129412397,2024-08-28 03:30:00,QUALIFIED,,90.9,78.1,False
B2613,T439,V012,117238964,2024-08-19 22:30:00,DISQUALIFIED,Technical evaluation: non-compliant asphalt batching plant certification,58.5,0.0,False
B2614,T439,V027,133917718,2024-08-28 01:30:00,QUALIFIED,,78.3,89.0,False
B2615,T439,V030,120177206,2024-09-06 01:30:00,QUALIFIED,,77.5,79.7,False
B2616,T440,V026,154801296,2024-08-29 20:30:00,QUALIFIED,,90.7,84.7,False
B2617,T440,V042,146128741,2024-09-11 21:30:00,QUALIFIED,,75.1,88.7,False
B2618,T440,V022,176147825,2024-08-17 03:30:00,QUALIFIED,,86.5,86.6,False
B2619,T440,V011,173940415,2024-09-02 03:30:00,QUALIFIED,,91.2,92.6,False
B2620,T440,V030,169431730,2024-08-24 00:30:00,QUALIFIED,,80.9,83.6,False
B2621,T440,V047,148979698,2024-08-29 01:30:00,QUALIFIED,,93.9,78.7,True
B2622,T440,V036,151358171,2024-08-30 01:30:00,DISQUALIFIED,Technical evaluation: non-compliant asphalt batching plant certification,52.3,0.0,False
B2623,T441,V040,104552991,2024-09-14 00:30:00,QUALIFIED,,87.2,90.3,False
B2624,T441,V047,114532556,2024-08-29 00:30:00,QUALIFIED,,90.9,76.1,False
B2625,T441,V015,99802016,2024-08-29 00:30:00,QUALIFIED,,83.3,74.1,True
B2626,T441,V022,106594623,2024-09-16 03:30:00,QUALIFIED,,90.7,83.5,False
B2627,T442,V050,73314919,2024-09-11 02:30:00,QUALIFIED,,95.3,80.0,False
B2628,T442,V022,72425485,2024-08-15 23:30:00,QUALIFIED,,80.8,71.6,False
B2629,T442,V039,71509917,2024-09-02 23:30:00,QUALIFIED,,86.9,92.5,False
B2630,T442,V026,76469628,2024-09-08 01:30:00,QUALIFIED,,84.4,87.6,False
B2631,T442,V021,68098325,2024-08-22 00:30:00,QUALIFIED,,90.2,73.2,True
B2632,T442,V040,77708067,2024-08-27 20:30:00,QUALIFIED,,89.0,82.7,False
B2633,T442,V048,85204386,2024-08-28 21:30:00,DISQUALIFIED,Technical evaluation: non-compliant asphalt batching plant certification,62.7,0.0,False
B2634,T443,V043,123180266,2024-09-02 01:30:00,QUALIFIED,,76.3,87.3,False
B2635,T443,V048,118807217,2024-08-23 03:30:00,QUALIFIED,,81.7,76.8,True
B2636,T443,V035,134315307,2024-09-06 02:30:00,QUALIFIED,,77.2,75.9,False
B2637,T443,V018,137326881,2024-08-16 20:30:00,QUALIFIED,,84.7,73.5,False
B2638,T443,V021,128029075,2024-09-05 22:30:00,QUALIFIED,,80.3,73.3,False
B2639,T444,V050,183654784,2024-09-04 00:30:00,QUALIFIED,,90.9,84.7,False
B2640,T444,V035,195778852,2024-08-19 22:30:00,DISQUALIFIED,Technical evaluation: non-compliant asphalt batching plant certification,62.2,0.0,False
B2641,T444,V031,194283828,2024-09-05 22:30:00,QUALIFIED,,86.4,77.2,False
B2642,T444,V032,159183846,2024-09-12 22:30:00,QUALIFIED,,88.4,89.6,True
B2643,T444,V003,174194268,2024-09-04 01:30:00,QUALIFIED,,81.7,80.9,False
B2644,T444,V028,189152925,2024-09-07 21:30:00,QUALIFIED,,75.4,82.7,False
B2645,T445,V026,50943702,2024-08-29 21:30:00,QUALIFIED,,93.5,77.5,False
B2646,T445,V011,43988922,2024-08-28 00:30:00,QUALIFIED,,87.4,76.3,True
B2647,T445,V036,47507369,2024-09-10 02:30:00,QUALIFIED,,78.6,74.1,False
B2648,T445,V049,54728250,2024-09-07 23:30:00,QUALIFIED,,78.7,70.3,False
B2649,T445,V012,45883300,2024-08-18 21:30:00,QUALIFIED,,92.5,81.1,False
B2650,T445,V046,47060541,2024-08-29 03:30:00,QUALIFIED,,92.5,78.6,False
B2651,T445,V023,53921112,2024-08-22 22:30:00,QUALIFIED,,78.9,81.9,False
B2652,T445,V001,48527163,2024-09-09 03:30:00,QUALIFIED,,87.9,71.2,False
B2653,T446,V006,116721896,2024-09-08 20:30:00,QUALIFIED,,75.8,80.0,False
B2654,T446,V050,105083740,2024-08-23 03:30:00,QUALIFIED,,84.2,73.2,False
B2655,T446,V038,102634925,2024-08-27 03:30:00,DISQUALIFIED,Technical evaluation: non-compliant asphalt batching plant certification,54.6,0.0,False
B2656,T446,V015,95502565,2024-09-05 23:30:00,QUALIFIED,,83.9,81.1,True
B2657,T446,V025,105606609,2024-09-09 00:30:00,QUALIFIED,,79.3,91.7,False
B2658,T446,V001,100921668,2024-08-23 02:30:00,DISQUALIFIED,Technical evaluation: non-compliant asphalt batching plant certification,63.1,0.0,False
B2659,T446,V003,109554434,2024-08-31 02:30:00,QUALIFIED,,81.3,93.5,False
B2660,T447,V012,87697117,2024-09-20 21:30:00,QUALIFIED,,79.4,76.3,False
B2661,T447,V030,77474810,2024-09-20 23:30:00,QUALIFIED,,92.0,81.8,False
B2662,T447,V031,86258928,2024-09-16 20:30:00,DISQUALIFIED,Technical evaluation: non-compliant asphalt batching plant certification,51.2,0.0,False
B2663,T447,V043,74311687,2024-09-11 01:30:00,QUALIFIED,,81.3,74.6,True
B2664,T447,V025,86629157,2024-09-05 00:30:00,QUALIFIED,,80.6,76.7,False
B2665,T447,V034,84865873,2024-09-13 00:30:00,QUALIFIED,,84.0,78.4,False
B2666,T447,V024,75985829,2024-08-29 23:30:00,QUALIFIED,,91.0,70.3,False
B2667,T448,V018,107179655,2024-08-27 23:30:00,DISQUALIFIED,Technical evaluation: non-compliant asphalt batching plant certification,50.2,0.0,False
B2668,T448,V045,99313230,2024-08-31 22:30:00,QUALIFIED,,79.8,91.9,True
B2669,T448,V030,109442217,2024-09-09 20:30:00,QUALIFIED,,80.6,72.3,False
B2670,T448,V012,111503144,2024-09-12 22:30:00,QUALIFIED,,87.7,90.9,False
B2671,T449,V019,24226912,2024-08-31 03:30:00,QUALIFIED,,82.9,83.6,False
B2672,T449,V015,25081728,2024-08-24 22:30:00,QUALIFIED,,80.4,80.4,False
B2673,T449,V030,22576995,2024-08-23 21:30:00,QUALIFIED,,90.9,80.1,True
B2674,T449,V033,27385925,2024-09-11 22:30:00,QUALIFIED,,93.5,72.2,False
B2675,T450,V022,44278532,2024-09-10 00:30:00,QUALIFIED,,90.8,80.7,False
B2676,T450,V003,43864071,2024-09-18 00:30:00,QUALIFIED,,84.3,92.9,False
B2677,T450,V045,46081709,2024-09-12 00:30:00,DISQUALIFIED,Technical evaluation: non-compliant asphalt batching plant certification,56.8,0.0,False
B2678,T450,V030,44757213,2024-09-13 03:30:00,QUALIFIED,,84.9,89.8,False
B2679,T450,V042,48803901,2024-09-02 01:30:00,QUALIFIED,,78.9,80.3,False
B2680,T450,V036,48393410,2024-08-31 23:30:00,QUALIFIED,,87.9,89.3,False
B2681,T450,V001,40323465,2024-08-29 21:30:00,QUALIFIED,,81.9,82.6,True
B2682,T451,V045,144096977,2024-09-06 01:30:00,QUALIFIED,,77.5,81.4,False
B2683,T451,V040,128882595,2024-08-29 02:30:00,QUALIFIED,,83.4,88.1,False
B2684,T451,V033,122840925,2024-08-31 00:30:00,QUALIFIED,,76.3,71.7,False
B2685,T451,V031,141885342,2024-09-24 20:30:00,QUALIFIED,,92.0,84.5,False
B2686,T451,V026,141982261,2024-09-20 01:30:00,QUALIFIED,,86.8,80.5,False
B2687,T451,V002,118929634,2024-09-12 00:30:00,QUALIFIED,,84.7,81.4,True
B2688,T451,V021,145817873,2024-09-24 21:30:00,QUALIFIED,,81.5,76.6,False
B2689,T451,V041,132593047,2024-09-07 01:30:00,DISQUALIFIED,Technical evaluation: non-compliant asphalt batching plant certification,60.1,0.0,False
B2690,T452,V040,74213345,2024-09-07 00:30:00,DISQUALIFIED,Technical evaluation: non-compliant asphalt batching plant certification,53.6,0.0,False
B2691,T452,V027,71359276,2024-09-15 23:30:00,QUALIFIED,,94.2,88.6,False
B2692,T452,V029,66931342,2024-09-14 03:30:00,QUALIFIED,,91.4,87.3,False
B2693,T452,V002,74246959,2024-09-18 20:30:00,QUALIFIED,,77.3,81.8,False
B2694,T452,V025,74757977,2024-09-20 21:30:00,QUALIFIED,,95.0,76.8,False
B2695,T452,V039,61025786,2024-09-17 22:30:00,QUALIFIED,,93.5,83.2,True
B2696,T452,V012,74807256,2024-08-28 03:30:00,DISQUALIFIED,Technical evaluation: non-compliant asphalt batching plant certification,59.1,0.0,False
B2697,T452,V005,66590653,2024-08-28 01:30:00,QUALIFIED,,88.7,72.3,False
B2698,T453,V004,140205131,2024-09-13 20:30:00,QUALIFIED,,78.2,74.1,False
B2699,T453,V014,148218662,2024-08-30 01:30:00,QUALIFIED,,91.2,90.8,False
B2700,T453,V002,145503570,2024-09-06 03:30:00,QUALIFIED,,75.4,73.7,False
B2701,T453,V033,136714075,2024-08-28 22:30:00,QUALIFIED,,78.9,86.2,False
B2702,T453,V041,123453789,2024-09-14 02:30:00,QUALIFIED,,83.8,70.1,True
B2703,T453,V035,147987377,2024-09-12 21:30:00,QUALIFIED,,78.6,81.8,False
B2704,T453,V003,133675883,2024-09-16 03:30:00,QUALIFIED,,92.7,76.0,False
B2705,T454,V041,61554396,2024-09-12 03:30:00,DISQUALIFIED,Technical evaluation: non-compliant asphalt batching plant certification,50.2,0.0,False
B2706,T454,V042,60718910,2024-09-02 01:30:00,QUALIFIED,,88.8,79.3,False
B2707,T454,V012,56944512,2024-09-27 02:30:00,QUALIFIED,,78.3,75.6,False
B2708,T454,V049,56458549,2024-09-27 01:30:00,QUALIFIED,,80.6,81.3,False
B2709,T454,V017,61572209,2024-08-29 03:30:00,QUALIFIED,,82.9,89.0,False
B2710,T454,V022,49614220,2024-08-28 23:30:00,QUALIFIED,,80.1,78.0,True
B2711,T454,V034,61812388,2024-08-29 23:30:00,DISQUALIFIED,Technical evaluation: non-compliant asphalt batching plant certification,55.0,0.0,False
B2712,T455,V016,133047164,2024-09-01 20:30:00,QUALIFIED,,82.8,93.5,False
B2713,T455,V026,127281427,2024-09-21 00:30:00,QUALIFIED,,95.2,75.8,True
B2714,T455,V045,130826901,2024-09-04 20:30:00,QUALIFIED,,88.1,83.2,False
B2715,T455,V018,137598550,2024-09-26 01:30:00,QUALIFIED,,81.5,90.4,False
B2716,T456,V040,16635543,2024-09-11 21:30:00,QUALIFIED,,87.4,92.2,False
B2717,T456,V009,18081489,2024-09-19 00:30:00,QUALIFIED,,90.8,88.4,False
B2718,T456,V001,18983184,2024-09-10 20:30:00,QUALIFIED,,84.5,74.7,False
B2719,T456,V025,19157842,2024-09-10 03:30:00,QUALIFIED,,80.2,83.1,False
B2720,T456,V027,16198704,2024-09-15 00:30:00,DISQUALIFIED,Technical evaluation: non-compliant asphalt batching plant certification,52.8,0.0,False
B2721,T456,V026,17832692,2024-09-17 02:30:00,QUALIFIED,,77.6,70.2,False
B2722,T456,V005,15185314,2024-09-20 23:30:00,QUALIFIED,,81.2,86.3,True
B2723,T456,V030,18277306,2024-09-08 21:30:00,QUALIFIED,,88.0,88.7,False
B2724,T457,V034,82515713,2024-10-02 21:30:00,QUALIFIED,,92.5,79.6,False
B2725,T457,V037,77563114,2024-09-09 01:30:00,QUALIFIED,,75.2,85.5,False
B2726,T457,V032,86335697,2024-09-30 03:30:00,QUALIFIED,,79.9,90.8,False
B2727,T457,V021,75507615,2024-09-04 20:30:00,QUALIFIED,,84.0,93.6,False
B2728,T457,V010,71676226,2024-09-03 23:30:00,QUALIFIED,,86.7,85.5,True
B2729,T458,V041,98724198,2024-09-12 21:30:00,QUALIFIED,,95.5,73.8,False
B2730,T458,V001,112379144,2024-09-05 23:30:00,QUALIFIED,,75.1,76.2,False
B2731,T458,V029,115975931,2024-09-13 23:30:00,QUALIFIED,,78.4,75.6,False
B2732,T458,V040,92112696,2024-09-22 20:30:00,QUALIFIED,,88.9,77.9,True
B2733,T458,V027,104980191,2024-09-29 03:30:00,QUALIFIED,,85.4,86.1,False
B2734,T459,V040,120988360,2024-09-18 00:30:00,QUALIFIED,,79.0,88.3,False
B2735,T459,V048,110747003,2024-09-14 23:30:00,QUALIFIED,,92.8,77.2,True
B2736,T459,V038,123152600,2024-09-15 20:30:00,QUALIFIED,,84.3,94.0,False
B2737,T459,V039,118676672,2024-09-20 00:30:00,QUALIFIED,,76.4,94.2,False
B2738,T459,V005,109146213,2024-09-08 21:30:00,QUALIFIED,,91.3,85.2,False
B2739,T459,V049,127269968,2024-09-04 03:30:00,QUALIFIED,,89.4,91.3,False
B2740,T460,V013,63589215,2024-09-24 02:30:00,QUALIFIED,,92.0,78.0,False
B2741,T460,V017,74865531,2024-09-26 23:30:00,QUALIFIED,,88.0,86.7,False
B2742,T460,V003,66935687,2024-09-14 02:30:00,QUALIFIED,,76.0,82.3,False
B2743,T460,V039,69964281,2024-10-03 23:30:00,DISQUALIFIED,Technical evaluation: non-compliant asphalt batching plant certification,53.4,0.0,False
B2744,T460,V005,64672523,2024-10-04 23:30:00,QUALIFIED,,81.7,77.8,True
B2745,T460,V036,70867528,2024-10-05 00:30:00,QUALIFIED,,91.6,83.6,False
B2746,T460,V023,65979908,2024-09-10 03:30:00,QUALIFIED,,87.4,79.8,False
B2747,T461,V043,105185210,2024-09-29 22:30:00,DISQUALIFIED,Technical evaluation: non-compliant asphalt batching plant certification,62.6,0.0,False
B2748,T461,V029,94262327,2024-09-13 00:30:00,QUALIFIED,,93.2,88.1,True
B2749,T461,V035,104168912,2024-09-14 01:30:00,QUALIFIED,,94.6,85.1,False
B2750,T461,V001,106769278,2024-09-24 03:30:00,QUALIFIED,,85.7,71.3,False
B2751,T462,V011,16616478,2024-10-03 02:30:00,QUALIFIED,,93.0,73.6,False
B2752,T462,V003,15195793,2024-10-02 02:30:00,QUALIFIED,,80.8,78.5,False
B2753,T462,V044,14172494,2024-09-29 21:30:00,QUALIFIED,,88.8,72.8,False
B2754,T462,V046,15991142,2024-10-03 23:30:00,QUALIFIED,,91.8,86.8,False
B2755,T462,V008,13475451,2024-10-04 22:30:00,QUALIFIED,,79.7,92.6,True
B2756,T462,V039,16056593,2024-09-19 20:30:00,QUALIFIED,,82.6,77.0,False
B2757,T462,V040,15465836,2024-09-13 03:30:00,QUALIFIED,,89.3,87.0,False
B2758,T462,V006,14442807,2024-09-15 00:30:00,DISQUALIFIED,Technical evaluation: non-compliant asphalt batching plant certification,60.5,0.0,False
B2759,T463,V027,176697193,2024-09-24 00:30:00,QUALIFIED,,77.9,79.6,False
B2760,T463,V009,170946886,2024-09-26 03:30:00,QUALIFIED,,85.2,83.9,False
B2761,T463,V050,161788466,2024-09-28 21:30:00,QUALIFIED,,76.0,93.2,False
B2762,T463,V012,140492133,2024-09-28 03:30:00,QUALIFIED,,83.3,76.0,True
B2763,T463,V016,173755385,2024-09-24 03:30:00,QUALIFIED,,86.1,86.0,False
B2764,T463,V021,168028027,2024-09-21 23:30:00,QUALIFIED,,88.1,84.7,False
B2765,T463,V037,148040868,2024-09-29 03:30:00,QUALIFIED,,95.8,71.5,False
B2766,T464,V049,112744400,2024-09-14 01:30:00,QUALIFIED,,75.9,85.6,False
B2767,T464,V024,94605996,2024-10-01 01:30:00,QUALIFIED,,93.1,81.6,True
B2768,T464,V037,113956820,2024-09-16 23:30:00,QUALIFIED,,80.4,76.8,False
B2769,T464,V030,108133090,2024-09-28 03:30:00,QUALIFIED,,90.7,94.1,False
B2770,T464,V045,101060053,2024-09-22 22:30:00,QUALIFIED,,76.9,83.9,False
B2771,T464,V039,108142365,2024-09-28 21:30:00,QUALIFIED,,82.4,75.3,False
B2772,T464,V050,113329618,2024-09-22 22:30:00,QUALIFIED,,83.5,91.7,False
B2773,T465,V001,37512018,2024-09-24 03:30:00,QUALIFIED,,93.1,73.9,False
B2774,T465,V016,37501343,2024-09-26 03:30:00,QUALIFIED,,82.4,94.9,False
B2775,T465,V027,37094032,2024-09-27 03:30:00,DISQUALIFIED,Technical evaluation: non-compliant asphalt batching plant certification,63.4,0.0,False
B2776,T465,V007,39399958,2024-10-05 20:30:00,QUALIFIED,,90.2,93.8,False
B2777,T465,V048,33823148,2024-09-13 02:30:00,QUALIFIED,,81.6,71.3,True
B2778,T465,V009,38269880,2024-09-20 03:30:00,QUALIFIED,,78.8,77.6,False
B2779,T465,V020,35946032,2024-09-19 22:30:00,QUALIFIED,,86.9,71.4,False
B2780,T466,V008,63709345,2024-09-19 23:30:00,QUALIFIED,,83.5,75.4,False
B2781,T466,V037,61256463,2024-09-30 00:30:00,QUALIFIED,,81.8,85.2,False
B2782,T466,V048,60449615,2024-09-15 20:30:00,QUALIFIED,,95.1,79.4,False
B2783,T466,V006,62944450,2024-09-28 00:30:00,QUALIFIED,,89.6,91.2,False
B2784,T466,V042,58095274,2024-09-30 23:30:00,QUALIFIED,,80.1,70.1,True
B2785,T466,V034,65059542,2024-09-15 01:30:00,QUALIFIED,,87.7,80.8,False
B2786,T466,V041,60182337,2024-09-27 01:30:00,QUALIFIED,,87.7,82.0,False
B2787,T467,V021,157668847,2024-10-05 23:30:00,QUALIFIED,,84.9,75.9,False
B2788,T467,V016,174969654,2024-10-07 00:30:00,QUALIFIED,,93.2,86.3,False
B2789,T467,V049,147439508,2024-10-02 01:30:00,DISQUALIFIED,Technical evaluation: non-compliant asphalt batching plant certification,51.3,0.0,False
B2790,T467,V011,146779824,2024-10-17 02:30:00,QUALIFIED,,83.9,74.7,True
B2791,T467,V026,169630017,2024-10-05 23:30:00,QUALIFIED,,79.5,77.4,False
B2792,T468,V018,6671357,2024-09-20 22:30:00,QUALIFIED,,89.5,85.6,False
B2793,T468,V045,5824077,2024-10-05 02:30:00,DISQUALIFIED,Technical evaluation: non-compliant asphalt batching plant certification,60.0,0.0,False
B2794,T468,V022,6051739,2024-10-01 00:30:00,QUALIFIED,,78.2,89.3,False
B2795,T468,V009,6098254,2024-10-10 01:30:00,QUALIFIED,,84.8,75.5,False
B2796,T468,V025,6700342,2024-09-23 03:30:00,QUALIFIED,,83.4,77.5,False
B2797,T468,V004,6152490,2024-09-21 03:30:00,QUALIFIED,,82.6,76.0,False
B2798,T468,V001,5666394,2024-09-27 22:30:00,QUALIFIED,,78.6,82.6,True
B2799,T469,V002,13229925,2024-10-02 21:30:00,QUALIFIED,,87.0,70.1,False
B2800,T469,V044,15292949,2024-09-21 01:30:00,DISQUALIFIED,Technical evaluation: non-compliant asphalt batching plant certification,50.6,0.0,False
B2801,T469,V042,14696670,2024-10-10 22:30:00,QUALIFIED,,91.7,93.6,False
B2802,T469,V028,15176311,2024-09-21 23:30:00,QUALIFIED,,90.3,77.1,False
B2803,T469,V031,12583304,2024-10-06 20:30:00,QUALIFIED,,88.6,75.2,True
B2804,T469,V024,14196859,2024-10-10 20:30:00,QUALIFIED,,92.6,87.7,False
B2805,T470,V021,159064438,2024-09-25 21:30:00,QUALIFIED,,77.7,88.6,False
B2806,T470,V001,158973176,2024-10-05 21:30:00,QUALIFIED,,77.1,72.5,True
B2807,T470,V019,177972440,2024-10-18 02:30:00,QUALIFIED,,81.1,93.3,False
B2808,T470,V039,161858078,2024-10-21 03:30:00,QUALIFIED,,78.8,81.3,False
B2809,T470,V045,178718392,2024-10-12 01:30:00,QUALIFIED,,92.1,94.3,False
B2810,T470,V043,177466565,2024-10-02 20:30:00,QUALIFIED,,92.4,93.2,False
B2811,T471,V029,124159720,2024-09-22 23:30:00,QUALIFIED,,76.4,83.1,True
B2812,T471,V034,137775997,2024-10-08 00:30:00,QUALIFIED,,80.4,86.1,False
B2813,T471,V042,138220246,2024-09-25 23:30:00,QUALIFIED,,90.8,78.1,False
B2814,T471,V035,138967256,2024-09-25 23:30:00,QUALIFIED,,91.7,74.8,False
B2815,T471,V031,145738680,2024-10-03 03:30:00,QUALIFIED,,93.0,81.1,False
B2816,T472,V007,21113465,2024-09-27 21:30:00,QUALIFIED,,81.9,86.6,False
B2817,T472,V027,20298394,2024-10-06 22:30:00,QUALIFIED,,90.9,92.2,False
B2818,T472,V021,17842439,2024-10-13 23:30:00,QUALIFIED,,84.9,76.9,True
B2819,T472,V023,18293366,2024-10-06 20:30:00,QUALIFIED,,91.5,80.4,False
B2820,T473,V010,18056543,2024-09-29 20:30:00,QUALIFIED,,75.1,90.0,False
B2821,T473,V012,20951206,2024-10-09 21:30:00,QUALIFIED,,96.0,70.4,False
B2822,T473,V017,18024364,2024-10-05 20:30:00,QUALIFIED,,93.2,88.3,True
B2823,T473,V020,19510258,2024-10-08 21:30:00,QUALIFIED,,93.5,77.5,False
B2824,T474,V035,136701047,2024-09-29 23:30:00,QUALIFIED,,90.7,75.3,True
B2825,T474,V040,151511472,2024-10-23 21:30:00,QUALIFIED,,92.3,81.9,False
B2826,T474,V048,146341132,2024-09-26 20:30:00,QUALIFIED,,80.7,94.8,False
B2827,T474,V015,148329525,2024-10-21 00:30:00,QUALIFIED,,87.8,83.2,False
B2828,T475,V037,61624609,2024-09-28 03:30:00,QUALIFIED,,87.3,85.7,False
B2829,T475,V021,54570091,2024-10-14 21:30:00,QUALIFIED,,75.0,87.9,True
B2830,T475,V032,57860749,2024-10-15 03:30:00,QUALIFIED,,95.4,78.8,False
B2831,T475,V041,61126859,2024-09-25 01:30:00,QUALIFIED,,80.9,91.0,False
B2832,T476,V035,13638695,2024-10-15 21:30:00,QUALIFIED,,90.5,94.8,True
B2833,T476,V028,15589962,2024-10-13 00:30:00,DISQUALIFIED,Technical evaluation: non-compliant asphalt batching plant certification,57.3,0.0,False
B2834,T476,V030,15697546,2024-09-28 22:30:00,QUALIFIED,,85.9,79.9,False
B2835,T476,V024,15090918,2024-10-10 02:30:00,QUALIFIED,,78.3,86.2,False
B2836,T476,V040,14238536,2024-10-05 03:30:00,QUALIFIED,,82.6,83.7,False
B2837,T476,V047,15675906,2024-10-10 01:30:00,QUALIFIED,,92.6,77.3,False
B2838,T477,V043,53430099,2024-10-12 02:30:00,QUALIFIED,,84.8,82.5,True
B2839,T477,V042,55109461,2024-10-23 21:30:00,QUALIFIED,,92.3,84.1,False
B2840,T477,V044,56427021,2024-10-11 03:30:00,QUALIFIED,,94.5,75.9,False
B2841,T477,V006,56932877,2024-10-24 00:30:00,QUALIFIED,,77.5,85.6,False
B2842,T477,V024,62291361,2024-10-28 01:30:00,QUALIFIED,,79.8,87.0,False
B2843,T478,V030,83131499,2024-10-02 21:30:00,QUALIFIED,,85.4,77.8,True
B2844,T478,V029,93609492,2024-10-27 03:30:00,QUALIFIED,,90.7,81.6,False
B2845,T478,V038,84289134,2024-10-26 22:30:00,QUALIFIED,,76.2,84.5,False
B2846,T478,V021,89652535,2024-10-07 01:30:00,QUALIFIED,,86.5,82.6,False
B2847,T478,V046,92851639,2024-10-02 21:30:00,QUALIFIED,,75.5,73.9,False
B2848,T478,V017,83415266,2024-09-30 21:30:00,DISQUALIFIED,Technical evaluation: non-compliant asphalt batching plant certification,53.3,0.0,False
B2849,T479,V036,37988405,2024-10-29 01:30:00,QUALIFIED,,75.6,90.7,False
B2850,T479,V035,32234049,2024-10-09 21:30:00,QUALIFIED,,92.8,84.9,False
B2851,T479,V007,38164686,2024-10-31 20:30:00,QUALIFIED,,79.6,89.5,False
B2852,T479,V010,32088521,2024-10-25 21:30:00,QUALIFIED,,86.6,92.3,True
B2853,T480,V032,180878635,2024-10-21 00:30:00,QUALIFIED,,89.5,70.3,False
B2854,T480,V021,172791229,2024-10-20 02:30:00,QUALIFIED,,92.6,86.5,False
B2855,T480,V030,185883865,2024-10-28 22:30:00,QUALIFIED,,88.3,87.0,False
B2856,T480,V033,182145411,2024-10-07 03:30:00,QUALIFIED,,88.5,83.1,False
B2857,T480,V040,177156248,2024-10-20 23:30:00,QUALIFIED,,80.9,71.1,False
B2858,T480,V027,168820475,2024-10-03 00:30:00,DISQUALIFIED,Technical evaluation: non-compliant asphalt batching plant certification,51.1,0.0,False
B2859,T480,V034,149096012,2024-10-05 03:30:00,QUALIFIED,,88.7,87.5,True
B2860,T481,V021,85573205,2024-10-06 20:30:00,QUALIFIED,,88.0,83.4,True
B2861,T481,V041,100466370,2024-10-26 00:30:00,QUALIFIED,,81.4,89.4,False
B2862,T481,V049,89530563,2024-10-07 23:30:00,QUALIFIED,,95.5,84.4,False
B2863,T481,V026,90007052,2024-10-20 21:30:00,QUALIFIED,,84.0,77.5,False
B2864,T482,V023,181756012,2024-10-23 01:30:00,QUALIFIED,,79.9,82.7,False
B2865,T482,V038,190339282,2024-10-04 00:30:00,QUALIFIED,,77.9,90.7,False
B2866,T482,V032,169149328,2024-10-16 23:30:00,QUALIFIED,,95.9,75.7,False
B2867,T482,V024,151956575,2024-10-25 21:30:00,QUALIFIED,,92.9,88.4,True
B2868,T483,V019,75894837,2024-10-21 22:30:00,QUALIFIED,,88.7,93.0,False
B2869,T483,V025,64954477,2024-10-10 02:30:00,QUALIFIED,,83.9,81.0,True
B2870,T483,V031,70434183,2024-10-28 01:30:00,DISQUALIFIED,Technical evaluation: non-compliant asphalt batching plant certification,59.3,0.0,False
B2871,T483,V046,71382588,2024-10-16 02:30:00,QUALIFIED,,94.8,92.3,False
B2872,T483,V017,67108887,2024-10-07 23:30:00,QUALIFIED,,89.0,79.7,False
B2873,T483,V049,78163139,2024-10-10 23:30:00,QUALIFIED,,79.3,82.2,False
B2874,T484,V050,183997873,2024-11-07 21:30:00,QUALIFIED,,78.9,83.9,False
B2875,T484,V002,158661955,2024-10-15 20:30:00,QUALIFIED,,87.6,79.4,False
B2876,T484,V010,149820686,2024-10-13 02:30:00,QUALIFIED,,75.0,94.9,True
B2877,T484,V028,176772027,2024-10-24 23:30:00,QUALIFIED,,95.0,70.8,False
B2878,T484,V041,178291861,2024-11-01 01:30:00,QUALIFIED,,95.6,76.7,False
B2879,T485,V040,56824784,2024-11-03 23:30:00,QUALIFIED,,83.5,76.9,False
B2880,T485,V048,56285789,2024-11-03 00:30:00,QUALIFIED,,93.0,71.6,False
B2881,T485,V002,59585889,2024-10-26 22:30:00,QUALIFIED,,81.5,91.7,False
B2882,T485,V007,60453338,2024-11-07 02:30:00,QUALIFIED,,80.2,88.8,False
B2883,T485,V031,54796658,2024-11-05 22:30:00,QUALIFIED,,90.4,86.1,True
B2884,T485,V029,66606368,2024-10-18 22:30:00,QUALIFIED,,90.9,86.0,False
B2885,T486,V001,70192504,2024-10-26 23:30:00,QUALIFIED,,91.4,93.1,True
B2886,T486,V012,73366121,2024-10-14 20:30:00,QUALIFIED,,86.2,83.4,False
B2887,T486,V048,78056705,2024-10-20 20:30:00,QUALIFIED,,95.1,71.7,False
B2888,T486,V022,83274959,2024-10-22 21:30:00,QUALIFIED,,89.6,79.3,False
B2889,T486,V047,76717515,2024-10-28 01:30:00,QUALIFIED,,77.4,87.4,False
B2890,T486,V005,78289089,2024-10-10 22:30:00,QUALIFIED,,77.8,87.2,False
B2891,T487,V045,61704816,2024-10-13 20:30:00,QUALIFIED,,95.3,72.1,True
B2892,T487,V034,67666066,2024-11-03 22:30:00,DISQUALIFIED,Technical evaluation: non-compliant asphalt batching plant certification,50.9,0.0,False
B2893,T487,V024,67979279,2024-10-21 21:30:00,QUALIFIED,,77.2,90.0,False
B2894,T487,V033,71524485,2024-10-20 02:30:00,QUALIFIED,,77.0,85.4,False
B2895,T488,V010,83412563,2024-10-30 22:30:00,QUALIFIED,,78.8,88.6,False
B2896,T488,V028,75154695,2024-11-01 03:30:00,QUALIFIED,,78.9,71.4,True
B2897,T488,V038,95467062,2024-10-19 22:30:00,QUALIFIED,,89.5,78.4,False
B2898,T488,V043,91020717,2024-10-11 22:30:00,QUALIFIED,,77.9,77.2,False
B2899,T489,V048,114655341,2024-10-31 00:30:00,QUALIFIED,,85.9,73.2,False
B2900,T489,V038,124241972,2024-10-30 03:30:00,DISQUALIFIED,Technical evaluation: non-compliant asphalt batching plant certification,54.5,0.0,False
B2901,T489,V037,124603998,2024-10-20 01:30:00,QUALIFIED,,78.7,79.3,False
B2902,T489,V010,100817274,2024-11-07 02:30:00,QUALIFIED,,95.2,88.5,True
B2903,T489,V002,122108083,2024-11-05 02:30:00,QUALIFIED,,80.4,77.7,False
B2904,T489,V007,110162850,2024-11-04 00:30:00,QUALIFIED,,78.7,74.5,False
B2905,T490,V022,4818459,2023-02-19 20:30:00,QUALIFIED,,75.1,76.6,False
B2906,T490,V009,5024367,2023-02-16 00:30:00,QUALIFIED,,90.7,88.2,False
B2907,T490,V014,5093143,2023-02-18 00:30:00,QUALIFIED,,84.5,86.8,False
B2908,T490,V020,4530839,2023-02-21 23:30:00,QUALIFIED,,88.9,83.8,True
B2909,T490,V012,5133383,2023-02-23 20:30:00,QUALIFIED,,82.5,90.9,False
B2910,T490,V033,4619599,2023-02-23 21:30:00,QUALIFIED,,83.5,90.4,False
B2911,T491,V040,139122138,2024-10-24 00:30:00,QUALIFIED,,92.8,87.4,False
B2912,T491,V027,130691041,2024-10-18 23:30:00,QUALIFIED,,83.3,88.0,False
B2913,T491,V020,126858876,2024-10-26 00:30:00,QUALIFIED,,86.8,87.5,True
B2914,T491,V007,145226756,2024-10-21 01:30:00,QUALIFIED,,93.5,84.4,False
B2915,T492,V007,90403878,2024-10-16 21:30:00,QUALIFIED,,90.6,83.7,False
B2916,T492,V022,80023463,2024-10-31 00:30:00,QUALIFIED,,81.0,83.7,False
B2917,T492,V031,84501979,2024-10-26 00:30:00,QUALIFIED,,75.5,89.6,False
B2918,T492,V006,74867638,2024-10-22 01:30:00,QUALIFIED,,81.2,81.8,True
B2919,T492,V011,86755884,2024-10-20 02:30:00,QUALIFIED,,82.4,75.6,False
B2920,T492,V042,91751455,2024-11-06 02:30:00,QUALIFIED,,91.4,86.4,False
B2921,T493,V045,76348038,2024-10-20 03:30:00,QUALIFIED,,77.9,88.3,False
B2922,T493,V011,73015880,2024-11-03 01:30:00,QUALIFIED,,95.6,80.0,False
B2923,T493,V001,67791065,2024-10-27 20:30:00,QUALIFIED,,81.8,76.9,False
B2924,T493,V007,62408170,2024-10-19 01:30:00,QUALIFIED,,83.2,87.6,True
B2925,T493,V018,69840297,2024-10-25 00:30:00,QUALIFIED,,79.0,72.7,False
B2926,T493,V035,66991318,2024-10-18 23:30:00,DISQUALIFIED,Technical evaluation: non-compliant asphalt batching plant certification,55.5,0.0,False
B2927,T493,V040,72999496,2024-10-21 02:30:00,QUALIFIED,,77.3,86.1,False
B2928,T494,V044,139022524,2024-11-03 02:30:00,QUALIFIED,,78.6,89.6,True
B2929,T494,V036,164193246,2024-11-11 21:30:00,QUALIFIED,,80.2,85.0,False
B2930,T494,V015,169182146,2024-11-14 02:30:00,QUALIFIED,,79.9,94.3,False
B2931,T494,V014,153111207,2024-10-24 21:30:00,QUALIFIED,,88.8,75.1,False
B2932,T494,V022,167757687,2024-10-29 02:30:00,QUALIFIED,,92.3,83.6,False
B2933,T494,V048,167935367,2024-11-13 03:30:00,QUALIFIED,,93.2,82.3,False
B2934,T494,V039,153144410,2024-11-12 23:30:00,QUALIFIED,,76.9,80.0,False
B2935,T495,V027,15419635,2024-11-06 01:30:00,QUALIFIED,,92.8,75.0,False
B2936,T495,V008,16923967,2024-11-02 23:30:00,QUALIFIED,,93.7,94.9,False
B2937,T495,V026,15972628,2024-11-12 02:30:00,QUALIFIED,,89.6,84.1,False
B2938,T495,V035,17474947,2024-10-24 02:30:00,QUALIFIED,,86.4,71.5,False
B2939,T495,V003,14899140,2024-10-25 02:30:00,QUALIFIED,,93.0,92.1,True
B2940,T495,V005,17863454,2024-11-17 00:30:00,QUALIFIED,,91.4,72.4,False
B2941,T495,V040,17509255,2024-11-23 01:30:00,QUALIFIED,,84.7,91.7,False
B2942,T496,V009,29195373,2024-10-26 22:30:00,QUALIFIED,,81.2,80.7,False
B2943,T496,V032,29921583,2024-11-05 02:30:00,DISQUALIFIED,Technical evaluation: non-compliant asphalt batching plant certification,58.9,0.0,False
B2944,T496,V045,28209653,2024-11-08 21:30:00,QUALIFIED,,87.1,77.2,False
B2945,T496,V005,25661117,2024-11-08 02:30:00,QUALIFIED,,82.3,91.9,True
B2946,T496,V039,26937651,2024-11-05 02:30:00,QUALIFIED,,79.6,71.3,False
B2947,T496,V014,29874295,2024-10-30 01:30:00,QUALIFIED,,83.5,76.3,False
B2948,T497,V041,48825939,2024-10-25 23:30:00,QUALIFIED,,85.9,92.9,True
B2949,T497,V024,51206589,2024-10-30 23:30:00,QUALIFIED,,95.6,84.9,False
B2950,T497,V019,57505307,2024-11-22 22:30:00,DISQUALIFIED,Technical evaluation: non-compliant asphalt batching plant certification,63.9,0.0,False
B2951,T497,V032,54667014,2024-11-02 21:30:00,QUALIFIED,,94.7,92.9,False
B2952,T497,V047,49681382,2024-10-31 23:30:00,QUALIFIED,,92.9,74.6,False
B2953,T498,V025,41467318,2024-10-29 23:30:00,QUALIFIED,,77.3,75.6,True
B2954,T498,V001,51628051,2024-11-06 21:30:00,QUALIFIED,,80.5,89.7,False
B2955,T498,V031,47316863,2024-10-26 02:30:00,QUALIFIED,,75.1,86.0,False
B2956,T498,V002,50047499,2024-11-06 03:30:00,QUALIFIED,,95.8,90.1,False
B2957,T498,V043,43579588,2024-11-15 01:30:00,DISQUALIFIED,Technical evaluation: non-compliant asphalt batching plant certification,55.7,0.0,False
B2958,T498,V003,44413754,2024-10-27 02:30:00,QUALIFIED,,93.3,86.5,False
B2959,T499,V010,50444647,2024-11-21 23:30:00,DISQUALIFIED,Technical evaluation: non-compliant asphalt batching plant certification,60.2,0.0,False
B2960,T499,V034,53039828,2024-11-08 02:30:00,QUALIFIED,,93.7,72.5,False
B2961,T499,V013,48610456,2024-11-14 22:30:00,QUALIFIED,,92.3,93.6,False
B2962,T499,V023,50618863,2024-11-11 20:30:00,QUALIFIED,,78.5,86.1,False
B2963,T499,V039,47311861,2024-10-27 03:30:00,QUALIFIED,,91.6,80.9,True
B2964,T499,V038,48632654,2024-10-30 22:30:00,QUALIFIED,,86.7,71.0,False
B2965,T500,V040,37768960,2024-11-11 01:30:00,QUALIFIED,,85.7,92.7,False
B2966,T500,V019,36414547,2024-11-15 23:30:00,QUALIFIED,,84.9,80.2,True
B2967,T500,V046,38923260,2024-11-24 03:30:00,QUALIFIED,,88.5,86.9,False
B2968,T500,V022,42489293,2024-11-18 03:30:00,QUALIFIED,,90.9,82.4,False
