tender_id,buyer_id,buyer_name,tender_title,category,sub_category,location,state,estimated_value_inr,procurement_method,award_criteria,publication_date,submission_deadline,technical_evaluation_date,financial_evaluation_date,award_date,contract_duration_days,status
T001,B01,Public Works Department (PWD) - Roads Division,Rural Road Upgrade for Public Works Department (PWD) at Shimla,Road Infrastructure,Rural Road Upgrade,Shimla,Himachal Pradesh,77327621,Open Competitive Bidding,Lowest Evaluated Responsive Bid (L1),2023-01-16 11:30:00,2023-02-10 04:30:00,2023-02-15,2023-02-19,2023-02-23,540,AWARDED
T002,B02,National Highways Authority of India (NHAI) - RO Shimla,Govt Senior School for National Highways Authority of India (NHAI) at Solan,Civil Construction,Govt Senior School,Solan,Himachal Pradesh,149781615,Open Competitive Bidding,Lowest Evaluated Responsive Bid (L1),2023-01-17 11:30:00,2023-01-24 04:30:00,2023-01-29,2023-02-04,2023-02-11,90,AWARDED
T003,B03,Municipal Corporation Solan - Works Wing,Lift Irrigation Scheme for Municipal Corporation Solan at Mandi,Water & Sanitation,Lift Irrigation Scheme,Mandi,Himachal Pradesh,24652766,Open Competitive Bidding,Lowest Evaluated Responsive Bid (L1),2023-01-18 11:30:00,2023-02-17 04:30:00,2023-02-23,2023-03-02,2023-03-10,90,AWARDED
T004,B04,Rural Development & Panchayati Raj Dept,Substation 33/11kV for Rural Development & Panchayati Raj Dept at Dharamshala,Electrical & Energy,Substation 33/11kV,Dharamshala,Himachal Pradesh,18515728,Open Competitive Bidding,Lowest Evaluated Responsive Bid (L1),2023-01-20 11:30:00,2023-02-14 04:30:00,2023-02-24,2023-02-27,2023-03-07,90,AWARDED
T005,B05,State Health Infrastructure Development Agency,Pavement Overlay for State Health Infrastructure Development Agency at Chandigarh,Road Infrastructure,Pavement Overlay,Chandigarh,Himachal Pradesh,70988462,Open Competitive Bidding,Lowest Evaluated Responsive Bid (L1),2023-01-23 11:30:00,2023-02-22 04:30:00,2023-03-04,2023-03-07,2023-03-11,540,AWARDED
T006,B06,Jal Shakti / State Water & Sewerage Board,Govt Senior School for Jal Shakti / State Water & Sewerage Board at Mohali,Civil Construction,Govt Senior School,Mohali,Himachal Pradesh,131082641,Open Competitive Bidding,Lowest Evaluated Responsive Bid (L1),2023-01-23 11:30:00,2023-02-22 04:30:00,2023-02-27,2023-03-04,2023-03-13,540,AWARDED
T007,B07,Education Engineering Directorate,Sewage Treatment Plant for Education Engineering Directorate at Ludhiana,Water & Sanitation,Sewage Treatment Plant,Ludhiana,Himachal Pradesh,117203521,Limited Tender,Lowest Evaluated Responsive Bid (L1),2023-01-24 11:30:00,2023-02-21 04:30:00,2023-02-28,2023-03-03,2023-03-07,240,AWARDED
T008,B08,State Electricity Board Ltd (HPSEBL),Smart Metering System for State Electricity Board Ltd (HPSEBL) at Ambala,Electrical & Energy,Smart Metering System,Ambala,Himachal Pradesh,117050206,Open Competitive Bidding,Lowest Evaluated Responsive Bid (L1),2023-01-25 11:30:00,2023-02-27 04:30:00,2023-03-08,2023-03-15,2023-03-25,240,AWARDED
T009,B01,Public Works Department (PWD) - Roads Division,Bridge Construction for Public Works Department (PWD) at Panchkula,Road Infrastructure,Bridge Construction,Panchkula,Himachal Pradesh,6000599,Limited Tender,Lowest Evaluated Responsive Bid (L1),2023-01-26 11:30:00,2023-02-24 04:30:00,2023-03-04,2023-03-11,2023-03-15,180,AWARDED
T010,B01,Public Works Department (PWD) - Roads Division,Administrative Complex for Public Works Department (PWD) at Dehradun,Civil Construction,Administrative Complex,Dehradun,Himachal Pradesh,27386360,Open Competitive Bidding,Lowest Evaluated Responsive Bid (L1),2023-01-30 11:30:00,2023-02-24 04:30:00,2023-03-05,2023-03-08,2023-03-16,365,AWARDED
T011,B03,Municipal Corporation Solan - Works Wing,Rural Water Supply Pipeline for Municipal Corporation Solan at Haridwar,Water & Sanitation,Rural Water Supply Pipeline,Haridwar,Himachal Pradesh,120553299,Open Competitive Bidding,Lowest Evaluated Responsive Bid (L1),2023-01-30 11:30:00,2023-02-21 04:30:00,2023-03-01,2023-03-08,2023-03-14,90,AWARDED
T012,B04,Rural Development & Panchayati Raj Dept,Substation 33/11kV for Rural Development & Panchayati Raj Dept at Jaipur,Electrical & Energy,Substation 33/11kV,Jaipur,Himachal Pradesh,43055028,Open Competitive Bidding,Lowest Evaluated Responsive Bid (L1),2023-01-30 11:30:00,2023-02-21 04:30:00,2023-02-25,2023-03-01,2023-03-11,90,AWARDED
T013,B05,State Health Infrastructure Development Agency,Bridge Construction for State Health Infrastructure Development Agency at New Delhi,Road Infrastructure,Bridge Construction,New Delhi,Himachal Pradesh,89321382,Open Competitive Bidding,Lowest Evaluated Responsive Bid (L1),2023-01-31 11:30:00,2023-03-08 04:30:00,2023-03-16,2023-03-19,2023-03-24,365,AWARDED
T014,B06,Jal Shakti / State Water & Sewerage Board,District Sports Stadium for Jal Shakti / State Water & Sewerage Board at Shimla,Civil Construction,District Sports Stadium,Shimla,Himachal Pradesh,155002819,Open Competitive Bidding,Lowest Evaluated Responsive Bid (L1),2023-02-02 11:30:00,2023-03-06 04:30:00,2023-03-10,2023-03-13,2023-03-22,365,AWARDED
T015,B07,Education Engineering Directorate,Lift Irrigation Scheme for Education Engineering Directorate at Solan,Water & Sanitation,Lift Irrigation Scheme,Solan,Himachal Pradesh,233493874,Direct Contracting,Lowest Evaluated Responsive Bid (L1),2023-02-03 11:30:00,2023-02-26 04:30:00,2023-03-06,2023-03-09,2023-03-16,540,AWARDED
T016,B01,Public Works Department (PWD) - Roads Division,"Maintenance & Resurfacing Package B - Sector 4, Mandi",Electrical & Energy,HT Transmission Line,Mandi,Himachal Pradesh,4850000,Open Competitive Bidding,Lowest Evaluated Responsive Bid (L1),2023-02-04 11:30:00,2023-03-10 04:30:00,2023-03-16,2023-03-21,2023-03-28,240,AWARDED
T017,B01,Public Works Department (PWD) - Roads Division,Pavement Overlay for Public Works Department (PWD) at Dharamshala,Road Infrastructure,Pavement Overlay,Dharamshala,Himachal Pradesh,94957553,Open Competitive Bidding,Lowest Evaluated Responsive Bid (L1),2023-02-11 23:45:00,2023-03-07 16:45:00,2023-03-11,2023-03-16,2023-03-26,90,AWARDED
T018,B02,National Highways Authority of India (NHAI) - RO Shimla,Govt Senior School for National Highways Authority of India (NHAI) at Chandigarh,Civil Construction,Govt Senior School,Chandigarh,Himachal Pradesh,19508964,Open Competitive Bidding,Lowest Evaluated Responsive Bid (L1),2023-02-07 11:30:00,2023-03-03 04:30:00,2023-03-13,2023-03-18,2023-03-25,365,AWARDED
T019,B03,Municipal Corporation Solan - Works Wing,Sewage Treatment Plant for Municipal Corporation Solan at Mohali,Water & Sanitation,Sewage Treatment Plant,Mohali,Himachal Pradesh,110995582,Open Competitive Bidding,Lowest Evaluated Responsive Bid (L1),2023-02-08 11:30:00,2023-03-15 04:30:00,2023-03-25,2023-04-01,2023-04-04,240,AWARDED
T020,B04,Rural Development & Panchayati Raj Dept,Solar Microgrid 500kW for Rural Development & Panchayati Raj Dept at Ludhiana,Electrical & Energy,Solar Microgrid 500kW,Ludhiana,Himachal Pradesh,75187363,Open Competitive Bidding,Lowest Evaluated Responsive Bid (L1),2023-02-10 11:30:00,2023-02-15 04:30:00,2023-02-21,2023-02-27,2023-03-09,540,AWARDED
T021,B01,Public Works Department (PWD) - Roads Division,Bridge Construction for Public Works Department (PWD) at Ambala,Road Infrastructure,Bridge Construction,Ambala,Himachal Pradesh,13990501,Open Competitive Bidding,Lowest Evaluated Responsive Bid (L1),2023-02-13 11:30:00,2023-03-18 04:30:00,2023-03-24,2023-03-31,2023-04-10,365,AWARDED
T022,B06,Jal Shakti / State Water & Sewerage Board,Community Health Center for Jal Shakti / State Water & Sewerage Board at Panchkula,Civil Construction,Community Health Center,Panchkula,Himachal Pradesh,21866554,Open Competitive Bidding,Lowest Evaluated Responsive Bid (L1),2023-02-13 11:30:00,2023-03-10 04:30:00,2023-03-19,2023-03-24,2023-03-30,365,AWARDED
T023,B07,Education Engineering Directorate,Rural Water Supply Pipeline for Education Engineering Directorate at Dehradun,Water & Sanitation,Rural Water Supply Pipeline,Dehradun,Himachal Pradesh,128390469,Limited Tender,Lowest Evaluated Responsive Bid (L1),2023-02-13 11:30:00,2023-03-21 04:30:00,2023-03-27,2023-04-03,2023-04-08,240,AWARDED
T024,B08,State Electricity Board Ltd (HPSEBL),HT Transmission Line for State Electricity Board Ltd (HPSEBL) at Haridwar,Electrical & Energy,HT Transmission Line,Haridwar,Himachal Pradesh,180915633,Direct Contracting,Lowest Evaluated Responsive Bid (L1),2023-02-15 11:30:00,2023-03-16 04:30:00,2023-03-20,2023-03-24,2023-03-30,365,AWARDED
T025,B01,Public Works Department (PWD) - Roads Division,Bridge Construction for Public Works Department (PWD) at Jaipur,Road Infrastructure,Bridge Construction,Jaipur,Himachal Pradesh,105780752,Open Competitive Bidding,Lowest Evaluated Responsive Bid (L1),2023-02-16 11:30:00,2023-03-23 04:30:00,2023-04-01,2023-04-06,2023-04-10,365,AWARDED
T026,B02,National Highways Authority of India (NHAI) - RO Shimla,Govt Senior School for National Highways Authority of India (NHAI) at New Delhi,Civil Construction,Govt Senior School,New Delhi,Himachal Pradesh,30170303,Limited Tender,Lowest Evaluated Responsive Bid (L1),2023-02-17 11:30:00,2023-03-21 04:30:00,2023-03-27,2023-04-03,2023-04-11,240,AWARDED
T027,B03,Municipal Corporation Solan - Works Wing,Lift Irrigation Scheme for Municipal Corporation Solan at Shimla,Water & Sanitation,Lift Irrigation Scheme,Shimla,Himachal Pradesh,74734049,Open Competitive Bidding,Lowest Evaluated Responsive Bid (L1),2023-02-20 11:30:00,2023-03-14 04:30:00,2023-03-19,2023-03-25,2023-03-29,365,AWARDED
T028,B04,Rural Development & Panchayati Raj Dept,Smart Metering System for Rural Development & Panchayati Raj Dept at Solan,Electrical & Energy,Smart Metering System,Solan,Himachal Pradesh,29024410,Open Competitive Bidding,Lowest Evaluated Responsive Bid (L1),2023-02-20 11:30:00,2023-03-19 04:30:00,2023-03-26,2023-03-31,2023-04-07,180,AWARDED
T029,B05,State Health Infrastructure Development Agency,Pavement Overlay for State Health Infrastructure Development Agency at Mandi,Road Infrastructure,Pavement Overlay,Mandi,Himachal Pradesh,80709930,Open Competitive Bidding,Lowest Evaluated Responsive Bid (L1),2023-02-21 11:30:00,2023-03-24 04:30:00,2023-03-30,2023-04-04,2023-04-08,180,AWARDED
T030,B01,Public Works Department (PWD) - Roads Division,Community Health Center for Public Works Department (PWD) at Dharamshala,Civil Construction,Community Health Center,Dharamshala,Himachal Pradesh,29535356,Open Competitive Bidding,Lowest Evaluated Responsive Bid (L1),2023-02-23 11:30:00,2023-03-25 04:30:00,2023-03-30,2023-04-05,2023-04-14,180,AWARDED
T031,B07,Education Engineering Directorate,Stormwater Drainage Network for Education Engineering Directorate at Chandigarh,Water & Sanitation,Stormwater Drainage Network,Chandigarh,Himachal Pradesh,146463985,Limited Tender,Lowest Evaluated Responsive Bid (L1),2023-02-24 11:30:00,2023-03-29 04:30:00,2023-04-03,2023-04-10,2023-04-18,90,AWARDED
T032,B08,State Electricity Board Ltd (HPSEBL),Solar Microgrid 500kW for State Electricity Board Ltd (HPSEBL) at Mohali,Electrical & Energy,Solar Microgrid 500kW,Mohali,Himachal Pradesh,172063715,Open Competitive Bidding,Lowest Evaluated Responsive Bid (L1),2023-03-04 23:45:00,2023-03-11 16:45:00,2023-03-18,2023-03-25,2023-04-04,540,AWARDED
T033,B01,Public Works Department (PWD) - Roads Division,Bridge Construction for Public Works Department (PWD) at Ludhiana,Road Infrastructure,Bridge Construction,Ludhiana,Himachal Pradesh,179745078,Limited Tender,Lowest Evaluated Responsive Bid (L1),2023-02-27 11:30:00,2023-04-04 04:30:00,2023-04-12,2023-04-16,2023-04-24,180,AWARDED
T034,B02,National Highways Authority of India (NHAI) - RO Shimla,District Sports Stadium for National Highways Authority of India (NHAI) at Ambala,Civil Construction,District Sports Stadium,Ambala,Himachal Pradesh,113789019,Open Competitive Bidding,Lowest Evaluated Responsive Bid (L1),2023-02-28 11:30:00,2023-03-27 04:30:00,2023-04-05,2023-04-09,2023-04-19,365,AWARDED
T035,B03,Municipal Corporation Solan - Works Wing,Sewage Treatment Plant for Municipal Corporation Solan at Panchkula,Water & Sanitation,Sewage Treatment Plant,Panchkula,Himachal Pradesh,10659225,Open Competitive Bidding,Lowest Evaluated Responsive Bid (L1),2023-03-01 11:30:00,2023-03-08 04:30:00,2023-03-12,2023-03-18,2023-03-26,90,AWARDED
T036,B04,Rural Development & Panchayati Raj Dept,Substation 33/11kV for Rural Development & Panchayati Raj Dept at Dehradun,Electrical & Energy,Substation 33/11kV,Dehradun,Himachal Pradesh,123920541,Open Competitive Bidding,Lowest Evaluated Responsive Bid (L1),2023-03-02 11:30:00,2023-04-02 04:30:00,2023-04-06,2023-04-09,2023-04-12,180,AWARDED
T037,B05,State Health Infrastructure Development Agency,Rural Road Upgrade for State Health Infrastructure Development Agency at Haridwar,Road Infrastructure,Rural Road Upgrade,Haridwar,Himachal Pradesh,86735361,Open Competitive Bidding,Lowest Evaluated Responsive Bid (L1),2023-03-06 11:30:00,2023-04-05 04:30:00,2023-04-12,2023-04-19,2023-04-29,180,AWARDED
T038,B06,Jal Shakti / State Water & Sewerage Board,District Sports Stadium for Jal Shakti / State Water & Sewerage Board at Jaipur,Civil Construction,District Sports Stadium,Jaipur,Himachal Pradesh,141230479,Open Competitive Bidding,Lowest Evaluated Responsive Bid (L1),2023-03-06 11:30:00,2023-04-09 04:30:00,2023-04-18,2023-04-22,2023-04-25,540,AWARDED
T039,B07,Education Engineering Directorate,Stormwater Drainage Network for Education Engineering Directorate at New Delhi,Water & Sanitation,Stormwater Drainage Network,New Delhi,Himachal Pradesh,140068080,Open Competitive Bidding,Lowest Evaluated Responsive Bid (L1),2023-03-06 11:30:00,2023-03-31 04:30:00,2023-04-04,2023-04-08,2023-04-13,365,AWARDED
T040,B08,State Electricity Board Ltd (HPSEBL),HT Transmission Line for State Electricity Board Ltd (HPSEBL) at Shimla,Electrical & Energy,HT Transmission Line,Shimla,Himachal Pradesh,19369418,Open Competitive Bidding,Lowest Evaluated Responsive Bid (L1),2023-03-08 11:30:00,2023-04-04 04:30:00,2023-04-13,2023-04-17,2023-04-25,540,AWARDED
T041,B01,Public Works Department (PWD) - Roads Division,Bridge Construction for Public Works Department (PWD) at Solan,Road Infrastructure,Bridge Construction,Solan,Himachal Pradesh,14558011,Limited Tender,Lowest Evaluated Responsive Bid (L1),2023-03-09 11:30:00,2023-04-13 04:30:00,2023-04-23,2023-04-26,2023-04-30,540,AWARDED
T042,B02,National Highways Authority of India (NHAI) - RO Shimla,Administrative Complex for National Highways Authority of India (NHAI) at Mandi,Civil Construction,Administrative Complex,Mandi,Himachal Pradesh,46273153,Open Competitive Bidding,Lowest Evaluated Responsive Bid (L1),2023-03-10 11:30:00,2023-04-08 04:30:00,2023-04-16,2023-04-22,2023-05-02,365,AWARDED
T043,B03,Municipal Corporation Solan - Works Wing,Rural Water Supply Pipeline for Municipal Corporation Solan at Dharamshala,Water & Sanitation,Rural Water Supply Pipeline,Dharamshala,Himachal Pradesh,167525645,Open Competitive Bidding,Lowest Evaluated Responsive Bid (L1),2023-03-13 11:30:00,2023-04-05 04:30:00,2023-04-10,2023-04-13,2023-04-22,240,AWARDED
T044,B04,Rural Development & Panchayati Raj Dept,Substation 33/11kV for Rural Development & Panchayati Raj Dept at Chandigarh,Electrical & Energy,Substation 33/11kV,Chandigarh,Himachal Pradesh,138206147,Open Competitive Bidding,Lowest Evaluated Responsive Bid (L1),2023-03-13 11:30:00,2023-04-16 04:30:00,2023-04-24,2023-04-30,2023-05-03,540,AWARDED
T045,B05,State Health Infrastructure Development Agency,Rural Road Upgrade for State Health Infrastructure Development Agency at Mohali,Road Infrastructure,Rural Road Upgrade,Mohali,Himachal Pradesh,122249432,Open Competitive Bidding,Lowest Evaluated Responsive Bid (L1),2023-03-14 11:30:00,2023-04-15 04:30:00,2023-04-21,2023-04-27,2023-05-03,540,AWARDED
T046,B06,Jal Shakti / State Water & Sewerage Board,District Sports Stadium for Jal Shakti / State Water & Sewerage Board at Ludhiana,Civil Construction,District Sports Stadium,Ludhiana,Himachal Pradesh,53512646,Limited Tender,Lowest Evaluated Responsive Bid (L1),2023-03-15 11:30:00,2023-04-20 04:30:00,2023-04-29,2023-05-04,2023-05-07,540,AWARDED
T047,B07,Education Engineering Directorate,Sewage Treatment Plant for Education Engineering Directorate at Ambala,Water & Sanitation,Sewage Treatment Plant,Ambala,Himachal Pradesh,125632406,Open Competitive Bidding,Lowest Evaluated Responsive Bid (L1),2023-03-17 11:30:00,2023-04-19 04:30:00,2023-04-27,2023-05-02,2023-05-11,365,AWARDED
T048,B08,State Electricity Board Ltd (HPSEBL),Smart Metering System for State Electricity Board Ltd (HPSEBL) at Panchkula,Electrical & Energy,Smart Metering System,Panchkula,Himachal Pradesh,25041943,Open Competitive Bidding,Lowest Evaluated Responsive Bid (L1),2023-03-20 11:30:00,2023-04-21 04:30:00,2023-04-30,2023-05-07,2023-05-12,240,AWARDED
T049,B01,Public Works Department (PWD) - Roads Division,Rural Road Upgrade for Public Works Department (PWD) at Dehradun,Road Infrastructure,Rural Road Upgrade,Dehradun,Himachal Pradesh,15374707,Open Competitive Bidding,Lowest Evaluated Responsive Bid (L1),2023-03-20 11:30:00,2023-04-17 04:30:00,2023-04-24,2023-04-28,2023-05-04,90,AWARDED
T050,B02,National Highways Authority of India (NHAI) - RO Shimla,Govt Senior School for National Highways Authority of India (NHAI) at Haridwar,Civil Construction,Govt Senior School,Haridwar,Himachal Pradesh,12367076,Open Competitive Bidding,Lowest Evaluated Responsive Bid (L1),2023-03-21 11:30:00,2023-04-20 04:30:00,2023-04-27,2023-05-03,2023-05-08,240,AWARDED
T051,B03,Municipal Corporation Solan - Works Wing,Stormwater Drainage Network for Municipal Corporation Solan at Jaipur,Water & Sanitation,Stormwater Drainage Network,Jaipur,Himachal Pradesh,59573236,Open Competitive Bidding,Lowest Evaluated Responsive Bid (L1),2023-03-22 11:30:00,2023-04-26 04:30:00,2023-05-02,2023-05-07,2023-05-10,180,AWARDED
T052,B04,Rural Development & Panchayati Raj Dept,Smart Metering System for Rural Development & Panchayati Raj Dept at New Delhi,Electrical & Energy,Smart Metering System,New Delhi,Himachal Pradesh,44412626,Open Competitive Bidding,Lowest Evaluated Responsive Bid (L1),2023-03-23 11:30:00,2023-04-17 04:30:00,2023-04-23,2023-04-27,2023-05-06,180,AWARDED
T053,B05,State Health Infrastructure Development Agency,Highway Widening for State Health Infrastructure Development Agency at Shimla,Road Infrastructure,Highway Widening,Shimla,Himachal Pradesh,169871152,Open Competitive Bidding,Lowest Evaluated Responsive Bid (L1),2023-03-24 11:30:00,2023-04-23 04:30:00,2023-04-29,2023-05-04,2023-05-11,90,AWARDED
T054,B06,Jal Shakti / State Water & Sewerage Board,District Sports Stadium for Jal Shakti / State Water & Sewerage Board at Solan,Civil Construction,District Sports Stadium,Solan,Himachal Pradesh,83836528,Open Competitive Bidding,Lowest Evaluated Responsive Bid (L1),2023-03-27 11:30:00,2023-04-20 04:30:00,2023-04-28,2023-05-02,2023-05-11,540,AWARDED
T055,B07,Education Engineering Directorate,Sewage Treatment Plant for Education Engineering Directorate at Mandi,Water & Sanitation,Sewage Treatment Plant,Mandi,Himachal Pradesh,10549626,Open Competitive Bidding,Lowest Evaluated Responsive Bid (L1),2023-03-27 11:30:00,2023-04-19 04:30:00,2023-04-25,2023-05-02,2023-05-06,240,AWARDED
T056,B08,State Electricity Board Ltd (HPSEBL),Smart Metering System for State Electricity Board Ltd (HPSEBL) at Dharamshala,Electrical & Energy,Smart Metering System,Dharamshala,Himachal Pradesh,34071529,Open Competitive Bidding,Lowest Evaluated Responsive Bid (L1),2023-03-28 11:30:00,2023-05-03 04:30:00,2023-05-11,2023-05-15,2023-05-20,540,AWARDED
T057,B01,Public Works Department (PWD) - Roads Division,Rural Road Upgrade for Public Works Department (PWD) at Chandigarh,Road Infrastructure,Rural Road Upgrade,Chandigarh,Himachal Pradesh,176649245,Open Competitive Bidding,Lowest Evaluated Responsive Bid (L1),2023-03-30 11:30:00,2023-05-01 04:30:00,2023-05-10,2023-05-16,2023-05-24,365,AWARDED
T058,B02,National Highways Authority of India (NHAI) - RO Shimla,Community Health Center for National Highways Authority of India (NHAI) at Mohali,Civil Construction,Community Health Center,Mohali,Himachal Pradesh,15494515,Open Competitive Bidding,Lowest Evaluated Responsive Bid (L1),2023-03-31 11:30:00,2023-05-04 04:30:00,2023-05-13,2023-05-16,2023-05-19,90,AWARDED
T059,B03,Municipal Corporation Solan - Works Wing,Sewage Treatment Plant for Municipal Corporation Solan at Ludhiana,Water & Sanitation,Sewage Treatment Plant,Ludhiana,Himachal Pradesh,108872729,Open Competitive Bidding,Lowest Evaluated Responsive Bid (L1),2023-04-03 11:30:00,2023-05-04 04:30:00,2023-05-08,2023-05-13,2023-05-21,540,AWARDED
T060,B04,Rural Development & Panchayati Raj Dept,Substation 33/11kV for Rural Development & Panchayati Raj Dept at Ambala,Electrical & Energy,Substation 33/11kV,Ambala,Himachal Pradesh,10571026,Limited Tender,Lowest Evaluated Responsive Bid (L1),2023-04-03 11:30:00,2023-05-07 04:30:00,2023-05-17,2023-05-21,2023-05-28,180,AWARDED
T061,B05,State Health Infrastructure Development Agency,Highway Widening for State Health Infrastructure Development Agency at Panchkula,Road Infrastructure,Highway Widening,Panchkula,Himachal Pradesh,12151781,Open Competitive Bidding,Lowest Evaluated Responsive Bid (L1),2023-04-04 11:30:00,2023-05-03 04:30:00,2023-05-09,2023-05-14,2023-05-18,90,AWARDED
T062,B06,Jal Shakti / State Water & Sewerage Board,District Sports Stadium for Jal Shakti / State Water & Sewerage Board at Dehradun,Civil Construction,District Sports Stadium,Dehradun,Himachal Pradesh,41663907,Open Competitive Bidding,Lowest Evaluated Responsive Bid (L1),2023-04-05 11:30:00,2023-05-06 04:30:00,2023-05-15,2023-05-20,2023-05-29,90,AWARDED
T063,B07,Education Engineering Directorate,Lift Irrigation Scheme for Education Engineering Directorate at Haridwar,Water & Sanitation,Lift Irrigation Scheme,Haridwar,Himachal Pradesh,30229390,Open Competitive Bidding,Lowest Evaluated Responsive Bid (L1),2023-04-06 11:30:00,2023-05-08 04:30:00,2023-05-18,2023-05-24,2023-05-27,180,AWARDED
T064,B08,State Electricity Board Ltd (HPSEBL),Smart Metering System for State Electricity Board Ltd (HPSEBL) at Jaipur,Electrical & Energy,Smart Metering System,Jaipur,Himachal Pradesh,175721784,Open Competitive Bidding,Lowest Evaluated Responsive Bid (L1),2023-04-10 11:30:00,2023-05-12 04:30:00,2023-05-17,2023-05-20,2023-05-23,180,AWARDED
T065,B01,Public Works Department (PWD) - Roads Division,Rural Road Upgrade for Public Works Department (PWD) at New Delhi,Road Infrastructure,Rural Road Upgrade,New Delhi,Himachal Pradesh,161169188,Limited Tender,Lowest Evaluated Responsive Bid (L1),2023-04-10 11:30:00,2023-05-03 04:30:00,2023-05-07,2023-05-12,2023-05-18,90,AWARDED
T066,B02,National Highways Authority of India (NHAI) - RO Shimla,Community Health Center for National Highways Authority of India (NHAI) at Shimla,Civil Construction,Community Health Center,Shimla,Himachal Pradesh,118745936,Open Competitive Bidding,Lowest Evaluated Responsive Bid (L1),2023-04-10 11:30:00,2023-05-06 04:30:00,2023-05-14,2023-05-17,2023-05-24,540,AWARDED
T067,B03,Municipal Corporation Solan - Works Wing,Lift Irrigation Scheme for Municipal Corporation Solan at Solan,Water & Sanitation,Lift Irrigation Scheme,Solan,Himachal Pradesh,103574930,Open Competitive Bidding,Lowest Evaluated Responsive Bid (L1),2023-04-12 11:30:00,2023-05-05 04:30:00,2023-05-13,2023-05-16,2023-05-21,540,AWARDED
T068,B04,Rural Development & Panchayati Raj Dept,Smart Metering System for Rural Development & Panchayati Raj Dept at Mandi,Electrical & Energy,Smart Metering System,Mandi,Himachal Pradesh,31403602,Open Competitive Bidding,Lowest Evaluated Responsive Bid (L1),2023-04-13 11:30:00,2023-05-08 04:30:00,2023-05-16,2023-05-20,2023-05-29,90,AWARDED
T069,B05,State Health Infrastructure Development Agency,Pavement Overlay for State Health Infrastructure Development Agency at Dharamshala,Road Infrastructure,Pavement Overlay,Dharamshala,Himachal Pradesh,147361151,Open Competitive Bidding,Lowest Evaluated Responsive Bid (L1),2023-04-14 11:30:00,2023-05-11 04:30:00,2023-05-21,2023-05-25,2023-06-04,240,AWARDED
T070,B06,Jal Shakti / State Water & Sewerage Board,Govt Senior School for Jal Shakti / State Water & Sewerage Board at Chandigarh,Civil Construction,Govt Senior School,Chandigarh,Himachal Pradesh,35382590,Open Competitive Bidding,Lowest Evaluated Responsive Bid (L1),2023-04-17 11:30:00,2023-05-14 04:30:00,2023-05-23,2023-05-26,2023-06-02,90,AWARDED
T071,B07,Education Engineering Directorate,Sewage Treatment Plant for Education Engineering Directorate at Mohali,Water & Sanitation,Sewage Treatment Plant,Mohali,Himachal Pradesh,136677915,Open Competitive Bidding,Lowest Evaluated Responsive Bid (L1),2023-04-17 11:30:00,2023-05-09 04:30:00,2023-05-16,2023-05-22,2023-05-27,180,AWARDED
T072,B08,State Electricity Board Ltd (HPSEBL),Substation 33/11kV for State Electricity Board Ltd (HPSEBL) at Ludhiana,Electrical & Energy,Substation 33/11kV,Ludhiana,Himachal Pradesh,146761200,Open Competitive Bidding,Lowest Evaluated Responsive Bid (L1),2023-04-18 11:30:00,2023-05-23 04:30:00,2023-06-02,2023-06-05,2023-06-11,365,AWARDED
T073,B01,Public Works Department (PWD) - Roads Division,Pavement Overlay for Public Works Department (PWD) at Ambala,Road Infrastructure,Pavement Overlay,Ambala,Himachal Pradesh,88670112,Open Competitive Bidding,Lowest Evaluated Responsive Bid (L1),2023-04-19 11:30:00,2023-05-13 04:30:00,2023-05-22,2023-05-29,2023-06-06,540,AWARDED
T074,B02,National Highways Authority of India (NHAI) - RO Shimla,Govt Senior School for National Highways Authority of India (NHAI) at Panchkula,Civil Construction,Govt Senior School,Panchkula,Himachal Pradesh,135860688,Open Competitive Bidding,Lowest Evaluated Responsive Bid (L1),2023-04-21 11:30:00,2023-05-27 04:30:00,2023-06-03,2023-06-08,2023-06-17,365,AWARDED
T075,B03,Municipal Corporation Solan - Works Wing,Rural Water Supply Pipeline for Municipal Corporation Solan at Dehradun,Water & Sanitation,Rural Water Supply Pipeline,Dehradun,Himachal Pradesh,175799694,Open Competitive Bidding,Lowest Evaluated Responsive Bid (L1),2023-04-24 11:30:00,2023-05-24 04:30:00,2023-05-31,2023-06-04,2023-06-12,240,AWARDED
T076,B04,Rural Development & Panchayati Raj Dept,Substation 33/11kV for Rural Development & Panchayati Raj Dept at Haridwar,Electrical & Energy,Substation 33/11kV,Haridwar,Himachal Pradesh,37372797,Open Competitive Bidding,Lowest Evaluated Responsive Bid (L1),2023-04-24 11:30:00,2023-05-16 04:30:00,2023-05-23,2023-05-26,2023-06-04,180,AWARDED
T077,B05,State Health Infrastructure Development Agency,Pavement Overlay for State Health Infrastructure Development Agency at Jaipur,Road Infrastructure,Pavement Overlay,Jaipur,Himachal Pradesh,75821875,Open Competitive Bidding,Lowest Evaluated Responsive Bid (L1),2023-04-25 11:30:00,2023-05-28 04:30:00,2023-06-04,2023-06-11,2023-06-15,180,AWARDED
T078,B06,Jal Shakti / State Water & Sewerage Board,District Sports Stadium for Jal Shakti / State Water & Sewerage Board at New Delhi,Civil Construction,District Sports Stadium,New Delhi,Himachal Pradesh,8882763,Open Competitive Bidding,Lowest Evaluated Responsive Bid (L1),2023-04-26 11:30:00,2023-05-31 04:30:00,2023-06-10,2023-06-13,2023-06-23,180,AWARDED
T079,B07,Education Engineering Directorate,Rural Water Supply Pipeline for Education Engineering Directorate at Shimla,Water & Sanitation,Rural Water Supply Pipeline,Shimla,Himachal Pradesh,84082934,Open Competitive Bidding,Lowest Evaluated Responsive Bid (L1),2023-04-27 11:30:00,2023-06-01 04:30:00,2023-06-06,2023-06-13,2023-06-18,365,AWARDED
T080,B08,State Electricity Board Ltd (HPSEBL),Smart Metering System for State Electricity Board Ltd (HPSEBL) at Solan,Electrical & Energy,Smart Metering System,Solan,Himachal Pradesh,29732134,Open Competitive Bidding,Lowest Evaluated Responsive Bid (L1),2023-05-01 11:30:00,2023-06-05 04:30:00,2023-06-14,2023-06-18,2023-06-22,180,AWARDED
T081,B01,Public Works Department (PWD) - Roads Division,Pavement Overlay for Public Works Department (PWD) at Mandi,Road Infrastructure,Pavement Overlay,Mandi,Himachal Pradesh,4753363,Open Competitive Bidding,Lowest Evaluated Responsive Bid (L1),2023-05-01 11:30:00,2023-05-23 04:30:00,2023-05-31,2023-06-04,2023-06-12,240,AWARDED
T082,B02,National Highways Authority of India (NHAI) - RO Shimla,Administrative Complex for National Highways Authority of India (NHAI) at Dharamshala,Civil Construction,Administrative Complex,Dharamshala,Himachal Pradesh,30606571,Open Competitive Bidding,Lowest Evaluated Responsive Bid (L1),2023-05-01 11:30:00,2023-06-02 04:30:00,2023-06-10,2023-06-15,2023-06-20,90,AWARDED
T083,B03,Municipal Corporation Solan - Works Wing,Lift Irrigation Scheme for Municipal Corporation Solan at Chandigarh,Water & Sanitation,Lift Irrigation Scheme,Chandigarh,Himachal Pradesh,95498931,Open Competitive Bidding,Lowest Evaluated Responsive Bid (L1),2023-05-02 11:30:00,2023-05-26 04:30:00,2023-05-30,2023-06-05,2023-06-14,240,AWARDED
T084,B04,Rural Development & Panchayati Raj Dept,Solar Microgrid 500kW for Rural Development & Panchayati Raj Dept at Mohali,Electrical & Energy,Solar Microgrid 500kW,Mohali,Himachal Pradesh,45624871,Open Competitive Bidding,Lowest Evaluated Responsive Bid (L1),2023-05-04 11:30:00,2023-06-03 04:30:00,2023-06-13,2023-06-19,2023-06-29,90,AWARDED
T085,B05,State Health Infrastructure Development Agency,Bridge Construction for State Health Infrastructure Development Agency at Ludhiana,Road Infrastructure,Bridge Construction,Ludhiana,Himachal Pradesh,143619304,Open Competitive Bidding,Lowest Evaluated Responsive Bid (L1),2023-05-05 11:30:00,2023-06-01 04:30:00,2023-06-10,2023-06-13,2023-06-16,365,AWARDED
T086,B06,Jal Shakti / State Water & Sewerage Board,Govt Senior School for Jal Shakti / State Water & Sewerage Board at Ambala,Civil Construction,Govt Senior School,Ambala,Himachal Pradesh,31297555,Open Competitive Bidding,Lowest Evaluated Responsive Bid (L1),2023-05-08 11:30:00,2023-06-05 04:30:00,2023-06-14,2023-06-21,2023-06-29,365,AWARDED
T087,B07,Education Engineering Directorate,Lift Irrigation Scheme for Education Engineering Directorate at Panchkula,Water & Sanitation,Lift Irrigation Scheme,Panchkula,Himachal Pradesh,58261074,Open Competitive Bidding,Lowest Evaluated Responsive Bid (L1),2023-05-08 11:30:00,2023-06-11 04:30:00,2023-06-19,2023-06-22,2023-06-30,90,AWARDED
T088,B08,State Electricity Board Ltd (HPSEBL),Substation 33/11kV for State Electricity Board Ltd (HPSEBL) at Dehradun,Electrical & Energy,Substation 33/11kV,Dehradun,Himachal Pradesh,143249186,Open Competitive Bidding,Lowest Evaluated Responsive Bid (L1),2023-05-09 11:30:00,2023-06-01 04:30:00,2023-06-11,2023-06-18,2023-06-23,540,AWARDED
T089,B01,Public Works Department (PWD) - Roads Division,Rural Road Upgrade for Public Works Department (PWD) at Haridwar,Road Infrastructure,Rural Road Upgrade,Haridwar,Himachal Pradesh,147852297,Open Competitive Bidding,Lowest Evaluated Responsive Bid (L1),2023-05-10 11:30:00,2023-06-14 04:30:00,2023-06-23,2023-06-29,2023-07-03,180,AWARDED
T090,B02,National Highways Authority of India (NHAI) - RO Shimla,Community Health Center for National Highways Authority of India (NHAI) at Jaipur,Civil Construction,Community Health Center,Jaipur,Himachal Pradesh,37871949,Open Competitive Bidding,Lowest Evaluated Responsive Bid (L1),2023-05-12 11:30:00,2023-06-09 04:30:00,2023-06-16,2023-06-19,2023-06-29,180,AWARDED
T091,B03,Municipal Corporation Solan - Works Wing,Lift Irrigation Scheme for Municipal Corporation Solan at New Delhi,Water & Sanitation,Lift Irrigation Scheme,New Delhi,Himachal Pradesh,59885643,Open Competitive Bidding,Lowest Evaluated Responsive Bid (L1),2023-05-15 11:30:00,2023-06-17 04:30:00,2023-06-26,2023-07-01,2023-07-07,540,AWARDED
T092,B04,Rural Development & Panchayati Raj Dept,Solar Microgrid 500kW for Rural Development & Panchayati Raj Dept at Shimla,Electrical & Energy,Solar Microgrid 500kW,Shimla,Himachal Pradesh,69582135,Open Competitive Bidding,Lowest Evaluated Responsive Bid (L1),2023-05-15 11:30:00,2023-06-18 04:30:00,2023-06-23,2023-06-29,2023-07-06,180,AWARDED
T093,B05,State Health Infrastructure Development Agency,Highway Widening for State Health Infrastructure Development Agency at Solan,Road Infrastructure,Highway Widening,Solan,Himachal Pradesh,46240942,Open Competitive Bidding,Lowest Evaluated Responsive Bid (L1),2023-05-15 11:30:00,2023-06-08 04:30:00,2023-06-16,2023-06-23,2023-06-28,365,AWARDED
T094,B06,Jal Shakti / State Water & Sewerage Board,Administrative Complex for Jal Shakti / State Water & Sewerage Board at Mandi,Civil Construction,Administrative Complex,Mandi,Himachal Pradesh,43829852,Open Competitive Bidding,Lowest Evaluated Responsive Bid (L1),2023-05-17 11:30:00,2023-06-10 04:30:00,2023-06-15,2023-06-20,2023-06-24,365,AWARDED
T095,B07,Education Engineering Directorate,Rural Water Supply Pipeline for Education Engineering Directorate at Dharamshala,Water & Sanitation,Rural Water Supply Pipeline,Dharamshala,Himachal Pradesh,95485119,Open Competitive Bidding,Lowest Evaluated Responsive Bid (L1),2023-05-18 11:30:00,2023-06-23 04:30:00,2023-06-30,2023-07-07,2023-07-11,365,AWARDED
T096,B08,State Electricity Board Ltd (HPSEBL),HT Transmission Line for State Electricity Board Ltd (HPSEBL) at Chandigarh,Electrical & Energy,HT Transmission Line,Chandigarh,Himachal Pradesh,149456685,Open Competitive Bidding,Lowest Evaluated Responsive Bid (L1),2023-05-19 11:30:00,2023-06-16 04:30:00,2023-06-22,2023-06-26,2023-06-29,90,AWARDED
T097,B01,Public Works Department (PWD) - Roads Division,Rural Road Upgrade for Public Works Department (PWD) at Mohali,Road Infrastructure,Rural Road Upgrade,Mohali,Himachal Pradesh,111047285,Open Competitive Bidding,Lowest Evaluated Responsive Bid (L1),2023-05-22 11:30:00,2023-06-22 04:30:00,2023-07-01,2023-07-08,2023-07-15,540,AWARDED
T098,B02,National Highways Authority of India (NHAI) - RO Shimla,Administrative Complex for National Highways Authority of India (NHAI) at Ludhiana,Civil Construction,Administrative Complex,Ludhiana,Himachal Pradesh,77724510,Open Competitive Bidding,Lowest Evaluated Responsive Bid (L1),2023-05-22 11:30:00,2023-06-16 04:30:00,2023-06-24,2023-06-28,2023-07-08,540,AWARDED
T099,B03,Municipal Corporation Solan - Works Wing,Rural Water Supply Pipeline for Municipal Corporation Solan at Ambala,Water & Sanitation,Rural Water Supply Pipeline,Ambala,Himachal Pradesh,98283557,Open Competitive Bidding,Lowest Evaluated Responsive Bid (L1),2023-05-23 11:30:00,2023-06-22 04:30:00,2023-06-30,2023-07-03,2023-07-10,90,AWARDED
T100,B04,Rural Development & Panchayati Raj Dept,Solar Microgrid 500kW for Rural Development & Panchayati Raj Dept at Panchkula,Electrical & Energy,Solar Microgrid 500kW,Panchkula,Himachal Pradesh,31806167,Open Competitive Bidding,Lowest Evaluated Responsive Bid (L1),2023-05-25 11:30:00,2023-06-22 04:30:00,2023-07-02,2023-07-06,2023-07-16,540,AWARDED
T101,B05,State Health Infrastructure Development Agency,Bridge Construction for State Health Infrastructure Development Agency at Dehradun,Road Infrastructure,Bridge Construction,Dehradun,Himachal Pradesh,52868951,Open Competitive Bidding,Lowest Evaluated Responsive Bid (L1),2023-05-26 11:30:00,2023-06-24 04:30:00,2023-07-01,2023-07-05,2023-07-14,240,AWARDED
T102,B06,Jal Shakti / State Water & Sewerage Board,Administrative Complex for Jal Shakti / State Water & Sewerage Board at Haridwar,Civil Construction,Administrative Complex,Haridwar,Himachal Pradesh,8824506,Open Competitive Bidding,Lowest Evaluated Responsive Bid (L1),2023-05-29 11:30:00,2023-06-26 04:30:00,2023-06-30,2023-07-05,2023-07-11,540,AWARDED
T103,B07,Education Engineering Directorate,Stormwater Drainage Network for Education Engineering Directorate at Jaipur,Water & Sanitation,Stormwater Drainage Network,Jaipur,Himachal Pradesh,9701152,Open Competitive Bidding,Lowest Evaluated Responsive Bid (L1),2023-05-29 11:30:00,2023-06-22 04:30:00,2023-07-01,2023-07-05,2023-07-12,90,AWARDED
T104,B08,State Electricity Board Ltd (HPSEBL),Smart Metering System for State Electricity Board Ltd (HPSEBL) at New Delhi,Electrical & Energy,Smart Metering System,New Delhi,Himachal Pradesh,175241382,Open Competitive Bidding,Lowest Evaluated Responsive Bid (L1),2023-05-30 11:30:00,2023-07-01 04:30:00,2023-07-09,2023-07-14,2023-07-22,180,AWARDED
T105,B01,Public Works Department (PWD) - Roads Division,Pavement Overlay for Public Works Department (PWD) at Shimla,Road Infrastructure,Pavement Overlay,Shimla,Himachal Pradesh,62714828,Open Competitive Bidding,Lowest Evaluated Responsive Bid (L1),2023-05-31 11:30:00,2023-06-26 04:30:00,2023-06-30,2023-07-06,2023-07-12,540,AWARDED
T106,B02,National Highways Authority of India (NHAI) - RO Shimla,District Sports Stadium for National Highways Authority of India (NHAI) at Solan,Civil Construction,District Sports Stadium,Solan,Himachal Pradesh,36238805,Open Competitive Bidding,Lowest Evaluated Responsive Bid (L1),2023-06-01 11:30:00,2023-07-05 04:30:00,2023-07-14,2023-07-18,2023-07-27,365,AWARDED
T107,B03,Municipal Corporation Solan - Works Wing,Stormwater Drainage Network for Municipal Corporation Solan at Mandi,Water & Sanitation,Stormwater Drainage Network,Mandi,Himachal Pradesh,27519579,Open Competitive Bidding,Lowest Evaluated Responsive Bid (L1),2023-06-05 11:30:00,2023-06-30 04:30:00,2023-07-05,2023-07-11,2023-07-15,240,AWARDED
T108,B04,Rural Development & Panchayati Raj Dept,Substation 33/11kV for Rural Development & Panchayati Raj Dept at Dharamshala,Electrical & Energy,Substation 33/11kV,Dharamshala,Himachal Pradesh,146076118,Open Competitive Bidding,Lowest Evaluated Responsive Bid (L1),2023-06-05 11:30:00,2023-06-29 04:30:00,2023-07-06,2023-07-11,2023-07-18,365,AWARDED
T109,B05,State Health Infrastructure Development Agency,Bridge Construction for State Health Infrastructure Development Agency at Chandigarh,Road Infrastructure,Bridge Construction,Chandigarh,Himachal Pradesh,101842409,Open Competitive Bidding,Lowest Evaluated Responsive Bid (L1),2023-06-05 11:30:00,2023-06-30 04:30:00,2023-07-08,2023-07-11,2023-07-14,180,AWARDED
T110,B06,Jal Shakti / State Water & Sewerage Board,Administrative Complex for Jal Shakti / State Water & Sewerage Board at Mohali,Civil Construction,Administrative Complex,Mohali,Himachal Pradesh,24654617,Open Competitive Bidding,Lowest Evaluated Responsive Bid (L1),2023-06-07 11:30:00,2023-07-08 04:30:00,2023-07-16,2023-07-20,2023-07-29,240,AWARDED
T111,B07,Education Engineering Directorate,Stormwater Drainage Network for Education Engineering Directorate at Ludhiana,Water & Sanitation,Stormwater Drainage Network,Ludhiana,Himachal Pradesh,9325417,Limited Tender,Lowest Evaluated Responsive Bid (L1),2023-06-08 11:30:00,2023-07-12 04:30:00,2023-07-22,2023-07-27,2023-08-01,365,AWARDED
T112,B08,State Electricity Board Ltd (HPSEBL),Smart Metering System for State Electricity Board Ltd (HPSEBL) at Ambala,Electrical & Energy,Smart Metering System,Ambala,Himachal Pradesh,163254580,Open Competitive Bidding,Lowest Evaluated Responsive Bid (L1),2023-06-09 11:30:00,2023-07-10 04:30:00,2023-07-18,2023-07-21,2023-07-27,365,AWARDED
T113,B01,Public Works Department (PWD) - Roads Division,Pavement Overlay for Public Works Department (PWD) at Panchkula,Road Infrastructure,Pavement Overlay,Panchkula,Himachal Pradesh,42642849,Open Competitive Bidding,Lowest Evaluated Responsive Bid (L1),2023-06-12 11:30:00,2023-07-11 04:30:00,2023-07-15,2023-07-19,2023-07-25,180,AWARDED
T114,B02,National Highways Authority of India (NHAI) - RO Shimla,Community Health Center for National Highways Authority of India (NHAI) at Dehradun,Civil Construction,Community Health Center,Dehradun,Himachal Pradesh,57373937,Limited Tender,Lowest Evaluated Responsive Bid (L1),2023-06-12 11:30:00,2023-07-16 04:30:00,2023-07-25,2023-08-01,2023-08-08,90,AWARDED
T115,B03,Municipal Corporation Solan - Works Wing,Rural Water Supply Pipeline for Municipal Corporation Solan at Haridwar,Water & Sanitation,Rural Water Supply Pipeline,Haridwar,Himachal Pradesh,138053664,Open Competitive Bidding,Lowest Evaluated Responsive Bid (L1),2023-06-13 11:30:00,2023-07-09 04:30:00,2023-07-19,2023-07-22,2023-07-29,90,AWARDED
T116,B04,Rural Development & Panchayati Raj Dept,HT Transmission Line for Rural Development & Panchayati Raj Dept at Jaipur,Electrical & Energy,HT Transmission Line,Jaipur,Himachal Pradesh,155714471,Open Competitive Bidding,Lowest Evaluated Responsive Bid (L1),2023-06-14 11:30:00,2023-07-15 04:30:00,2023-07-20,2023-07-27,2023-08-02,90,AWARDED
T117,B05,State Health Infrastructure Development Agency,Pavement Overlay for State Health Infrastructure Development Agency at New Delhi,Road Infrastructure,Pavement Overlay,New Delhi,Himachal Pradesh,153206708,Open Competitive Bidding,Lowest Evaluated Responsive Bid (L1),2023-06-16 11:30:00,2023-07-14 04:30:00,2023-07-22,2023-07-25,2023-07-31,365,AWARDED
T118,B06,Jal Shakti / State Water & Sewerage Board,Govt Senior School for Jal Shakti / State Water & Sewerage Board at Shimla,Civil Construction,Govt Senior School,Shimla,Himachal Pradesh,42317746,Open Competitive Bidding,Lowest Evaluated Responsive Bid (L1),2023-06-19 11:30:00,2023-07-13 04:30:00,2023-07-23,2023-07-26,2023-08-04,365,AWARDED
T119,B07,Education Engineering Directorate,Stormwater Drainage Network for Education Engineering Directorate at Solan,Water & Sanitation,Stormwater Drainage Network,Solan,Himachal Pradesh,158915080,Open Competitive Bidding,Lowest Evaluated Responsive Bid (L1),2023-06-19 11:30:00,2023-07-16 04:30:00,2023-07-20,2023-07-23,2023-07-30,365,AWARDED
T120,B08,State Electricity Board Ltd (HPSEBL),Smart Metering System for State Electricity Board Ltd (HPSEBL) at Mandi,Electrical & Energy,Smart Metering System,Mandi,Himachal Pradesh,20573369,Open Competitive Bidding,Lowest Evaluated Responsive Bid (L1),2023-06-20 11:30:00,2023-07-26 04:30:00,2023-08-03,2023-08-07,2023-08-14,90,AWARDED
T121,B01,Public Works Department (PWD) - Roads Division,Bridge Construction for Public Works Department (PWD) at Dharamshala,Road Infrastructure,Bridge Construction,Dharamshala,Himachal Pradesh,86117065,Open Competitive Bidding,Lowest Evaluated Responsive Bid (L1),2023-06-21 11:30:00,2023-07-17 04:30:00,2023-07-25,2023-08-01,2023-08-09,90,AWARDED
T122,B02,National Highways Authority of India (NHAI) - RO Shimla,Administrative Complex for National Highways Authority of India (NHAI) at Chandigarh,Civil Construction,Administrative Complex,Chandigarh,Himachal Pradesh,11990134,Open Competitive Bidding,Lowest Evaluated Responsive Bid (L1),2023-06-22 11:30:00,2023-07-18 04:30:00,2023-07-25,2023-07-28,2023-08-07,240,AWARDED
T123,B03,Municipal Corporation Solan - Works Wing,Sewage Treatment Plant for Municipal Corporation Solan at Mohali,Water & Sanitation,Sewage Treatment Plant,Mohali,Himachal Pradesh,76690057,Limited Tender,Lowest Evaluated Responsive Bid (L1),2023-06-23 11:30:00,2023-07-17 04:30:00,2023-07-22,2023-07-27,2023-07-31,540,AWARDED
T124,B04,Rural Development & Panchayati Raj Dept,Solar Microgrid 500kW for Rural Development & Panchayati Raj Dept at Ludhiana,Electrical & Energy,Solar Microgrid 500kW,Ludhiana,Himachal Pradesh,131987190,Open Competitive Bidding,Lowest Evaluated Responsive Bid (L1),2023-06-26 11:30:00,2023-07-25 04:30:00,2023-08-04,2023-08-08,2023-08-15,540,AWARDED
T125,B05,State Health Infrastructure Development Agency,Pavement Overlay for State Health Infrastructure Development Agency at Ambala,Road Infrastructure,Pavement Overlay,Ambala,Himachal Pradesh,58706887,Open Competitive Bidding,Lowest Evaluated Responsive Bid (L1),2023-06-26 11:30:00,2023-07-28 04:30:00,2023-08-03,2023-08-08,2023-08-15,365,AWARDED
T126,B06,Jal Shakti / State Water & Sewerage Board,Govt Senior School for Jal Shakti / State Water & Sewerage Board at Panchkula,Civil Construction,Govt Senior School,Panchkula,Himachal Pradesh,40334785,Open Competitive Bidding,Lowest Evaluated Responsive Bid (L1),2023-06-27 11:30:00,2023-07-29 04:30:00,2023-08-08,2023-08-14,2023-08-24,540,AWARDED
T127,B07,Education Engineering Directorate,Stormwater Drainage Network for Education Engineering Directorate at Dehradun,Water & Sanitation,Stormwater Drainage Network,Dehradun,Himachal Pradesh,17356606,Open Competitive Bidding,Lowest Evaluated Responsive Bid (L1),2023-06-29 11:30:00,2023-07-31 04:30:00,2023-08-06,2023-08-13,2023-08-16,90,AWARDED
T128,B08,State Electricity Board Ltd (HPSEBL),HT Transmission Line for State Electricity Board Ltd (HPSEBL) at Haridwar,Electrical & Energy,HT Transmission Line,Haridwar,Himachal Pradesh,175905651,Open Competitive Bidding,Lowest Evaluated Responsive Bid (L1),2023-06-30 11:30:00,2023-07-26 04:30:00,2023-08-05,2023-08-08,2023-08-11,365,AWARDED
T129,B01,Public Works Department (PWD) - Roads Division,Bridge Construction for Public Works Department (PWD) at Jaipur,Road Infrastructure,Bridge Construction,Jaipur,Himachal Pradesh,55329393,Limited Tender,Lowest Evaluated Responsive Bid (L1),2023-07-03 11:30:00,2023-07-25 04:30:00,2023-07-29,2023-08-05,2023-08-09,540,AWARDED
T130,B02,National Highways Authority of India (NHAI) - RO Shimla,Govt Senior School for National Highways Authority of India (NHAI) at New Delhi,Civil Construction,Govt Senior School,New Delhi,Himachal Pradesh,15630297,Limited Tender,Lowest Evaluated Responsive Bid (L1),2023-07-03 11:30:00,2023-08-08 04:30:00,2023-08-15,2023-08-20,2023-08-24,90,AWARDED
T131,B03,Municipal Corporation Solan - Works Wing,Sewage Treatment Plant for Municipal Corporation Solan at Shimla,Water & Sanitation,Sewage Treatment Plant,Shimla,Himachal Pradesh,120553338,Limited Tender,Lowest Evaluated Responsive Bid (L1),2023-07-04 11:30:00,2023-08-01 04:30:00,2023-08-11,2023-08-14,2023-08-20,365,AWARDED
T132,B04,Rural Development & Panchayati Raj Dept,Substation 33/11kV for Rural Development & Panchayati Raj Dept at Solan,Electrical & Energy,Substation 33/11kV,Solan,Himachal Pradesh,55332932,Open Competitive Bidding,Lowest Evaluated Responsive Bid (L1),2023-07-05 11:30:00,2023-07-27 04:30:00,2023-08-05,2023-08-12,2023-08-18,90,AWARDED
T133,B05,State Health Infrastructure Development Agency,Highway Widening for State Health Infrastructure Development Agency at Mandi,Road Infrastructure,Highway Widening,Mandi,Himachal Pradesh,152054256,Open Competitive Bidding,Lowest Evaluated Responsive Bid (L1),2023-07-06 11:30:00,2023-07-30 04:30:00,2023-08-06,2023-08-10,2023-08-13,540,AWARDED
T134,B06,Jal Shakti / State Water & Sewerage Board,Administrative Complex for Jal Shakti / State Water & Sewerage Board at Dharamshala,Civil Construction,Administrative Complex,Dharamshala,Himachal Pradesh,120181281,Limited Tender,Lowest Evaluated Responsive Bid (L1),2023-07-10 11:30:00,2023-08-05 04:30:00,2023-08-11,2023-08-18,2023-08-28,90,AWARDED
T135,B07,Education Engineering Directorate,Sewage Treatment Plant for Education Engineering Directorate at Chandigarh,Water & Sanitation,Sewage Treatment Plant,Chandigarh,Himachal Pradesh,162301280,Limited Tender,Lowest Evaluated Responsive Bid (L1),2023-07-10 11:30:00,2023-08-08 04:30:00,2023-08-18,2023-08-24,2023-08-31,365,AWARDED
T136,B08,State Electricity Board Ltd (HPSEBL),Solar Microgrid 500kW for State Electricity Board Ltd (HPSEBL) at Mohali,Electrical & Energy,Solar Microgrid 500kW,Mohali,Himachal Pradesh,127989799,Open Competitive Bidding,Lowest Evaluated Responsive Bid (L1),2023-07-10 11:30:00,2023-08-13 04:30:00,2023-08-18,2023-08-24,2023-08-29,240,AWARDED
T137,B01,Public Works Department (PWD) - Roads Division,Bridge Construction for Public Works Department (PWD) at Ludhiana,Road Infrastructure,Bridge Construction,Ludhiana,Himachal Pradesh,54060779,Open Competitive Bidding,Lowest Evaluated Responsive Bid (L1),2023-07-12 11:30:00,2023-08-17 04:30:00,2023-08-24,2023-08-27,2023-08-31,180,AWARDED
T138,B02,National Highways Authority of India (NHAI) - RO Shimla,Administrative Complex for National Highways Authority of India (NHAI) at Ambala,Civil Construction,Administrative Complex,Ambala,Himachal Pradesh,48157746,Open Competitive Bidding,Lowest Evaluated Responsive Bid (L1),2023-07-13 11:30:00,2023-08-13 04:30:00,2023-08-18,2023-08-25,2023-09-01,180,AWARDED
T139,B03,Municipal Corporation Solan - Works Wing,Stormwater Drainage Network for Municipal Corporation Solan at Panchkula,Water & Sanitation,Stormwater Drainage Network,Panchkula,Himachal Pradesh,122176800,Open Competitive Bidding,Lowest Evaluated Responsive Bid (L1),2023-07-14 11:30:00,2023-08-10 04:30:00,2023-08-19,2023-08-22,2023-09-01,180,AWARDED
T140,B04,Rural Development & Panchayati Raj Dept,Smart Metering System for Rural Development & Panchayati Raj Dept at Dehradun,Electrical & Energy,Smart Metering System,Dehradun,Himachal Pradesh,5276738,Open Competitive Bidding,Lowest Evaluated Responsive Bid (L1),2023-07-17 11:30:00,2023-08-14 04:30:00,2023-08-23,2023-08-28,2023-09-06,365,AWARDED
T141,B05,State Health Infrastructure Development Agency,Rural Road Upgrade for State Health Infrastructure Development Agency at Haridwar,Road Infrastructure,Rural Road Upgrade,Haridwar,Himachal Pradesh,55526772,Open Competitive Bidding,Lowest Evaluated Responsive Bid (L1),2023-07-17 11:30:00,2023-08-20 04:30:00,2023-08-29,2023-09-02,2023-09-06,180,AWARDED
T142,B06,Jal Shakti / State Water & Sewerage Board,Community Health Center for Jal Shakti / State Water & Sewerage Board at Jaipur,Civil Construction,Community Health Center,Jaipur,Himachal Pradesh,35422938,Open Competitive Bidding,Lowest Evaluated Responsive Bid (L1),2023-07-18 11:30:00,2023-08-23 04:30:00,2023-08-29,2023-09-01,2023-09-05,90,AWARDED
T143,B07,Education Engineering Directorate,Stormwater Drainage Network for Education Engineering Directorate at New Delhi,Water & Sanitation,Stormwater Drainage Network,New Delhi,Himachal Pradesh,130930473,Open Competitive Bidding,Lowest Evaluated Responsive Bid (L1),2023-07-19 11:30:00,2023-08-15 04:30:00,2023-08-24,2023-08-31,2023-09-05,90,AWARDED
T144,B08,State Electricity Board Ltd (HPSEBL),Solar Microgrid 500kW for State Electricity Board Ltd (HPSEBL) at Shimla,Electrical & Energy,Solar Microgrid 500kW,Shimla,Himachal Pradesh,121090393,Open Competitive Bidding,Lowest Evaluated Responsive Bid (L1),2023-07-21 11:30:00,2023-08-20 04:30:00,2023-08-29,2023-09-01,2023-09-05,365,AWARDED
T145,B01,Public Works Department (PWD) - Roads Division,Pavement Overlay for Public Works Department (PWD) at Solan,Road Infrastructure,Pavement Overlay,Solan,Himachal Pradesh,12320735,Open Competitive Bidding,Lowest Evaluated Responsive Bid (L1),2023-07-24 11:30:00,2023-08-17 04:30:00,2023-08-25,2023-08-30,2023-09-04,180,AWARDED
T146,B02,National Highways Authority of India (NHAI) - RO Shimla,Community Health Center for National Highways Authority of India (NHAI) at Mandi,Civil Construction,Community Health Center,Mandi,Himachal Pradesh,91041323,Open Competitive Bidding,Lowest Evaluated Responsive Bid (L1),2023-07-24 11:30:00,2023-08-15 04:30:00,2023-08-22,2023-08-28,2023-09-06,365,AWARDED
T147,B03,Municipal Corporation Solan - Works Wing,Sewage Treatment Plant for Municipal Corporation Solan at Dharamshala,Water & Sanitation,Sewage Treatment Plant,Dharamshala,Himachal Pradesh,174742053,Open Competitive Bidding,Lowest Evaluated Responsive Bid (L1),2023-07-25 11:30:00,2023-08-24 04:30:00,2023-09-03,2023-09-10,2023-09-19,90,AWARDED
T148,B04,Rural Development & Panchayati Raj Dept,HT Transmission Line for Rural Development & Panchayati Raj Dept at Chandigarh,Electrical & Energy,HT Transmission Line,Chandigarh,Himachal Pradesh,27725974,Open Competitive Bidding,Lowest Evaluated Responsive Bid (L1),2023-07-26 11:30:00,2023-08-20 04:30:00,2023-08-28,2023-08-31,2023-09-08,540,AWARDED
T149,B05,State Health Infrastructure Development Agency,Highway Widening for State Health Infrastructure Development Agency at Mohali,Road Infrastructure,Highway Widening,Mohali,Himachal Pradesh,172977450,Open Competitive Bidding,Lowest Evaluated Responsive Bid (L1),2023-07-27 11:30:00,2023-08-23 04:30:00,2023-09-02,2023-09-08,2023-09-11,90,AWARDED
T150,B06,Jal Shakti / State Water & Sewerage Board,Govt Senior School for Jal Shakti / State Water & Sewerage Board at Ludhiana,Civil Construction,Govt Senior School,Ludhiana,Himachal Pradesh,9665986,Open Competitive Bidding,Lowest Evaluated Responsive Bid (L1),2023-07-31 11:30:00,2023-09-05 04:30:00,2023-09-13,2023-09-20,2023-09-26,365,AWARDED
T151,B07,Education Engineering Directorate,Lift Irrigation Scheme for Education Engineering Directorate at Ambala,Water & Sanitation,Lift Irrigation Scheme,Ambala,Himachal Pradesh,73776259,Open Competitive Bidding,Lowest Evaluated Responsive Bid (L1),2023-07-31 11:30:00,2023-08-25 04:30:00,2023-09-02,2023-09-08,2023-09-14,365,AWARDED
T152,B08,State Electricity Board Ltd (HPSEBL),HT Transmission Line for State Electricity Board Ltd (HPSEBL) at Panchkula,Electrical & Energy,HT Transmission Line,Panchkula,Himachal Pradesh,138723480,Limited Tender,Lowest Evaluated Responsive Bid (L1),2023-07-31 11:30:00,2023-08-29 04:30:00,2023-09-04,2023-09-10,2023-09-15,540,AWARDED
T153,B01,Public Works Department (PWD) - Roads Division,Bridge Construction for Public Works Department (PWD) at Dehradun,Road Infrastructure,Bridge Construction,Dehradun,Himachal Pradesh,160716581,Open Competitive Bidding,Lowest Evaluated Responsive Bid (L1),2023-08-01 11:30:00,2023-08-26 04:30:00,2023-09-03,2023-09-06,2023-09-11,90,AWARDED
T154,B02,National Highways Authority of India (NHAI) - RO Shimla,Community Health Center for National Highways Authority of India (NHAI) at Haridwar,Civil Construction,Community Health Center,Haridwar,Himachal Pradesh,150376128,Open Competitive Bidding,Lowest Evaluated Responsive Bid (L1),2023-08-03 11:30:00,2023-09-03 04:30:00,2023-09-10,2023-09-13,2023-09-22,180,AWARDED
T155,B03,Municipal Corporation Solan - Works Wing,Sewage Treatment Plant for Municipal Corporation Solan at Jaipur,Water & Sanitation,Sewage Treatment Plant,Jaipur,Himachal Pradesh,156115137,Open Competitive Bidding,Lowest Evaluated Responsive Bid (L1),2023-08-04 11:30:00,2023-08-26 04:30:00,2023-09-03,2023-09-06,2023-09-09,540,AWARDED
T156,B04,Rural Development & Panchayati Raj Dept,Smart Metering System for Rural Development & Panchayati Raj Dept at New Delhi,Electrical & Energy,Smart Metering System,New Delhi,Himachal Pradesh,27024377,Open Competitive Bidding,Lowest Evaluated Responsive Bid (L1),2023-08-07 11:30:00,2023-08-31 04:30:00,2023-09-05,2023-09-08,2023-09-14,90,AWARDED
T157,B05,State Health Infrastructure Development Agency,Bridge Construction for State Health Infrastructure Development Agency at Shimla,Road Infrastructure,Bridge Construction,Shimla,Himachal Pradesh,134361349,Open Competitive Bidding,Lowest Evaluated Responsive Bid (L1),2023-08-07 11:30:00,2023-09-04 04:30:00,2023-09-11,2023-09-18,2023-09-28,90,AWARDED
T158,B06,Jal Shakti / State Water & Sewerage Board,Govt Senior School for Jal Shakti / State Water & Sewerage Board at Solan,Civil Construction,Govt Senior School,Solan,Himachal Pradesh,12081883,Open Competitive Bidding,Lowest Evaluated Responsive Bid (L1),2023-08-08 11:30:00,2023-09-11 04:30:00,2023-09-15,2023-09-20,2023-09-29,180,AWARDED
T159,B07,Education Engineering Directorate,Stormwater Drainage Network for Education Engineering Directorate at Mandi,Water & Sanitation,Stormwater Drainage Network,Mandi,Himachal Pradesh,122019060,Open Competitive Bidding,Lowest Evaluated Responsive Bid (L1),2023-08-09 11:30:00,2023-09-12 04:30:00,2023-09-20,2023-09-26,2023-09-30,240,AWARDED
T160,B08,State Electricity Board Ltd (HPSEBL),HT Transmission Line for State Electricity Board Ltd (HPSEBL) at Dharamshala,Electrical & Energy,HT Transmission Line,Dharamshala,Himachal Pradesh,111411808,Open Competitive Bidding,Lowest Evaluated Responsive Bid (L1),2023-08-11 11:30:00,2023-09-16 04:30:00,2023-09-25,2023-10-02,2023-10-09,240,AWARDED
T161,B01,Public Works Department (PWD) - Roads Division,Rural Road Upgrade for Public Works Department (PWD) at Chandigarh,Road Infrastructure,Rural Road Upgrade,Chandigarh,Himachal Pradesh,83483326,Open Competitive Bidding,Lowest Evaluated Responsive Bid (L1),2023-08-14 11:30:00,2023-09-14 04:30:00,2023-09-23,2023-09-26,2023-10-06,180,AWARDED
T162,B02,National Highways Authority of India (NHAI) - RO Shimla,Community Health Center for National Highways Authority of India (NHAI) at Mohali,Civil Construction,Community Health Center,Mohali,Himachal Pradesh,113188059,Limited Tender,Lowest Evaluated Responsive Bid (L1),2023-08-14 11:30:00,2023-09-06 04:30:00,2023-09-10,2023-09-15,2023-09-22,180,AWARDED
T163,B03,Municipal Corporation Solan - Works Wing,Lift Irrigation Scheme for Municipal Corporation Solan at Ludhiana,Water & Sanitation,Lift Irrigation Scheme,Ludhiana,Himachal Pradesh,170893524,Open Competitive Bidding,Lowest Evaluated Responsive Bid (L1),2023-08-14 11:30:00,2023-09-11 04:30:00,2023-09-18,2023-09-22,2023-10-01,90,AWARDED
T164,B04,Rural Development & Panchayati Raj Dept,Substation 33/11kV for Rural Development & Panchayati Raj Dept at Ambala,Electrical & Energy,Substation 33/11kV,Ambala,Himachal Pradesh,27559484,Limited Tender,Lowest Evaluated Responsive Bid (L1),2023-08-16 11:30:00,2023-09-09 04:30:00,2023-09-15,2023-09-21,2023-09-26,240,AWARDED
T165,B05,State Health Infrastructure Development Agency,Highway Widening for State Health Infrastructure Development Agency at Panchkula,Road Infrastructure,Highway Widening,Panchkula,Himachal Pradesh,156037277,Open Competitive Bidding,Lowest Evaluated Responsive Bid (L1),2023-08-17 11:30:00,2023-09-14 04:30:00,2023-09-21,2023-09-24,2023-09-30,180,AWARDED
T166,B06,Jal Shakti / State Water & Sewerage Board,Administrative Complex for Jal Shakti / State Water & Sewerage Board at Dehradun,Civil Construction,Administrative Complex,Dehradun,Himachal Pradesh,60038920,Open Competitive Bidding,Lowest Evaluated Responsive Bid (L1),2023-08-18 11:30:00,2023-09-16 04:30:00,2023-09-24,2023-09-29,2023-10-02,180,AWARDED
T167,B07,Education Engineering Directorate,Rural Water Supply Pipeline for Education Engineering Directorate at Haridwar,Water & Sanitation,Rural Water Supply Pipeline,Haridwar,Himachal Pradesh,54908524,Open Competitive Bidding,Lowest Evaluated Responsive Bid (L1),2023-08-21 11:30:00,2023-09-13 04:30:00,2023-09-23,2023-09-30,2023-10-07,180,AWARDED
T168,B08,State Electricity Board Ltd (HPSEBL),Solar Microgrid 500kW for State Electricity Board Ltd (HPSEBL) at Jaipur,Electrical & Energy,Solar Microgrid 500kW,Jaipur,Himachal Pradesh,119611265,Open Competitive Bidding,Lowest Evaluated Responsive Bid (L1),2023-08-21 11:30:00,2023-09-25 04:30:00,2023-10-02,2023-10-07,2023-10-11,365,AWARDED
T169,B01,Public Works Department (PWD) - Roads Division,Rural Road Upgrade for Public Works Department (PWD) at New Delhi,Road Infrastructure,Rural Road Upgrade,New Delhi,Himachal Pradesh,167443904,Open Competitive Bidding,Lowest Evaluated Responsive Bid (L1),2023-08-22 11:30:00,2023-09-23 04:30:00,2023-09-30,2023-10-03,2023-10-07,540,AWARDED
T170,B02,National Highways Authority of India (NHAI) - RO Shimla,Administrative Complex for National Highways Authority of India (NHAI) at Shimla,Civil Construction,Administrative Complex,Shimla,Himachal Pradesh,132724641,Open Competitive Bidding,Lowest Evaluated Responsive Bid (L1),2023-08-24 11:30:00,2023-09-26 04:30:00,2023-10-04,2023-10-10,2023-10-15,90,AWARDED
T171,B03,Municipal Corporation Solan - Works Wing,Sewage Treatment Plant for Municipal Corporation Solan at Solan,Water & Sanitation,Sewage Treatment Plant,Solan,Himachal Pradesh,92391174,Open Competitive Bidding,Lowest Evaluated Responsive Bid (L1),2023-08-25 11:30:00,2023-09-29 04:30:00,2023-10-07,2023-10-14,2023-10-22,365,AWARDED
T172,B04,Rural Development & Panchayati Raj Dept,Solar Microgrid 500kW for Rural Development & Panchayati Raj Dept at Mandi,Electrical & Energy,Solar Microgrid 500kW,Mandi,Himachal Pradesh,105216303,Open Competitive Bidding,Lowest Evaluated Responsive Bid (L1),2023-08-28 11:30:00,2023-09-29 04:30:00,2023-10-09,2023-10-12,2023-10-20,240,AWARDED
T173,B05,State Health Infrastructure Development Agency,Pavement Overlay for State Health Infrastructure Development Agency at Dharamshala,Road Infrastructure,Pavement Overlay,Dharamshala,Himachal Pradesh,75530750,Open Competitive Bidding,Lowest Evaluated Responsive Bid (L1),2023-08-28 11:30:00,2023-09-28 04:30:00,2023-10-05,2023-10-12,2023-10-15,180,AWARDED
T174,B06,Jal Shakti / State Water & Sewerage Board,Administrative Complex for Jal Shakti / State Water & Sewerage Board at Chandigarh,Civil Construction,Administrative Complex,Chandigarh,Himachal Pradesh,165644152,Limited Tender,Lowest Evaluated Responsive Bid (L1),2023-08-29 11:30:00,2023-09-22 04:30:00,2023-10-02,2023-10-09,2023-10-16,240,AWARDED
T175,B07,Education Engineering Directorate,Lift Irrigation Scheme for Education Engineering Directorate at Mohali,Water & Sanitation,Lift Irrigation Scheme,Mohali,Himachal Pradesh,44756177,Open Competitive Bidding,Lowest Evaluated Responsive Bid (L1),2023-08-30 11:30:00,2023-09-26 04:30:00,2023-10-04,2023-10-11,2023-10-20,180,AWARDED
T176,B08,State Electricity Board Ltd (HPSEBL),Solar Microgrid 500kW for State Electricity Board Ltd (HPSEBL) at Ludhiana,Electrical & Energy,Solar Microgrid 500kW,Ludhiana,Himachal Pradesh,123150160,Open Competitive Bidding,Lowest Evaluated Responsive Bid (L1),2023-08-31 11:30:00,2023-09-23 04:30:00,2023-10-03,2023-10-09,2023-10-15,540,AWARDED
T177,B01,Public Works Department (PWD) - Roads Division,Pavement Overlay for Public Works Department (PWD) at Ambala,Road Infrastructure,Pavement Overlay,Ambala,Himachal Pradesh,109981454,Open Competitive Bidding,Lowest Evaluated Responsive Bid (L1),2023-09-04 11:30:00,2023-09-26 04:30:00,2023-09-30,2023-10-05,2023-10-09,180,AWARDED
T178,B02,National Highways Authority of India (NHAI) - RO Shimla,Community Health Center for National Highways Authority of India (NHAI) at Panchkula,Civil Construction,Community Health Center,Panchkula,Himachal Pradesh,93994058,Open Competitive Bidding,Lowest Evaluated Responsive Bid (L1),2023-09-04 11:30:00,2023-10-09 04:30:00,2023-10-14,2023-10-17,2023-10-23,90,AWARDED
T179,B03,Municipal Corporation Solan - Works Wing,Rural Water Supply Pipeline for Municipal Corporation Solan at Dehradun,Water & Sanitation,Rural Water Supply Pipeline,Dehradun,Himachal Pradesh,164525610,Open Competitive Bidding,Lowest Evaluated Responsive Bid (L1),2023-09-04 11:30:00,2023-10-01 04:30:00,2023-10-10,2023-10-16,2023-10-21,240,AWARDED
T180,B04,Rural Development & Panchayati Raj Dept,HT Transmission Line for Rural Development & Panchayati Raj Dept at Haridwar,Electrical & Energy,HT Transmission Line,Haridwar,Himachal Pradesh,122245347,Limited Tender,Lowest Evaluated Responsive Bid (L1),2023-09-06 11:30:00,2023-10-08 04:30:00,2023-10-12,2023-10-15,2023-10-25,180,AWARDED
T181,B05,State Health Infrastructure Development Agency,Pavement Overlay for State Health Infrastructure Development Agency at Jaipur,Road Infrastructure,Pavement Overlay,Jaipur,Himachal Pradesh,84092793,Open Competitive Bidding,Lowest Evaluated Responsive Bid (L1),2023-09-07 11:30:00,2023-10-08 04:30:00,2023-10-16,2023-10-20,2023-10-25,365,AWARDED
T182,B06,Jal Shakti / State Water & Sewerage Board,Community Health Center for Jal Shakti / State Water & Sewerage Board at New Delhi,Civil Construction,Community Health Center,New Delhi,Himachal Pradesh,43197384,Open Competitive Bidding,Lowest Evaluated Responsive Bid (L1),2023-09-08 11:30:00,2023-10-04 04:30:00,2023-10-12,2023-10-18,2023-10-23,540,AWARDED
T183,B07,Education Engineering Directorate,Sewage Treatment Plant for Education Engineering Directorate at Shimla,Water & Sanitation,Sewage Treatment Plant,Shimla,Himachal Pradesh,171116858,Open Competitive Bidding,Lowest Evaluated Responsive Bid (L1),2023-09-11 11:30:00,2023-10-04 04:30:00,2023-10-14,2023-10-18,2023-10-22,365,AWARDED
T184,B08,State Electricity Board Ltd (HPSEBL),Smart Metering System for State Electricity Board Ltd (HPSEBL) at Solan,Electrical & Energy,Smart Metering System,Solan,Himachal Pradesh,18865658,Limited Tender,Lowest Evaluated Responsive Bid (L1),2023-09-11 11:30:00,2023-10-08 04:30:00,2023-10-18,2023-10-23,2023-10-27,365,AWARDED
T185,B01,Public Works Department (PWD) - Roads Division,Rural Road Upgrade for Public Works Department (PWD) at Mandi,Road Infrastructure,Rural Road Upgrade,Mandi,Himachal Pradesh,137160738,Open Competitive Bidding,Lowest Evaluated Responsive Bid (L1),2023-09-12 11:30:00,2023-10-16 04:30:00,2023-10-20,2023-10-25,2023-11-04,365,AWARDED
T186,B02,National Highways Authority of India (NHAI) - RO Shimla,District Sports Stadium for National Highways Authority of India (NHAI) at Dharamshala,Civil Construction,District Sports Stadium,Dharamshala,Himachal Pradesh,179035218,Open Competitive Bidding,Lowest Evaluated Responsive Bid (L1),2023-09-13 11:30:00,2023-10-15 04:30:00,2023-10-25,2023-11-01,2023-11-10,180,AWARDED
T187,B03,Municipal Corporation Solan - Works Wing,Lift Irrigation Scheme for Municipal Corporation Solan at Chandigarh,Water & Sanitation,Lift Irrigation Scheme,Chandigarh,Himachal Pradesh,89436754,Open Competitive Bidding,Lowest Evaluated Responsive Bid (L1),2023-09-15 11:30:00,2023-10-11 04:30:00,2023-10-19,2023-10-22,2023-10-29,540,AWARDED
T188,B04,Rural Development & Panchayati Raj Dept,Solar Microgrid 500kW for Rural Development & Panchayati Raj Dept at Mohali,Electrical & Energy,Solar Microgrid 500kW,Mohali,Himachal Pradesh,158033486,Open Competitive Bidding,Lowest Evaluated Responsive Bid (L1),2023-09-18 11:30:00,2023-10-11 04:30:00,2023-10-20,2023-10-24,2023-11-02,365,AWARDED
T189,B05,State Health Infrastructure Development Agency,Highway Widening for State Health Infrastructure Development Agency at Ludhiana,Road Infrastructure,Highway Widening,Ludhiana,Himachal Pradesh,161031478,Open Competitive Bidding,Lowest Evaluated Responsive Bid (L1),2023-09-18 11:30:00,2023-10-19 04:30:00,2023-10-27,2023-11-02,2023-11-09,90,AWARDED
T190,B06,Jal Shakti / State Water & Sewerage Board,Administrative Complex for Jal Shakti / State Water & Sewerage Board at Ambala,Civil Construction,Administrative Complex,Ambala,Himachal Pradesh,147974509,Open Competitive Bidding,Lowest Evaluated Responsive Bid (L1),2023-09-19 11:30:00,2023-10-19 04:30:00,2023-10-24,2023-10-27,2023-10-30,180,AWARDED
T191,B07,Education Engineering Directorate,Stormwater Drainage Network for Education Engineering Directorate at Panchkula,Water & Sanitation,Stormwater Drainage Network,Panchkula,Himachal Pradesh,76011190,Limited Tender,Lowest Evaluated Responsive Bid (L1),2023-09-20 11:30:00,2023-10-13 04:30:00,2023-10-21,2023-10-24,2023-11-02,90,AWARDED
T192,B08,State Electricity Board Ltd (HPSEBL),HT Transmission Line for State Electricity Board Ltd (HPSEBL) at Dehradun,Electrical & Energy,HT Transmission Line,Dehradun,Himachal Pradesh,166897464,Open Competitive Bidding,Lowest Evaluated Responsive Bid (L1),2023-09-21 11:30:00,2023-10-19 04:30:00,2023-10-28,2023-11-03,2023-11-08,240,AWARDED
T193,B01,Public Works Department (PWD) - Roads Division,Highway Widening for Public Works Department (PWD) at Haridwar,Road Infrastructure,Highway Widening,Haridwar,Himachal Pradesh,23665509,Open Competitive Bidding,Lowest Evaluated Responsive Bid (L1),2023-09-22 11:30:00,2023-10-19 04:30:00,2023-10-29,2023-11-02,2023-11-10,365,AWARDED
T194,B02,National Highways Authority of India (NHAI) - RO Shimla,Govt Senior School for National Highways Authority of India (NHAI) at Jaipur,Civil Construction,Govt Senior School,Jaipur,Himachal Pradesh,75838437,Open Competitive Bidding,Lowest Evaluated Responsive Bid (L1),2023-09-25 11:30:00,2023-10-18 04:30:00,2023-10-25,2023-10-31,2023-11-05,365,AWARDED
T195,B03,Municipal Corporation Solan - Works Wing,Rural Water Supply Pipeline for Municipal Corporation Solan at New Delhi,Water & Sanitation,Rural Water Supply Pipeline,New Delhi,Himachal Pradesh,7163862,Open Competitive Bidding,Lowest Evaluated Responsive Bid (L1),2023-09-25 11:30:00,2023-10-29 04:30:00,2023-11-07,2023-11-11,2023-11-14,240,AWARDED
T196,B04,Rural Development & Panchayati Raj Dept,HT Transmission Line for Rural Development & Panchayati Raj Dept at Shimla,Electrical & Energy,HT Transmission Line,Shimla,Himachal Pradesh,78811161,Open Competitive Bidding,Lowest Evaluated Responsive Bid (L1),2023-09-26 11:30:00,2023-10-23 04:30:00,2023-11-01,2023-11-07,2023-11-13,90,AWARDED
T197,B05,State Health Infrastructure Development Agency,Highway Widening for State Health Infrastructure Development Agency at Solan,Road Infrastructure,Highway Widening,Solan,Himachal Pradesh,123160419,Open Competitive Bidding,Lowest Evaluated Responsive Bid (L1),2023-09-28 11:30:00,2023-11-03 04:30:00,2023-11-07,2023-11-10,2023-11-18,365,AWARDED
T198,B06,Jal Shakti / State Water & Sewerage Board,Administrative Complex for Jal Shakti / State Water & Sewerage Board at Mandi,Civil Construction,Administrative Complex,Mandi,Himachal Pradesh,52909933,Open Competitive Bidding,Lowest Evaluated Responsive Bid (L1),2023-09-29 11:30:00,2023-10-21 04:30:00,2023-10-26,2023-11-02,2023-11-08,90,AWARDED
T199,B07,Education Engineering Directorate,Stormwater Drainage Network for Education Engineering Directorate at Dharamshala,Water & Sanitation,Stormwater Drainage Network,Dharamshala,Himachal Pradesh,28650003,Open Competitive Bidding,Lowest Evaluated Responsive Bid (L1),2023-10-02 11:30:00,2023-10-31 04:30:00,2023-11-05,2023-11-11,2023-11-16,180,AWARDED
T200,B08,State Electricity Board Ltd (HPSEBL),Solar Microgrid 500kW for State Electricity Board Ltd (HPSEBL) at Chandigarh,Electrical & Energy,Solar Microgrid 500kW,Chandigarh,Himachal Pradesh,94335851,Open Competitive Bidding,Lowest Evaluated Responsive Bid (L1),2023-10-02 11:30:00,2023-11-06 04:30:00,2023-11-15,2023-11-18,2023-11-24,540,AWARDED
T201,B01,Public Works Department (PWD) - Roads Division,Rural Road Upgrade for Public Works Department (PWD) at Mohali,Road Infrastructure,Rural Road Upgrade,Mohali,Himachal Pradesh,137516610,Open Competitive Bidding,Lowest Evaluated Responsive Bid (L1),2023-10-03 11:30:00,2023-11-04 04:30:00,2023-11-10,2023-11-15,2023-11-19,180,AWARDED
T202,B02,National Highways Authority of India (NHAI) - RO Shimla,Govt Senior School for National Highways Authority of India (NHAI) at Ludhiana,Civil Construction,Govt Senior School,Ludhiana,Himachal Pradesh,66634158,Open Competitive Bidding,Lowest Evaluated Responsive Bid (L1),2023-10-04 11:30:00,2023-10-31 04:30:00,2023-11-04,2023-11-08,2023-11-11,365,AWARDED
T203,B03,Municipal Corporation Solan - Works Wing,Rural Water Supply Pipeline for Municipal Corporation Solan at Ambala,Water & Sanitation,Rural Water Supply Pipeline,Ambala,Himachal Pradesh,113967224,Open Competitive Bidding,Lowest Evaluated Responsive Bid (L1),2023-10-05 11:30:00,2023-11-07 04:30:00,2023-11-13,2023-11-19,2023-11-22,180,AWARDED
T204,B04,Rural Development & Panchayati Raj Dept,Solar Microgrid 500kW for Rural Development & Panchayati Raj Dept at Panchkula,Electrical & Energy,Solar Microgrid 500kW,Panchkula,Himachal Pradesh,131655453,Open Competitive Bidding,Lowest Evaluated Responsive Bid (L1),2023-10-09 11:30:00,2023-11-05 04:30:00,2023-11-14,2023-11-20,2023-11-29,240,AWARDED
T205,B05,State Health Infrastructure Development Agency,Rural Road Upgrade for State Health Infrastructure Development Agency at Dehradun,Road Infrastructure,Rural Road Upgrade,Dehradun,Himachal Pradesh,61387352,Open Competitive Bidding,Lowest Evaluated Responsive Bid (L1),2023-10-09 11:30:00,2023-11-12 04:30:00,2023-11-21,2023-11-25,2023-11-30,540,AWARDED
T206,B06,Jal Shakti / State Water & Sewerage Board,Community Health Center for Jal Shakti / State Water & Sewerage Board at Haridwar,Civil Construction,Community Health Center,Haridwar,Himachal Pradesh,176336675,Open Competitive Bidding,Lowest Evaluated Responsive Bid (L1),2023-10-09 11:30:00,2023-10-31 04:30:00,2023-11-09,2023-11-13,2023-11-16,90,AWARDED
T207,B07,Education Engineering Directorate,Lift Irrigation Scheme for Education Engineering Directorate at Jaipur,Water & Sanitation,Lift Irrigation Scheme,Jaipur,Himachal Pradesh,9658643,Open Competitive Bidding,Lowest Evaluated Responsive Bid (L1),2023-10-11 11:30:00,2023-11-14 04:30:00,2023-11-23,2023-11-29,2023-12-06,180,AWARDED
T208,B08,State Electricity Board Ltd (HPSEBL),Substation 33/11kV for State Electricity Board Ltd (HPSEBL) at New Delhi,Electrical & Energy,Substation 33/11kV,New Delhi,Himachal Pradesh,158787055,Limited Tender,Lowest Evaluated Responsive Bid (L1),2023-10-12 11:30:00,2023-11-12 04:30:00,2023-11-17,2023-11-22,2023-11-30,365,AWARDED
T209,B01,Public Works Department (PWD) - Roads Division,Bridge Construction for Public Works Department (PWD) at Shimla,Road Infrastructure,Bridge Construction,Shimla,Himachal Pradesh,117813022,Open Competitive Bidding,Lowest Evaluated Responsive Bid (L1),2023-10-13 11:30:00,2023-11-12 04:30:00,2023-11-22,2023-11-27,2023-12-01,365,AWARDED
T210,B02,National Highways Authority of India (NHAI) - RO Shimla,Administrative Complex for National Highways Authority of India (NHAI) at Solan,Civil Construction,Administrative Complex,Solan,Himachal Pradesh,68341777,Limited Tender,Lowest Evaluated Responsive Bid (L1),2023-10-16 11:30:00,2023-11-07 04:30:00,2023-11-14,2023-11-17,2023-11-20,240,AWARDED
T211,B03,Municipal Corporation Solan - Works Wing,Lift Irrigation Scheme for Municipal Corporation Solan at Mandi,Water & Sanitation,Lift Irrigation Scheme,Mandi,Himachal Pradesh,25770309,Open Competitive Bidding,Lowest Evaluated Responsive Bid (L1),2023-10-16 11:30:00,2023-11-21 04:30:00,2023-11-26,2023-11-29,2023-12-03,540,AWARDED
T212,B04,Rural Development & Panchayati Raj Dept,Solar Microgrid 500kW for Rural Development & Panchayati Raj Dept at Dharamshala,Electrical & Energy,Solar Microgrid 500kW,Dharamshala,Himachal Pradesh,96589046,Open Competitive Bidding,Lowest Evaluated Responsive Bid (L1),2023-10-17 11:30:00,2023-11-15 04:30:00,2023-11-23,2023-11-30,2023-12-03,240,AWARDED
T213,B05,State Health Infrastructure Development Agency,Highway Widening for State Health Infrastructure Development Agency at Chandigarh,Road Infrastructure,Highway Widening,Chandigarh,Himachal Pradesh,108948406,Open Competitive Bidding,Lowest Evaluated Responsive Bid (L1),2023-10-18 11:30:00,2023-11-10 04:30:00,2023-11-18,2023-11-25,2023-12-02,180,AWARDED
T214,B06,Jal Shakti / State Water & Sewerage Board,Community Health Center for Jal Shakti / State Water & Sewerage Board at Mohali,Civil Construction,Community Health Center,Mohali,Himachal Pradesh,176981812,Open Competitive Bidding,Lowest Evaluated Responsive Bid (L1),2023-10-20 11:30:00,2023-11-17 04:30:00,2023-11-26,2023-12-02,2023-12-10,180,AWARDED
T215,B07,Education Engineering Directorate,Lift Irrigation Scheme for Education Engineering Directorate at Ludhiana,Water & Sanitation,Lift Irrigation Scheme,Ludhiana,Himachal Pradesh,169386939,Open Competitive Bidding,Lowest Evaluated Responsive Bid (L1),2023-10-23 11:30:00,2023-11-15 04:30:00,2023-11-19,2023-11-23,2023-11-26,180,AWARDED
T216,B08,State Electricity Board Ltd (HPSEBL),Smart Metering System for State Electricity Board Ltd (HPSEBL) at Ambala,Electrical & Energy,Smart Metering System,Ambala,Himachal Pradesh,123431522,Open Competitive Bidding,Lowest Evaluated Responsive Bid (L1),2023-10-23 11:30:00,2023-11-24 04:30:00,2023-11-28,2023-12-05,2023-12-11,365,AWARDED
T217,B01,Public Works Department (PWD) - Roads Division,Highway Widening for Public Works Department (PWD) at Panchkula,Road Infrastructure,Highway Widening,Panchkula,Himachal Pradesh,127207627,Open Competitive Bidding,Lowest Evaluated Responsive Bid (L1),2023-10-24 11:30:00,2023-11-17 04:30:00,2023-11-23,2023-11-26,2023-12-06,365,AWARDED
T218,B02,National Highways Authority of India (NHAI) - RO Shimla,District Sports Stadium for National Highways Authority of India (NHAI) at Dehradun,Civil Construction,District Sports Stadium,Dehradun,Himachal Pradesh,49410278,Open Competitive Bidding,Lowest Evaluated Responsive Bid (L1),2023-10-25 11:30:00,2023-11-28 04:30:00,2023-12-03,2023-12-08,2023-12-15,240,AWARDED
T219,B03,Municipal Corporation Solan - Works Wing,Rural Water Supply Pipeline for Municipal Corporation Solan at Haridwar,Water & Sanitation,Rural Water Supply Pipeline,Haridwar,Himachal Pradesh,144500873,Limited Tender,Lowest Evaluated Responsive Bid (L1),2023-10-26 11:30:00,2023-11-25 04:30:00,2023-11-30,2023-12-04,2023-12-08,240,AWARDED
T220,B04,Rural Development & Panchayati Raj Dept,Solar Microgrid 500kW for Rural Development & Panchayati Raj Dept at Jaipur,Electrical & Energy,Solar Microgrid 500kW,Jaipur,Himachal Pradesh,143107303,Open Competitive Bidding,Lowest Evaluated Responsive Bid (L1),2023-10-30 11:30:00,2023-12-02 04:30:00,2023-12-08,2023-12-15,2023-12-19,365,AWARDED
T221,B05,State Health Infrastructure Development Agency,Highway Widening for State Health Infrastructure Development Agency at New Delhi,Road Infrastructure,Highway Widening,New Delhi,Himachal Pradesh,70614352,Open Competitive Bidding,Lowest Evaluated Responsive Bid (L1),2023-10-30 11:30:00,2023-11-23 04:30:00,2023-11-30,2023-12-07,2023-12-13,90,AWARDED
T222,B06,Jal Shakti / State Water & Sewerage Board,Community Health Center for Jal Shakti / State Water & Sewerage Board at Shimla,Civil Construction,Community Health Center,Shimla,Himachal Pradesh,163041845,Open Competitive Bidding,Lowest Evaluated Responsive Bid (L1),2023-10-30 11:30:00,2023-11-22 04:30:00,2023-12-02,2023-12-07,2023-12-17,90,AWARDED
T223,B07,Education Engineering Directorate,Sewage Treatment Plant for Education Engineering Directorate at Solan,Water & Sanitation,Sewage Treatment Plant,Solan,Himachal Pradesh,36198503,Open Competitive Bidding,Lowest Evaluated Responsive Bid (L1),2023-10-31 11:30:00,2023-11-26 04:30:00,2023-12-03,2023-12-09,2023-12-14,540,AWARDED
T224,B08,State Electricity Board Ltd (HPSEBL),Smart Metering System for State Electricity Board Ltd (HPSEBL) at Mandi,Electrical & Energy,Smart Metering System,Mandi,Himachal Pradesh,5948147,Open Competitive Bidding,Lowest Evaluated Responsive Bid (L1),2023-11-02 11:30:00,2023-11-26 04:30:00,2023-12-02,2023-12-09,2023-12-15,540,AWARDED
T225,B01,Public Works Department (PWD) - Roads Division,Pavement Overlay for Public Works Department (PWD) at Dharamshala,Road Infrastructure,Pavement Overlay,Dharamshala,Himachal Pradesh,166315043,Open Competitive Bidding,Lowest Evaluated Responsive Bid (L1),2023-11-03 11:30:00,2023-12-05 04:30:00,2023-12-15,2023-12-18,2023-12-23,365,AWARDED
T226,B02,National Highways Authority of India (NHAI) - RO Shimla,Community Health Center for National Highways Authority of India (NHAI) at Chandigarh,Civil Construction,Community Health Center,Chandigarh,Himachal Pradesh,148599571,Open Competitive Bidding,Lowest Evaluated Responsive Bid (L1),2023-11-06 11:30:00,2023-12-03 04:30:00,2023-12-07,2023-12-11,2023-12-18,240,AWARDED
T227,B03,Municipal Corporation Solan - Works Wing,Stormwater Drainage Network for Municipal Corporation Solan at Mohali,Water & Sanitation,Stormwater Drainage Network,Mohali,Himachal Pradesh,18359660,Open Competitive Bidding,Lowest Evaluated Responsive Bid (L1),2023-11-06 11:30:00,2023-11-28 04:30:00,2023-12-08,2023-12-12,2023-12-21,90,AWARDED
T228,B04,Rural Development & Panchayati Raj Dept,HT Transmission Line for Rural Development & Panchayati Raj Dept at Ludhiana,Electrical & Energy,HT Transmission Line,Ludhiana,Himachal Pradesh,148836103,Open Competitive Bidding,Lowest Evaluated Responsive Bid (L1),2023-11-07 11:30:00,2023-12-07 04:30:00,2023-12-11,2023-12-14,2023-12-22,540,AWARDED
T229,B05,State Health Infrastructure Development Agency,Pavement Overlay for State Health Infrastructure Development Agency at Ambala,Road Infrastructure,Pavement Overlay,Ambala,Himachal Pradesh,18832655,Open Competitive Bidding,Lowest Evaluated Responsive Bid (L1),2023-11-08 11:30:00,2023-12-12 04:30:00,2023-12-16,2023-12-23,2024-01-01,240,AWARDED
T230,B06,Jal Shakti / State Water & Sewerage Board,District Sports Stadium for Jal Shakti / State Water & Sewerage Board at Panchkula,Civil Construction,District Sports Stadium,Panchkula,Himachal Pradesh,88683814,Open Competitive Bidding,Lowest Evaluated Responsive Bid (L1),2023-11-10 11:30:00,2023-12-02 04:30:00,2023-12-10,2023-12-14,2023-12-17,240,AWARDED
T231,B07,Education Engineering Directorate,Rural Water Supply Pipeline for Education Engineering Directorate at Dehradun,Water & Sanitation,Rural Water Supply Pipeline,Dehradun,Himachal Pradesh,105194004,Open Competitive Bidding,Lowest Evaluated Responsive Bid (L1),2023-11-13 11:30:00,2023-12-18 04:30:00,2023-12-26,2023-12-29,2024-01-03,90,AWARDED
T232,B08,State Electricity Board Ltd (HPSEBL),Smart Metering System for State Electricity Board Ltd (HPSEBL) at Haridwar,Electrical & Energy,Smart Metering System,Haridwar,Himachal Pradesh,65334063,Open Competitive Bidding,Lowest Evaluated Responsive Bid (L1),2023-11-13 11:30:00,2023-12-12 04:30:00,2023-12-22,2023-12-28,2024-01-03,180,AWARDED
T233,B01,Public Works Department (PWD) - Roads Division,Highway Widening for Public Works Department (PWD) at Jaipur,Road Infrastructure,Highway Widening,Jaipur,Himachal Pradesh,140234039,Open Competitive Bidding,Lowest Evaluated Responsive Bid (L1),2023-11-13 11:30:00,2023-12-06 04:30:00,2023-12-11,2023-12-14,2023-12-22,365,AWARDED
T234,B02,National Highways Authority of India (NHAI) - RO Shimla,Govt Senior School for National Highways Authority of India (NHAI) at New Delhi,Civil Construction,Govt Senior School,New Delhi,Himachal Pradesh,134594720,Open Competitive Bidding,Lowest Evaluated Responsive Bid (L1),2023-11-15 11:30:00,2023-12-20 04:30:00,2023-12-30,2024-01-02,2024-01-10,540,AWARDED
T235,B03,Municipal Corporation Solan - Works Wing,Lift Irrigation Scheme for Municipal Corporation Solan at Shimla,Water & Sanitation,Lift Irrigation Scheme,Shimla,Himachal Pradesh,21555309,Open Competitive Bidding,Lowest Evaluated Responsive Bid (L1),2023-11-16 11:30:00,2023-12-15 04:30:00,2023-12-23,2023-12-30,2024-01-05,90,AWARDED
T236,B04,Rural Development & Panchayati Raj Dept,Smart Metering System for Rural Development & Panchayati Raj Dept at Solan,Electrical & Energy,Smart Metering System,Solan,Himachal Pradesh,110519716,Open Competitive Bidding,Lowest Evaluated Responsive Bid (L1),2023-11-17 11:30:00,2023-12-13 04:30:00,2023-12-17,2023-12-22,2024-01-01,240,AWARDED
T237,B05,State Health Infrastructure Development Agency,Bridge Construction for State Health Infrastructure Development Agency at Mandi,Road Infrastructure,Bridge Construction,Mandi,Himachal Pradesh,61378737,Limited Tender,Lowest Evaluated Responsive Bid (L1),2023-11-20 11:30:00,2023-12-20 04:30:00,2023-12-29,2024-01-02,2024-01-05,90,AWARDED
T238,B06,Jal Shakti / State Water & Sewerage Board,Administrative Complex for Jal Shakti / State Water & Sewerage Board at Dharamshala,Civil Construction,Administrative Complex,Dharamshala,Himachal Pradesh,32572713,Open Competitive Bidding,Lowest Evaluated Responsive Bid (L1),2023-11-20 11:30:00,2023-12-19 04:30:00,2023-12-24,2023-12-31,2024-01-03,180,AWARDED
T239,B07,Education Engineering Directorate,Stormwater Drainage Network for Education Engineering Directorate at Chandigarh,Water & Sanitation,Stormwater Drainage Network,Chandigarh,Himachal Pradesh,36108919,Limited Tender,Lowest Evaluated Responsive Bid (L1),2023-11-21 11:30:00,2023-12-15 04:30:00,2023-12-20,2023-12-26,2023-12-30,365,AWARDED
T240,B08,State Electricity Board Ltd (HPSEBL),HT Transmission Line for State Electricity Board Ltd (HPSEBL) at Mohali,Electrical & Energy,HT Transmission Line,Mohali,Himachal Pradesh,7292855,Open Competitive Bidding,Lowest Evaluated Responsive Bid (L1),2023-11-23 11:30:00,2023-12-29 04:30:00,2024-01-03,2024-01-08,2024-01-15,365,AWARDED
T241,B01,Public Works Department (PWD) - Roads Division,Pavement Overlay for Public Works Department (PWD) at Ludhiana,Road Infrastructure,Pavement Overlay,Ludhiana,Himachal Pradesh,70753561,Open Competitive Bidding,Lowest Evaluated Responsive Bid (L1),2023-11-24 11:30:00,2023-12-26 04:30:00,2023-12-30,2024-01-06,2024-01-15,180,AWARDED
T242,B02,National Highways Authority of India (NHAI) - RO Shimla,Administrative Complex for National Highways Authority of India (NHAI) at Ambala,Civil Construction,Administrative Complex,Ambala,Himachal Pradesh,18861755,Open Competitive Bidding,Lowest Evaluated Responsive Bid (L1),2023-11-27 11:30:00,2023-12-28 04:30:00,2024-01-07,2024-01-10,2024-01-20,365,AWARDED
T243,B03,Municipal Corporation Solan - Works Wing,Stormwater Drainage Network for Municipal Corporation Solan at Panchkula,Water & Sanitation,Stormwater Drainage Network,Panchkula,Himachal Pradesh,113357617,Open Competitive Bidding,Lowest Evaluated Responsive Bid (L1),2023-11-27 11:30:00,2023-12-21 04:30:00,2023-12-30,2024-01-02,2024-01-09,240,AWARDED
T244,B04,Rural Development & Panchayati Raj Dept,HT Transmission Line for Rural Development & Panchayati Raj Dept at Dehradun,Electrical & Energy,HT Transmission Line,Dehradun,Himachal Pradesh,78383667,Open Competitive Bidding,Lowest Evaluated Responsive Bid (L1),2023-11-28 11:30:00,2023-12-22 04:30:00,2023-12-30,2024-01-04,2024-01-13,180,AWARDED
T245,B05,State Health Infrastructure Development Agency,Rural Road Upgrade for State Health Infrastructure Development Agency at Haridwar,Road Infrastructure,Rural Road Upgrade,Haridwar,Himachal Pradesh,31581829,Open Competitive Bidding,Lowest Evaluated Responsive Bid (L1),2023-11-29 11:30:00,2023-12-31 04:30:00,2024-01-06,2024-01-09,2024-01-14,240,AWARDED
T246,B06,Jal Shakti / State Water & Sewerage Board,Community Health Center for Jal Shakti / State Water & Sewerage Board at Jaipur,Civil Construction,Community Health Center,Jaipur,Himachal Pradesh,86519983,Open Competitive Bidding,Lowest Evaluated Responsive Bid (L1),2023-11-30 11:30:00,2024-01-03 04:30:00,2024-01-13,2024-01-17,2024-01-25,180,AWARDED
T247,B07,Education Engineering Directorate,Rural Water Supply Pipeline for Education Engineering Directorate at New Delhi,Water & Sanitation,Rural Water Supply Pipeline,New Delhi,Himachal Pradesh,28424327,Open Competitive Bidding,Lowest Evaluated Responsive Bid (L1),2023-12-04 11:30:00,2023-12-31 04:30:00,2024-01-07,2024-01-11,2024-01-20,240,AWARDED
T248,B08,State Electricity Board Ltd (HPSEBL),Smart Metering System for State Electricity Board Ltd (HPSEBL) at Shimla,Electrical & Energy,Smart Metering System,Shimla,Himachal Pradesh,16530823,Open Competitive Bidding,Lowest Evaluated Responsive Bid (L1),2023-12-04 11:30:00,2024-01-02 04:30:00,2024-01-08,2024-01-11,2024-01-15,365,AWARDED
T249,B01,Public Works Department (PWD) - Roads Division,Rural Road Upgrade for Public Works Department (PWD) at Solan,Road Infrastructure,Rural Road Upgrade,Solan,Himachal Pradesh,141108679,Open Competitive Bidding,Lowest Evaluated Responsive Bid (L1),2023-12-04 11:30:00,2024-01-06 04:30:00,2024-01-10,2024-01-15,2024-01-22,90,AWARDED
T250,B02,National Highways Authority of India (NHAI) - RO Shimla,District Sports Stadium for National Highways Authority of India (NHAI) at Mandi,Civil Construction,District Sports Stadium,Mandi,Himachal Pradesh,173918038,Limited Tender,Lowest Evaluated Responsive Bid (L1),2023-12-06 11:30:00,2024-01-02 04:30:00,2024-01-06,2024-01-10,2024-01-16,240,AWARDED
T251,B03,Municipal Corporation Solan - Works Wing,Sewage Treatment Plant for Municipal Corporation Solan at Dharamshala,Water & Sanitation,Sewage Treatment Plant,Dharamshala,Himachal Pradesh,45349220,Open Competitive Bidding,Lowest Evaluated Responsive Bid (L1),2023-12-07 11:30:00,2024-01-07 04:30:00,2024-01-15,2024-01-19,2024-01-27,365,AWARDED
T252,B04,Rural Development & Panchayati Raj Dept,HT Transmission Line for Rural Development & Panchayati Raj Dept at Chandigarh,Electrical & Energy,HT Transmission Line,Chandigarh,Himachal Pradesh,147281290,Open Competitive Bidding,Lowest Evaluated Responsive Bid (L1),2023-12-08 11:30:00,2024-01-07 04:30:00,2024-01-14,2024-01-18,2024-01-27,365,AWARDED
T253,B05,State Health Infrastructure Development Agency,Bridge Construction for State Health Infrastructure Development Agency at Mohali,Road Infrastructure,Bridge Construction,Mohali,Himachal Pradesh,82146735,Open Competitive Bidding,Lowest Evaluated Responsive Bid (L1),2023-12-11 11:30:00,2024-01-03 04:30:00,2024-01-07,2024-01-11,2024-01-21,540,AWARDED
T254,B06,Jal Shakti / State Water & Sewerage Board,District Sports Stadium for Jal Shakti / State Water & Sewerage Board at Ludhiana,Civil Construction,District Sports Stadium,Ludhiana,Himachal Pradesh,74503246,Open Competitive Bidding,Lowest Evaluated Responsive Bid (L1),2023-12-11 11:30:00,2024-01-03 04:30:00,2024-01-09,2024-01-12,2024-01-22,365,AWARDED
T255,B07,Education Engineering Directorate,Sewage Treatment Plant for Education Engineering Directorate at Ambala,Water & Sanitation,Sewage Treatment Plant,Ambala,Himachal Pradesh,169516589,Open Competitive Bidding,Lowest Evaluated Responsive Bid (L1),2023-12-12 11:30:00,2024-01-17 04:30:00,2024-01-22,2024-01-27,2024-02-01,540,AWARDED
T256,B08,State Electricity Board Ltd (HPSEBL),Substation 33/11kV for State Electricity Board Ltd (HPSEBL) at Panchkula,Electrical & Energy,Substation 33/11kV,Panchkula,Himachal Pradesh,69290054,Limited Tender,Lowest Evaluated Responsive Bid (L1),2023-12-13 11:30:00,2024-01-07 04:30:00,2024-01-16,2024-01-22,2024-01-27,540,AWARDED
T257,B01,Public Works Department (PWD) - Roads Division,Pavement Overlay for Public Works Department (PWD) at Dehradun,Road Infrastructure,Pavement Overlay,Dehradun,Himachal Pradesh,79670090,Open Competitive Bidding,Lowest Evaluated Responsive Bid (L1),2023-12-15 11:30:00,2024-01-16 04:30:00,2024-01-22,2024-01-27,2024-02-02,540,AWARDED
T258,B02,National Highways Authority of India (NHAI) - RO Shimla,Community Health Center for National Highways Authority of India (NHAI) at Haridwar,Civil Construction,Community Health Center,Haridwar,Himachal Pradesh,98421987,Open Competitive Bidding,Lowest Evaluated Responsive Bid (L1),2023-12-18 11:30:00,2024-01-19 04:30:00,2024-01-29,2024-02-02,2024-02-12,90,AWARDED
T259,B03,Municipal Corporation Solan - Works Wing,Lift Irrigation Scheme for Municipal Corporation Solan at Jaipur,Water & Sanitation,Lift Irrigation Scheme,Jaipur,Himachal Pradesh,114572519,Open Competitive Bidding,Lowest Evaluated Responsive Bid (L1),2023-12-18 11:30:00,2024-01-22 04:30:00,2024-01-27,2024-01-31,2024-02-07,540,AWARDED
T260,B04,Rural Development & Panchayati Raj Dept,Smart Metering System for Rural Development & Panchayati Raj Dept at New Delhi,Electrical & Energy,Smart Metering System,New Delhi,Himachal Pradesh,134055605,Open Competitive Bidding,Lowest Evaluated Responsive Bid (L1),2023-12-19 11:30:00,2024-01-22 04:30:00,2024-01-26,2024-02-02,2024-02-05,540,AWARDED
T261,B05,State Health Infrastructure Development Agency,Bridge Construction for State Health Infrastructure Development Agency at Shimla,Road Infrastructure,Bridge Construction,Shimla,Himachal Pradesh,126377220,Open Competitive Bidding,Lowest Evaluated Responsive Bid (L1),2023-12-20 11:30:00,2024-01-21 04:30:00,2024-01-30,2024-02-03,2024-02-11,540,AWARDED
T262,B06,Jal Shakti / State Water & Sewerage Board,Community Health Center for Jal Shakti / State Water & Sewerage Board at Solan,Civil Construction,Community Health Center,Solan,Himachal Pradesh,50502184,Open Competitive Bidding,Lowest Evaluated Responsive Bid (L1),2023-12-21 11:30:00,2024-01-20 04:30:00,2024-01-28,2024-02-04,2024-02-08,180,AWARDED
T263,B07,Education Engineering Directorate,Sewage Treatment Plant for Education Engineering Directorate at Mandi,Water & Sanitation,Sewage Treatment Plant,Mandi,Himachal Pradesh,77243549,Open Competitive Bidding,Lowest Evaluated Responsive Bid (L1),2023-12-22 11:30:00,2024-01-24 04:30:00,2024-02-02,2024-02-07,2024-02-10,180,AWARDED
T264,B08,State Electricity Board Ltd (HPSEBL),Solar Microgrid 500kW for State Electricity Board Ltd (HPSEBL) at Dharamshala,Electrical & Energy,Solar Microgrid 500kW,Dharamshala,Himachal Pradesh,11149575,Open Competitive Bidding,Lowest Evaluated Responsive Bid (L1),2023-12-25 11:30:00,2024-01-30 04:30:00,2024-02-06,2024-02-09,2024-02-14,90,AWARDED
T265,B01,Public Works Department (PWD) - Roads Division,Rural Road Upgrade for Public Works Department (PWD) at Chandigarh,Road Infrastructure,Rural Road Upgrade,Chandigarh,Himachal Pradesh,173119056,Limited Tender,Lowest Evaluated Responsive Bid (L1),2023-12-25 11:30:00,2024-01-16 04:30:00,2024-01-26,2024-01-30,2024-02-04,90,AWARDED
T266,B02,National Highways Authority of India (NHAI) - RO Shimla,Govt Senior School for National Highways Authority of India (NHAI) at Mohali,Civil Construction,Govt Senior School,Mohali,Himachal Pradesh,64468417,Open Competitive Bidding,Lowest Evaluated Responsive Bid (L1),2023-12-26 11:30:00,2024-01-24 04:30:00,2024-02-03,2024-02-06,2024-02-10,240,AWARDED
T267,B03,Municipal Corporation Solan - Works Wing,Stormwater Drainage Network for Municipal Corporation Solan at Ludhiana,Water & Sanitation,Stormwater Drainage Network,Ludhiana,Himachal Pradesh,167155850,Limited Tender,Lowest Evaluated Responsive Bid (L1),2023-12-28 11:30:00,2024-01-25 04:30:00,2024-02-04,2024-02-08,2024-02-15,365,AWARDED
T268,B04,Rural Development & Panchayati Raj Dept,Solar Microgrid 500kW for Rural Development & Panchayati Raj Dept at Ambala,Electrical & Energy,Solar Microgrid 500kW,Ambala,Himachal Pradesh,164144258,Open Competitive Bidding,Lowest Evaluated Responsive Bid (L1),2023-12-29 11:30:00,2024-01-27 04:30:00,2024-02-01,2024-02-07,2024-02-14,540,AWARDED
T269,B05,State Health Infrastructure Development Agency,Pavement Overlay for State Health Infrastructure Development Agency at Panchkula,Road Infrastructure,Pavement Overlay,Panchkula,Himachal Pradesh,165007497,Open Competitive Bidding,Lowest Evaluated Responsive Bid (L1),2024-01-01 11:30:00,2024-01-24 04:30:00,2024-02-01,2024-02-04,2024-02-08,180,AWARDED
T270,B06,Jal Shakti / State Water & Sewerage Board,District Sports Stadium for Jal Shakti / State Water & Sewerage Board at Dehradun,Civil Construction,District Sports Stadium,Dehradun,Himachal Pradesh,49686470,Open Competitive Bidding,Lowest Evaluated Responsive Bid (L1),2024-01-01 11:30:00,2024-02-05 04:30:00,2024-02-12,2024-02-15,2024-02-23,540,AWARDED
T271,B07,Education Engineering Directorate,Stormwater Drainage Network for Education Engineering Directorate at Haridwar,Water & Sanitation,Stormwater Drainage Network,Haridwar,Himachal Pradesh,31316898,Open Competitive Bidding,Lowest Evaluated Responsive Bid (L1),2024-01-02 11:30:00,2024-02-06 04:30:00,2024-02-15,2024-02-20,2024-02-24,180,AWARDED
T272,B08,State Electricity Board Ltd (HPSEBL),Smart Metering System for State Electricity Board Ltd (HPSEBL) at Jaipur,Electrical & Energy,Smart Metering System,Jaipur,Himachal Pradesh,87650431,Open Competitive Bidding,Lowest Evaluated Responsive Bid (L1),2024-01-03 11:30:00,2024-01-26 04:30:00,2024-02-05,2024-02-12,2024-02-18,540,AWARDED
T273,B01,Public Works Department (PWD) - Roads Division,Bridge Construction for Public Works Department (PWD) at New Delhi,Road Infrastructure,Bridge Construction,New Delhi,Himachal Pradesh,167136761,Open Competitive Bidding,Lowest Evaluated Responsive Bid (L1),2024-01-04 11:30:00,2024-01-26 04:30:00,2024-02-04,2024-02-09,2024-02-13,90,AWARDED
T274,B02,National Highways Authority of India (NHAI) - RO Shimla,Administrative Complex for National Highways Authority of India (NHAI) at Shimla,Civil Construction,Administrative Complex,Shimla,Himachal Pradesh,45019225,Open Competitive Bidding,Lowest Evaluated Responsive Bid (L1),2024-01-08 11:30:00,2024-02-08 04:30:00,2024-02-14,2024-02-21,2024-02-26,180,AWARDED
T275,B03,Municipal Corporation Solan - Works Wing,Sewage Treatment Plant for Municipal Corporation Solan at Solan,Water & Sanitation,Sewage Treatment Plant,Solan,Himachal Pradesh,18294964,Open Competitive Bidding,Lowest Evaluated Responsive Bid (L1),2024-01-08 11:30:00,2024-02-07 04:30:00,2024-02-17,2024-02-20,2024-02-26,240,AWARDED
T276,B04,Rural Development & Panchayati Raj Dept,HT Transmission Line for Rural Development & Panchayati Raj Dept at Mandi,Electrical & Energy,HT Transmission Line,Mandi,Himachal Pradesh,156653093,Open Competitive Bidding,Lowest Evaluated Responsive Bid (L1),2024-01-08 11:30:00,2024-02-10 04:30:00,2024-02-20,2024-02-25,2024-03-02,240,AWARDED
T277,B05,State Health Infrastructure Development Agency,Highway Widening for State Health Infrastructure Development Agency at Dharamshala,Road Infrastructure,Highway Widening,Dharamshala,Himachal Pradesh,21592650,Open Competitive Bidding,Lowest Evaluated Responsive Bid (L1),2024-01-10 11:30:00,2024-02-04 04:30:00,2024-02-11,2024-02-18,2024-02-26,180,AWARDED
T278,B06,Jal Shakti / State Water & Sewerage Board,Community Health Center for Jal Shakti / State Water & Sewerage Board at Chandigarh,Civil Construction,Community Health Center,Chandigarh,Himachal Pradesh,172154399,Limited Tender,Lowest Evaluated Responsive Bid (L1),2024-01-11 11:30:00,2024-02-02 04:30:00,2024-02-10,2024-02-17,2024-02-21,365,AWARDED
T279,B07,Education Engineering Directorate,Sewage Treatment Plant for Education Engineering Directorate at Mohali,Water & Sanitation,Sewage Treatment Plant,Mohali,Himachal Pradesh,176372446,Open Competitive Bidding,Lowest Evaluated Responsive Bid (L1),2024-01-12 11:30:00,2024-02-07 04:30:00,2024-02-12,2024-02-18,2024-02-23,540,AWARDED
T280,B08,State Electricity Board Ltd (HPSEBL),HT Transmission Line for State Electricity Board Ltd (HPSEBL) at Ludhiana,Electrical & Energy,HT Transmission Line,Ludhiana,Himachal Pradesh,123387844,Open Competitive Bidding,Lowest Evaluated Responsive Bid (L1),2024-01-15 11:30:00,2024-02-13 04:30:00,2024-02-19,2024-02-23,2024-03-01,540,AWARDED
T281,B01,Public Works Department (PWD) - Roads Division,Rural Road Upgrade for Public Works Department (PWD) at Ambala,Road Infrastructure,Rural Road Upgrade,Ambala,Himachal Pradesh,39723592,Open Competitive Bidding,Lowest Evaluated Responsive Bid (L1),2024-01-15 11:30:00,2024-02-15 04:30:00,2024-02-21,2024-02-27,2024-03-03,180,AWARDED
T282,B02,National Highways Authority of India (NHAI) - RO Shimla,Administrative Complex for National Highways Authority of India (NHAI) at Panchkula,Civil Construction,Administrative Complex,Panchkula,Himachal Pradesh,93596311,Open Competitive Bidding,Lowest Evaluated Responsive Bid (L1),2024-01-16 11:30:00,2024-02-12 04:30:00,2024-02-22,2024-02-29,2024-03-09,240,AWARDED
T283,B03,Municipal Corporation Solan - Works Wing,Rural Water Supply Pipeline for Municipal Corporation Solan at Dehradun,Water & Sanitation,Rural Water Supply Pipeline,Dehradun,Himachal Pradesh,167934214,Open Competitive Bidding,Lowest Evaluated Responsive Bid (L1),2024-01-17 11:30:00,2024-02-09 04:30:00,2024-02-13,2024-02-17,2024-02-23,90,AWARDED
T284,B04,Rural Development & Panchayati Raj Dept,HT Transmission Line for Rural Development & Panchayati Raj Dept at Haridwar,Electrical & Energy,HT Transmission Line,Haridwar,Himachal Pradesh,117993979,Open Competitive Bidding,Lowest Evaluated Responsive Bid (L1),2024-01-19 11:30:00,2024-02-14 04:30:00,2024-02-24,2024-02-29,2024-03-06,240,AWARDED
T285,B05,State Health Infrastructure Development Agency,Pavement Overlay for State Health Infrastructure Development Agency at Jaipur,Road Infrastructure,Pavement Overlay,Jaipur,Himachal Pradesh,44486027,Open Competitive Bidding,Lowest Evaluated Responsive Bid (L1),2024-01-22 11:30:00,2024-02-15 04:30:00,2024-02-24,2024-03-01,2024-03-10,180,AWARDED
T286,B06,Jal Shakti / State Water & Sewerage Board,Administrative Complex for Jal Shakti / State Water & Sewerage Board at New Delhi,Civil Construction,Administrative Complex,New Delhi,Himachal Pradesh,118658120,Open Competitive Bidding,Lowest Evaluated Responsive Bid (L1),2024-01-22 11:30:00,2024-02-22 04:30:00,2024-02-26,2024-03-04,2024-03-09,240,AWARDED
T287,B07,Education Engineering Directorate,Rural Water Supply Pipeline for Education Engineering Directorate at Shimla,Water & Sanitation,Rural Water Supply Pipeline,Shimla,Himachal Pradesh,124157690,Open Competitive Bidding,Lowest Evaluated Responsive Bid (L1),2024-01-23 11:30:00,2024-02-20 04:30:00,2024-03-01,2024-03-05,2024-03-12,240,AWARDED
T288,B08,State Electricity Board Ltd (HPSEBL),HT Transmission Line for State Electricity Board Ltd (HPSEBL) at Solan,Electrical & Energy,HT Transmission Line,Solan,Himachal Pradesh,58325265,Open Competitive Bidding,Lowest Evaluated Responsive Bid (L1),2024-01-24 11:30:00,2024-02-17 04:30:00,2024-02-23,2024-02-26,2024-02-29,365,AWARDED
T289,B01,Public Works Department (PWD) - Roads Division,Bridge Construction for Public Works Department (PWD) at Mandi,Road Infrastructure,Bridge Construction,Mandi,Himachal Pradesh,155331626,Open Competitive Bidding,Lowest Evaluated Responsive Bid (L1),2024-01-25 11:30:00,2024-02-28 04:30:00,2024-03-07,2024-03-10,2024-03-13,180,AWARDED
T290,B02,National Highways Authority of India (NHAI) - RO Shimla,Community Health Center for National Highways Authority of India (NHAI) at Dharamshala,Civil Construction,Community Health Center,Dharamshala,Himachal Pradesh,57220485,Open Competitive Bidding,Lowest Evaluated Responsive Bid (L1),2024-01-29 11:30:00,2024-02-29 04:30:00,2024-03-04,2024-03-08,2024-03-14,90,AWARDED
T291,B03,Municipal Corporation Solan - Works Wing,Stormwater Drainage Network for Municipal Corporation Solan at Chandigarh,Water & Sanitation,Stormwater Drainage Network,Chandigarh,Himachal Pradesh,71235011,Limited Tender,Lowest Evaluated Responsive Bid (L1),2024-01-29 11:30:00,2024-02-23 04:30:00,2024-03-02,2024-03-05,2024-03-12,180,AWARDED
T292,B04,Rural Development & Panchayati Raj Dept,Substation 33/11kV for Rural Development & Panchayati Raj Dept at Mohali,Electrical & Energy,Substation 33/11kV,Mohali,Himachal Pradesh,174415481,Open Competitive Bidding,Lowest Evaluated Responsive Bid (L1),2024-01-29 11:30:00,2024-03-02 04:30:00,2024-03-11,2024-03-14,2024-03-24,90,AWARDED
T293,B05,State Health Infrastructure Development Agency,Bridge Construction for State Health Infrastructure Development Agency at Ludhiana,Road Infrastructure,Bridge Construction,Ludhiana,Himachal Pradesh,66533611,Open Competitive Bidding,Lowest Evaluated Responsive Bid (L1),2024-01-30 11:30:00,2024-03-03 04:30:00,2024-03-10,2024-03-13,2024-03-16,365,AWARDED
T294,B06,Jal Shakti / State Water & Sewerage Board,Community Health Center for Jal Shakti / State Water & Sewerage Board at Ambala,Civil Construction,Community Health Center,Ambala,Himachal Pradesh,31367711,Open Competitive Bidding,Lowest Evaluated Responsive Bid (L1),2024-02-01 11:30:00,2024-03-03 04:30:00,2024-03-07,2024-03-12,2024-03-17,240,AWARDED
T295,B07,Education Engineering Directorate,Rural Water Supply Pipeline for Education Engineering Directorate at Panchkula,Water & Sanitation,Rural Water Supply Pipeline,Panchkula,Himachal Pradesh,85047097,Open Competitive Bidding,Lowest Evaluated Responsive Bid (L1),2024-02-02 11:30:00,2024-03-01 04:30:00,2024-03-09,2024-03-16,2024-03-26,540,AWARDED
T296,B08,State Electricity Board Ltd (HPSEBL),Solar Microgrid 500kW for State Electricity Board Ltd (HPSEBL) at Dehradun,Electrical & Energy,Solar Microgrid 500kW,Dehradun,Himachal Pradesh,86664948,Open Competitive Bidding,Lowest Evaluated Responsive Bid (L1),2024-02-05 11:30:00,2024-03-06 04:30:00,2024-03-16,2024-03-22,2024-03-28,90,AWARDED
T297,B01,Public Works Department (PWD) - Roads Division,Highway Widening for Public Works Department (PWD) at Haridwar,Road Infrastructure,Highway Widening,Haridwar,Himachal Pradesh,15277519,Open Competitive Bidding,Lowest Evaluated Responsive Bid (L1),2024-02-05 11:30:00,2024-03-02 04:30:00,2024-03-07,2024-03-11,2024-03-19,540,AWARDED
T298,B02,National Highways Authority of India (NHAI) - RO Shimla,Govt Senior School for National Highways Authority of India (NHAI) at Jaipur,Civil Construction,Govt Senior School,Jaipur,Himachal Pradesh,6504764,Open Competitive Bidding,Lowest Evaluated Responsive Bid (L1),2024-02-06 11:30:00,2024-03-04 04:30:00,2024-03-08,2024-03-15,2024-03-18,240,AWARDED
T299,B03,Municipal Corporation Solan - Works Wing,Stormwater Drainage Network for Municipal Corporation Solan at New Delhi,Water & Sanitation,Stormwater Drainage Network,New Delhi,Himachal Pradesh,14223607,Open Competitive Bidding,Lowest Evaluated Responsive Bid (L1),2024-02-07 11:30:00,2024-03-05 04:30:00,2024-03-11,2024-03-17,2024-03-24,240,AWARDED
T300,B04,Rural Development & Panchayati Raj Dept,Substation 33/11kV for Rural Development & Panchayati Raj Dept at Shimla,Electrical & Energy,Substation 33/11kV,Shimla,Himachal Pradesh,159662065,Open Competitive Bidding,Lowest Evaluated Responsive Bid (L1),2024-02-09 11:30:00,2024-03-10 04:30:00,2024-03-15,2024-03-18,2024-03-25,180,AWARDED
T301,B05,State Health Infrastructure Development Agency,Bridge Construction for State Health Infrastructure Development Agency at Solan,Road Infrastructure,Bridge Construction,Solan,Himachal Pradesh,118874269,Open Competitive Bidding,Lowest Evaluated Responsive Bid (L1),2024-02-12 11:30:00,2024-03-08 04:30:00,2024-03-13,2024-03-17,2024-03-24,240,AWARDED
T302,B06,Jal Shakti / State Water & Sewerage Board,District Sports Stadium for Jal Shakti / State Water & Sewerage Board at Mandi,Civil Construction,District Sports Stadium,Mandi,Himachal Pradesh,43868808,Limited Tender,Lowest Evaluated Responsive Bid (L1),2024-02-12 11:30:00,2024-03-16 04:30:00,2024-03-23,2024-03-30,2024-04-08,240,AWARDED
T303,B07,Education Engineering Directorate,Lift Irrigation Scheme for Education Engineering Directorate at Dharamshala,Water & Sanitation,Lift Irrigation Scheme,Dharamshala,Himachal Pradesh,120616201,Open Competitive Bidding,Lowest Evaluated Responsive Bid (L1),2024-02-12 11:30:00,2024-03-16 04:30:00,2024-03-23,2024-03-29,2024-04-02,240,AWARDED
T304,B08,State Electricity Board Ltd (HPSEBL),Substation 33/11kV for State Electricity Board Ltd (HPSEBL) at Chandigarh,Electrical & Energy,Substation 33/11kV,Chandigarh,Himachal Pradesh,150586134,Limited Tender,Lowest Evaluated Responsive Bid (L1),2024-02-14 11:30:00,2024-03-14 04:30:00,2024-03-21,2024-03-25,2024-03-31,180,AWARDED
T305,B01,Public Works Department (PWD) - Roads Division,Pavement Overlay for Public Works Department (PWD) at Mohali,Road Infrastructure,Pavement Overlay,Mohali,Himachal Pradesh,13275527,Open Competitive Bidding,Lowest Evaluated Responsive Bid (L1),2024-02-15 11:30:00,2024-03-11 04:30:00,2024-03-15,2024-03-22,2024-03-30,90,AWARDED
T306,B02,National Highways Authority of India (NHAI) - RO Shimla,Govt Senior School for National Highways Authority of India (NHAI) at Ludhiana,Civil Construction,Govt Senior School,Ludhiana,Himachal Pradesh,75872510,Open Competitive Bidding,Lowest Evaluated Responsive Bid (L1),2024-02-16 11:30:00,2024-03-09 04:30:00,2024-03-13,2024-03-20,2024-03-26,240,AWARDED
T307,B03,Municipal Corporation Solan - Works Wing,Stormwater Drainage Network for Municipal Corporation Solan at Ambala,Water & Sanitation,Stormwater Drainage Network,Ambala,Himachal Pradesh,156318931,Open Competitive Bidding,Lowest Evaluated Responsive Bid (L1),2024-02-19 11:30:00,2024-03-15 04:30:00,2024-03-22,2024-03-26,2024-04-04,240,AWARDED
T308,B04,Rural Development & Panchayati Raj Dept,Smart Metering System for Rural Development & Panchayati Raj Dept at Panchkula,Electrical & Energy,Smart Metering System,Panchkula,Himachal Pradesh,76565053,Open Competitive Bidding,Lowest Evaluated Responsive Bid (L1),2024-02-19 11:30:00,2024-03-17 04:30:00,2024-03-25,2024-03-30,2024-04-09,365,AWARDED
T309,B05,State Health Infrastructure Development Agency,Rural Road Upgrade for State Health Infrastructure Development Agency at Dehradun,Road Infrastructure,Rural Road Upgrade,Dehradun,Himachal Pradesh,102923151,Open Competitive Bidding,Lowest Evaluated Responsive Bid (L1),2024-02-20 11:30:00,2024-03-14 04:30:00,2024-03-20,2024-03-24,2024-04-03,365,AWARDED
T310,B06,Jal Shakti / State Water & Sewerage Board,Community Health Center for Jal Shakti / State Water & Sewerage Board at Haridwar,Civil Construction,Community Health Center,Haridwar,Himachal Pradesh,166216910,Open Competitive Bidding,Lowest Evaluated Responsive Bid (L1),2024-02-22 11:30:00,2024-03-28 04:30:00,2024-04-03,2024-04-07,2024-04-11,180,AWARDED
T311,B07,Education Engineering Directorate,Rural Water Supply Pipeline for Education Engineering Directorate at Jaipur,Water & Sanitation,Rural Water Supply Pipeline,Jaipur,Himachal Pradesh,16629765,Open Competitive Bidding,Lowest Evaluated Responsive Bid (L1),2024-02-23 11:30:00,2024-03-16 04:30:00,2024-03-26,2024-03-31,2024-04-09,365,AWARDED
T312,B08,State Electricity Board Ltd (HPSEBL),Substation 33/11kV for State Electricity Board Ltd (HPSEBL) at New Delhi,Electrical & Energy,Substation 33/11kV,New Delhi,Himachal Pradesh,14083130,Open Competitive Bidding,Lowest Evaluated Responsive Bid (L1),2024-02-26 11:30:00,2024-03-26 04:30:00,2024-04-04,2024-04-11,2024-04-18,365,AWARDED
T313,B01,Public Works Department (PWD) - Roads Division,Pavement Overlay for Public Works Department (PWD) at Shimla,Road Infrastructure,Pavement Overlay,Shimla,Himachal Pradesh,138187982,Open Competitive Bidding,Lowest Evaluated Responsive Bid (L1),2024-02-26 11:30:00,2024-04-01 04:30:00,2024-04-10,2024-04-15,2024-04-18,540,AWARDED
T314,B02,National Highways Authority of India (NHAI) - RO Shimla,Community Health Center for National Highways Authority of India (NHAI) at Solan,Civil Construction,Community Health Center,Solan,Himachal Pradesh,51542021,Open Competitive Bidding,Lowest Evaluated Responsive Bid (L1),2024-02-27 11:30:00,2024-03-21 04:30:00,2024-03-31,2024-04-06,2024-04-14,540,AWARDED
T315,B03,Municipal Corporation Solan - Works Wing,Lift Irrigation Scheme for Municipal Corporation Solan at Mandi,Water & Sanitation,Lift Irrigation Scheme,Mandi,Himachal Pradesh,98907722,Open Competitive Bidding,Lowest Evaluated Responsive Bid (L1),2024-02-28 11:30:00,2024-03-21 04:30:00,2024-03-30,2024-04-04,2024-04-12,90,AWARDED
T316,B04,Rural Development & Panchayati Raj Dept,Solar Microgrid 500kW for Rural Development & Panchayati Raj Dept at Dharamshala,Electrical & Energy,Solar Microgrid 500kW,Dharamshala,Himachal Pradesh,33933651,Open Competitive Bidding,Lowest Evaluated Responsive Bid (L1),2024-02-29 11:30:00,2024-03-23 04:30:00,2024-03-29,2024-04-03,2024-04-11,180,AWARDED
T317,B05,State Health Infrastructure Development Agency,Highway Widening for State Health Infrastructure Development Agency at Chandigarh,Road Infrastructure,Highway Widening,Chandigarh,Himachal Pradesh,82072750,Open Competitive Bidding,Lowest Evaluated Responsive Bid (L1),2024-03-04 11:30:00,2024-03-31 04:30:00,2024-04-05,2024-04-11,2024-04-20,240,AWARDED
T318,B06,Jal Shakti / State Water & Sewerage Board,Administrative Complex for Jal Shakti / State Water & Sewerage Board at Mohali,Civil Construction,Administrative Complex,Mohali,Himachal Pradesh,57602880,Open Competitive Bidding,Lowest Evaluated Responsive Bid (L1),2024-03-04 11:30:00,2024-04-08 04:30:00,2024-04-17,2024-04-21,2024-04-27,180,AWARDED
T319,B07,Education Engineering Directorate,Sewage Treatment Plant for Education Engineering Directorate at Ludhiana,Water & Sanitation,Sewage Treatment Plant,Ludhiana,Himachal Pradesh,62253243,Open Competitive Bidding,Lowest Evaluated Responsive Bid (L1),2024-03-04 11:30:00,2024-04-03 04:30:00,2024-04-11,2024-04-15,2024-04-19,240,AWARDED
T320,B08,State Electricity Board Ltd (HPSEBL),Solar Microgrid 500kW for State Electricity Board Ltd (HPSEBL) at Ambala,Electrical & Energy,Solar Microgrid 500kW,Ambala,Himachal Pradesh,150755116,Open Competitive Bidding,Lowest Evaluated Responsive Bid (L1),2024-03-06 11:30:00,2024-04-04 04:30:00,2024-04-13,2024-04-17,2024-04-23,180,AWARDED
T321,B01,Public Works Department (PWD) - Roads Division,Highway Widening for Public Works Department (PWD) at Panchkula,Road Infrastructure,Highway Widening,Panchkula,Himachal Pradesh,29675456,Open Competitive Bidding,Lowest Evaluated Responsive Bid (L1),2024-03-07 11:30:00,2024-04-08 04:30:00,2024-04-16,2024-04-19,2024-04-26,180,AWARDED
T322,B02,National Highways Authority of India (NHAI) - RO Shimla,District Sports Stadium for National Highways Authority of India (NHAI) at Dehradun,Civil Construction,District Sports Stadium,Dehradun,Himachal Pradesh,120167004,Open Competitive Bidding,Lowest Evaluated Responsive Bid (L1),2024-03-08 11:30:00,2024-04-02 04:30:00,2024-04-11,2024-04-15,2024-04-22,540,AWARDED
T323,B03,Municipal Corporation Solan - Works Wing,Stormwater Drainage Network for Municipal Corporation Solan at Haridwar,Water & Sanitation,Stormwater Drainage Network,Haridwar,Himachal Pradesh,174291895,Limited Tender,Lowest Evaluated Responsive Bid (L1),2024-03-11 11:30:00,2024-04-03 04:30:00,2024-04-11,2024-04-15,2024-04-25,540,AWARDED
T324,B04,Rural Development & Panchayati Raj Dept,Solar Microgrid 500kW for Rural Development & Panchayati Raj Dept at Jaipur,Electrical & Energy,Solar Microgrid 500kW,Jaipur,Himachal Pradesh,98348130,Open Competitive Bidding,Lowest Evaluated Responsive Bid (L1),2024-03-11 11:30:00,2024-04-07 04:30:00,2024-04-14,2024-04-17,2024-04-24,240,AWARDED
T325,B05,State Health Infrastructure Development Agency,Highway Widening for State Health Infrastructure Development Agency at New Delhi,Road Infrastructure,Highway Widening,New Delhi,Himachal Pradesh,104250679,Open Competitive Bidding,Lowest Evaluated Responsive Bid (L1),2024-03-12 11:30:00,2024-04-14 04:30:00,2024-04-18,2024-04-25,2024-04-28,90,AWARDED
T326,B06,Jal Shakti / State Water & Sewerage Board,Govt Senior School for Jal Shakti / State Water & Sewerage Board at Shimla,Civil Construction,Govt Senior School,Shimla,Himachal Pradesh,145320100,Open Competitive Bidding,Lowest Evaluated Responsive Bid (L1),2024-03-13 11:30:00,2024-04-10 04:30:00,2024-04-15,2024-04-18,2024-04-25,240,AWARDED
T327,B07,Education Engineering Directorate,Stormwater Drainage Network for Education Engineering Directorate at Solan,Water & Sanitation,Stormwater Drainage Network,Solan,Himachal Pradesh,92500105,Open Competitive Bidding,Lowest Evaluated Responsive Bid (L1),2024-03-15 11:30:00,2024-04-17 04:30:00,2024-04-22,2024-04-28,2024-05-01,240,AWARDED
T328,B08,State Electricity Board Ltd (HPSEBL),Substation 33/11kV for State Electricity Board Ltd (HPSEBL) at Mandi,Electrical & Energy,Substation 33/11kV,Mandi,Himachal Pradesh,61692044,Limited Tender,Lowest Evaluated Responsive Bid (L1),2024-03-18 11:30:00,2024-04-11 04:30:00,2024-04-18,2024-04-23,2024-04-29,365,AWARDED
T329,B01,Public Works Department (PWD) - Roads Division,Pavement Overlay for Public Works Department (PWD) at Dharamshala,Road Infrastructure,Pavement Overlay,Dharamshala,Himachal Pradesh,79641496,Open Competitive Bidding,Lowest Evaluated Responsive Bid (L1),2024-03-18 11:30:00,2024-04-22 04:30:00,2024-04-30,2024-05-03,2024-05-12,540,AWARDED
T330,B02,National Highways Authority of India (NHAI) - RO Shimla,Administrative Complex for National Highways Authority of India (NHAI) at Chandigarh,Civil Construction,Administrative Complex,Chandigarh,Himachal Pradesh,143000602,Open Competitive Bidding,Lowest Evaluated Responsive Bid (L1),2024-03-19 11:30:00,2024-04-18 04:30:00,2024-04-25,2024-04-28,2024-05-06,240,AWARDED
T331,B03,Municipal Corporation Solan - Works Wing,Sewage Treatment Plant for Municipal Corporation Solan at Mohali,Water & Sanitation,Sewage Treatment Plant,Mohali,Himachal Pradesh,133763714,Open Competitive Bidding,Lowest Evaluated Responsive Bid (L1),2024-03-20 11:30:00,2024-04-17 04:30:00,2024-04-27,2024-05-04,2024-05-09,540,AWARDED
T332,B04,Rural Development & Panchayati Raj Dept,Smart Metering System for Rural Development & Panchayati Raj Dept at Ludhiana,Electrical & Energy,Smart Metering System,Ludhiana,Himachal Pradesh,157237080,Limited Tender,Lowest Evaluated Responsive Bid (L1),2024-03-21 11:30:00,2024-04-24 04:30:00,2024-05-01,2024-05-06,2024-05-16,540,AWARDED
T333,B05,State Health Infrastructure Development Agency,Highway Widening for State Health Infrastructure Development Agency at Ambala,Road Infrastructure,Highway Widening,Ambala,Himachal Pradesh,165205545,Open Competitive Bidding,Lowest Evaluated Responsive Bid (L1),2024-03-22 11:30:00,2024-04-27 04:30:00,2024-05-03,2024-05-07,2024-05-12,540,AWARDED
T334,B06,Jal Shakti / State Water & Sewerage Board,Govt Senior School for Jal Shakti / State Water & Sewerage Board at Panchkula,Civil Construction,Govt Senior School,Panchkula,Himachal Pradesh,87706774,Open Competitive Bidding,Lowest Evaluated Responsive Bid (L1),2024-03-25 11:30:00,2024-04-25 04:30:00,2024-05-01,2024-05-04,2024-05-11,240,AWARDED
T335,B07,Education Engineering Directorate,Lift Irrigation Scheme for Education Engineering Directorate at Dehradun,Water & Sanitation,Lift Irrigation Scheme,Dehradun,Himachal Pradesh,62692908,Open Competitive Bidding,Lowest Evaluated Responsive Bid (L1),2024-03-25 11:30:00,2024-04-26 04:30:00,2024-05-02,2024-05-07,2024-05-10,365,AWARDED
T336,B08,State Electricity Board Ltd (HPSEBL),Solar Microgrid 500kW for State Electricity Board Ltd (HPSEBL) at Haridwar,Electrical & Energy,Solar Microgrid 500kW,Haridwar,Himachal Pradesh,165347030,Open Competitive Bidding,Lowest Evaluated Responsive Bid (L1),2024-03-26 11:30:00,2024-04-19 04:30:00,2024-04-23,2024-04-29,2024-05-03,365,AWARDED
T337,B01,Public Works Department (PWD) - Roads Division,Pavement Overlay for Public Works Department (PWD) at Jaipur,Road Infrastructure,Pavement Overlay,Jaipur,Himachal Pradesh,141312291,Open Competitive Bidding,Lowest Evaluated Responsive Bid (L1),2024-03-28 11:30:00,2024-04-21 04:30:00,2024-04-26,2024-04-29,2024-05-02,90,AWARDED
T338,B02,National Highways Authority of India (NHAI) - RO Shimla,Administrative Complex for National Highways Authority of India (NHAI) at New Delhi,Civil Construction,Administrative Complex,New Delhi,Himachal Pradesh,104463093,Open Competitive Bidding,Lowest Evaluated Responsive Bid (L1),2024-03-29 11:30:00,2024-04-28 04:30:00,2024-05-03,2024-05-06,2024-05-11,240,AWARDED
T339,B03,Municipal Corporation Solan - Works Wing,Sewage Treatment Plant for Municipal Corporation Solan at Shimla,Water & Sanitation,Sewage Treatment Plant,Shimla,Himachal Pradesh,70815908,Open Competitive Bidding,Lowest Evaluated Responsive Bid (L1),2024-04-01 11:30:00,2024-05-01 04:30:00,2024-05-07,2024-05-11,2024-05-18,240,AWARDED
T340,B04,Rural Development & Panchayati Raj Dept,Substation 33/11kV for Rural Development & Panchayati Raj Dept at Solan,Electrical & Energy,Substation 33/11kV,Solan,Himachal Pradesh,17424288,Open Competitive Bidding,Lowest Evaluated Responsive Bid (L1),2024-04-01 11:30:00,2024-05-04 04:30:00,2024-05-10,2024-05-13,2024-05-21,365,AWARDED
T341,B05,State Health Infrastructure Development Agency,Bridge Construction for State Health Infrastructure Development Agency at Mandi,Road Infrastructure,Bridge Construction,Mandi,Himachal Pradesh,48511076,Open Competitive Bidding,Lowest Evaluated Responsive Bid (L1),2024-04-02 11:30:00,2024-05-03 04:30:00,2024-05-08,2024-05-14,2024-05-20,180,AWARDED
T342,B06,Jal Shakti / State Water & Sewerage Board,Community Health Center for Jal Shakti / State Water & Sewerage Board at Dharamshala,Civil Construction,Community Health Center,Dharamshala,Himachal Pradesh,82326068,Open Competitive Bidding,Lowest Evaluated Responsive Bid (L1),2024-04-03 11:30:00,2024-05-02 04:30:00,2024-05-06,2024-05-11,2024-05-19,180,AWARDED
T343,B07,Education Engineering Directorate,Sewage Treatment Plant for Education Engineering Directorate at Chandigarh,Water & Sanitation,Sewage Treatment Plant,Chandigarh,Himachal Pradesh,19168351,Open Competitive Bidding,Lowest Evaluated Responsive Bid (L1),2024-04-04 11:30:00,2024-05-01 04:30:00,2024-05-11,2024-05-18,2024-05-27,365,AWARDED
T344,B08,State Electricity Board Ltd (HPSEBL),Smart Metering System for State Electricity Board Ltd (HPSEBL) at Mohali,Electrical & Energy,Smart Metering System,Mohali,Himachal Pradesh,160919544,Open Competitive Bidding,Lowest Evaluated Responsive Bid (L1),2024-04-08 11:30:00,2024-05-09 04:30:00,2024-05-18,2024-05-24,2024-05-29,180,AWARDED
T345,B01,Public Works Department (PWD) - Roads Division,Pavement Overlay for Public Works Department (PWD) at Ludhiana,Road Infrastructure,Pavement Overlay,Ludhiana,Himachal Pradesh,51996945,Open Competitive Bidding,Lowest Evaluated Responsive Bid (L1),2024-04-08 11:30:00,2024-05-14 04:30:00,2024-05-20,2024-05-26,2024-06-05,240,AWARDED
T346,B02,National Highways Authority of India (NHAI) - RO Shimla,District Sports Stadium for National Highways Authority of India (NHAI) at Ambala,Civil Construction,District Sports Stadium,Ambala,Himachal Pradesh,62251400,Open Competitive Bidding,Lowest Evaluated Responsive Bid (L1),2024-04-08 11:30:00,2024-05-02 04:30:00,2024-05-12,2024-05-18,2024-05-25,90,AWARDED
T347,B03,Municipal Corporation Solan - Works Wing,Sewage Treatment Plant for Municipal Corporation Solan at Panchkula,Water & Sanitation,Sewage Treatment Plant,Panchkula,Himachal Pradesh,14354936,Open Competitive Bidding,Lowest Evaluated Responsive Bid (L1),2024-04-10 11:30:00,2024-05-05 04:30:00,2024-05-09,2024-05-14,2024-05-21,365,AWARDED
T348,B04,Rural Development & Panchayati Raj Dept,Smart Metering System for Rural Development & Panchayati Raj Dept at Dehradun,Electrical & Energy,Smart Metering System,Dehradun,Himachal Pradesh,25685605,Limited Tender,Lowest Evaluated Responsive Bid (L1),2024-04-11 11:30:00,2024-05-06 04:30:00,2024-05-15,2024-05-22,2024-06-01,90,AWARDED
T349,B05,State Health Infrastructure Development Agency,Rural Road Upgrade for State Health Infrastructure Development Agency at Haridwar,Road Infrastructure,Rural Road Upgrade,Haridwar,Himachal Pradesh,157013900,Open Competitive Bidding,Lowest Evaluated Responsive Bid (L1),2024-04-12 11:30:00,2024-05-07 04:30:00,2024-05-14,2024-05-20,2024-05-28,90,AWARDED
T350,B06,Jal Shakti / State Water & Sewerage Board,Administrative Complex for Jal Shakti / State Water & Sewerage Board at Jaipur,Civil Construction,Administrative Complex,Jaipur,Himachal Pradesh,160121049,Open Competitive Bidding,Lowest Evaluated Responsive Bid (L1),2024-04-15 11:30:00,2024-05-14 04:30:00,2024-05-24,2024-05-27,2024-05-31,365,AWARDED
T351,B07,Education Engineering Directorate,Lift Irrigation Scheme for Education Engineering Directorate at New Delhi,Water & Sanitation,Lift Irrigation Scheme,New Delhi,Himachal Pradesh,117906889,Open Competitive Bidding,Lowest Evaluated Responsive Bid (L1),2024-04-15 11:30:00,2024-05-20 04:30:00,2024-05-28,2024-05-31,2024-06-09,180,AWARDED
T352,B08,State Electricity Board Ltd (HPSEBL),Substation 33/11kV for State Electricity Board Ltd (HPSEBL) at Shimla,Electrical & Energy,Substation 33/11kV,Shimla,Himachal Pradesh,124114969,Open Competitive Bidding,Lowest Evaluated Responsive Bid (L1),2024-04-16 11:30:00,2024-05-14 04:30:00,2024-05-20,2024-05-23,2024-06-02,540,AWARDED
T353,B01,Public Works Department (PWD) - Roads Division,Highway Widening for Public Works Department (PWD) at Solan,Road Infrastructure,Highway Widening,Solan,Himachal Pradesh,56261953,Open Competitive Bidding,Lowest Evaluated Responsive Bid (L1),2024-04-17 11:30:00,2024-05-09 04:30:00,2024-05-13,2024-05-20,2024-05-29,540,AWARDED
T354,B02,National Highways Authority of India (NHAI) - RO Shimla,Administrative Complex for National Highways Authority of India (NHAI) at Mandi,Civil Construction,Administrative Complex,Mandi,Himachal Pradesh,4312524,Open Competitive Bidding,Lowest Evaluated Responsive Bid (L1),2024-04-19 11:30:00,2024-05-16 04:30:00,2024-05-21,2024-05-24,2024-06-01,90,AWARDED
T355,B03,Municipal Corporation Solan - Works Wing,Sewage Treatment Plant for Municipal Corporation Solan at Dharamshala,Water & Sanitation,Sewage Treatment Plant,Dharamshala,Himachal Pradesh,21483993,Open Competitive Bidding,Lowest Evaluated Responsive Bid (L1),2024-04-22 11:30:00,2024-05-25 04:30:00,2024-06-04,2024-06-09,2024-06-14,180,AWARDED
T356,B04,Rural Development & Panchayati Raj Dept,Solar Microgrid 500kW for Rural Development & Panchayati Raj Dept at Chandigarh,Electrical & Energy,Solar Microgrid 500kW,Chandigarh,Himachal Pradesh,138697388,Open Competitive Bidding,Lowest Evaluated Responsive Bid (L1),2024-04-22 11:30:00,2024-05-24 04:30:00,2024-06-01,2024-06-06,2024-06-09,90,AWARDED
T357,B05,State Health Infrastructure Development Agency,Rural Road Upgrade for State Health Infrastructure Development Agency at Mohali,Road Infrastructure,Rural Road Upgrade,Mohali,Himachal Pradesh,27239620,Open Competitive Bidding,Lowest Evaluated Responsive Bid (L1),2024-04-23 11:30:00,2024-05-27 04:30:00,2024-06-04,2024-06-10,2024-06-14,90,AWARDED
T358,B06,Jal Shakti / State Water & Sewerage Board,Community Health Center for Jal Shakti / State Water & Sewerage Board at Ludhiana,Civil Construction,Community Health Center,Ludhiana,Himachal Pradesh,40398972,Open Competitive Bidding,Lowest Evaluated Responsive Bid (L1),2024-04-24 11:30:00,2024-05-20 04:30:00,2024-05-27,2024-06-02,2024-06-07,540,AWARDED
T359,B07,Education Engineering Directorate,Sewage Treatment Plant for Education Engineering Directorate at Ambala,Water & Sanitation,Sewage Treatment Plant,Ambala,Himachal Pradesh,21037849,Open Competitive Bidding,Lowest Evaluated Responsive Bid (L1),2024-04-25 11:30:00,2024-05-29 04:30:00,2024-06-06,2024-06-10,2024-06-17,540,AWARDED
T360,B08,State Electricity Board Ltd (HPSEBL),Substation 33/11kV for State Electricity Board Ltd (HPSEBL) at Panchkula,Electrical & Energy,Substation 33/11kV,Panchkula,Himachal Pradesh,87892888,Open Competitive Bidding,Lowest Evaluated Responsive Bid (L1),2024-04-29 11:30:00,2024-05-24 04:30:00,2024-05-31,2024-06-04,2024-06-08,240,AWARDED
T361,B01,Public Works Department (PWD) - Roads Division,Rural Road Upgrade for Public Works Department (PWD) at Dehradun,Road Infrastructure,Rural Road Upgrade,Dehradun,Himachal Pradesh,38626344,Open Competitive Bidding,Lowest Evaluated Responsive Bid (L1),2024-04-29 11:30:00,2024-05-24 04:30:00,2024-06-03,2024-06-08,2024-06-15,365,AWARDED
T362,B02,National Highways Authority of India (NHAI) - RO Shimla,Administrative Complex for National Highways Authority of India (NHAI) at Haridwar,Civil Construction,Administrative Complex,Haridwar,Himachal Pradesh,142299787,Open Competitive Bidding,Lowest Evaluated Responsive Bid (L1),2024-04-29 11:30:00,2024-05-31 04:30:00,2024-06-07,2024-06-10,2024-06-13,540,AWARDED
T363,B03,Municipal Corporation Solan - Works Wing,Stormwater Drainage Network for Municipal Corporation Solan at Jaipur,Water & Sanitation,Stormwater Drainage Network,Jaipur,Himachal Pradesh,95345278,Open Competitive Bidding,Lowest Evaluated Responsive Bid (L1),2024-04-30 11:30:00,2024-05-25 04:30:00,2024-06-01,2024-06-06,2024-06-15,540,AWARDED
T364,B04,Rural Development & Panchayati Raj Dept,Solar Microgrid 500kW for Rural Development & Panchayati Raj Dept at New Delhi,Electrical & Energy,Solar Microgrid 500kW,New Delhi,Himachal Pradesh,41065851,Open Competitive Bidding,Lowest Evaluated Responsive Bid (L1),2024-05-02 11:30:00,2024-05-27 04:30:00,2024-06-01,2024-06-07,2024-06-14,540,AWARDED
T365,B05,State Health Infrastructure Development Agency,Pavement Overlay for State Health Infrastructure Development Agency at Shimla,Road Infrastructure,Pavement Overlay,Shimla,Himachal Pradesh,80435140,Open Competitive Bidding,Lowest Evaluated Responsive Bid (L1),2024-05-03 11:30:00,2024-06-02 04:30:00,2024-06-06,2024-06-12,2024-06-20,240,AWARDED
T366,B06,Jal Shakti / State Water & Sewerage Board,District Sports Stadium for Jal Shakti / State Water & Sewerage Board at Solan,Civil Construction,District Sports Stadium,Solan,Himachal Pradesh,71627071,Open Competitive Bidding,Lowest Evaluated Responsive Bid (L1),2024-05-06 11:30:00,2024-06-03 04:30:00,2024-06-08,2024-06-11,2024-06-15,540,AWARDED
T367,B07,Education Engineering Directorate,Rural Water Supply Pipeline for Education Engineering Directorate at Mandi,Water & Sanitation,Rural Water Supply Pipeline,Mandi,Himachal Pradesh,177949664,Open Competitive Bidding,Lowest Evaluated Responsive Bid (L1),2024-05-06 11:30:00,2024-05-31 04:30:00,2024-06-09,2024-06-12,2024-06-15,240,AWARDED
T368,B08,State Electricity Board Ltd (HPSEBL),Smart Metering System for State Electricity Board Ltd (HPSEBL) at Dharamshala,Electrical & Energy,Smart Metering System,Dharamshala,Himachal Pradesh,162274549,Limited Tender,Lowest Evaluated Responsive Bid (L1),2024-05-07 11:30:00,2024-06-02 04:30:00,2024-06-12,2024-06-19,2024-06-29,540,AWARDED
T369,B01,Public Works Department (PWD) - Roads Division,Rural Road Upgrade for Public Works Department (PWD) at Chandigarh,Road Infrastructure,Rural Road Upgrade,Chandigarh,Himachal Pradesh,11723486,Open Competitive Bidding,Lowest Evaluated Responsive Bid (L1),2024-05-08 11:30:00,2024-06-04 04:30:00,2024-06-14,2024-06-21,2024-06-30,365,AWARDED
T370,B02,National Highways Authority of India (NHAI) - RO Shimla,Community Health Center for National Highways Authority of India (NHAI) at Mohali,Civil Construction,Community Health Center,Mohali,Himachal Pradesh,134571060,Open Competitive Bidding,Lowest Evaluated Responsive Bid (L1),2024-05-10 11:30:00,2024-06-05 04:30:00,2024-06-12,2024-06-19,2024-06-24,90,AWARDED
T371,B03,Municipal Corporation Solan - Works Wing,Rural Water Supply Pipeline for Municipal Corporation Solan at Ludhiana,Water & Sanitation,Rural Water Supply Pipeline,Ludhiana,Himachal Pradesh,4857443,Open Competitive Bidding,Lowest Evaluated Responsive Bid (L1),2024-05-13 11:30:00,2024-06-04 04:30:00,2024-06-08,2024-06-14,2024-06-19,240,AWARDED
T372,B04,Rural Development & Panchayati Raj Dept,Solar Microgrid 500kW for Rural Development & Panchayati Raj Dept at Ambala,Electrical & Energy,Solar Microgrid 500kW,Ambala,Himachal Pradesh,157582621,Open Competitive Bidding,Lowest Evaluated Responsive Bid (L1),2024-05-13 11:30:00,2024-06-16 04:30:00,2024-06-22,2024-06-29,2024-07-07,180,AWARDED
T373,B05,State Health Infrastructure Development Agency,Highway Widening for State Health Infrastructure Development Agency at Panchkula,Road Infrastructure,Highway Widening,Panchkula,Himachal Pradesh,121034570,Open Competitive Bidding,Lowest Evaluated Responsive Bid (L1),2024-05-13 11:30:00,2024-06-08 04:30:00,2024-06-16,2024-06-20,2024-06-28,180,AWARDED
T374,B06,Jal Shakti / State Water & Sewerage Board,Community Health Center for Jal Shakti / State Water & Sewerage Board at Dehradun,Civil Construction,Community Health Center,Dehradun,Himachal Pradesh,30804367,Open Competitive Bidding,Lowest Evaluated Responsive Bid (L1),2024-05-15 11:30:00,2024-06-20 04:30:00,2024-06-25,2024-06-28,2024-07-02,365,AWARDED
T375,B07,Education Engineering Directorate,Rural Water Supply Pipeline for Education Engineering Directorate at Haridwar,Water & Sanitation,Rural Water Supply Pipeline,Haridwar,Himachal Pradesh,11029703,Limited Tender,Lowest Evaluated Responsive Bid (L1),2024-05-16 11:30:00,2024-06-21 04:30:00,2024-06-26,2024-06-29,2024-07-02,365,AWARDED
T376,B08,State Electricity Board Ltd (HPSEBL),Solar Microgrid 500kW for State Electricity Board Ltd (HPSEBL) at Jaipur,Electrical & Energy,Solar Microgrid 500kW,Jaipur,Himachal Pradesh,150263144,Open Competitive Bidding,Lowest Evaluated Responsive Bid (L1),2024-05-17 11:30:00,2024-06-14 04:30:00,2024-06-23,2024-06-29,2024-07-09,180,AWARDED
T377,B01,Public Works Department (PWD) - Roads Division,Rural Road Upgrade for Public Works Department (PWD) at New Delhi,Road Infrastructure,Rural Road Upgrade,New Delhi,Himachal Pradesh,116713952,Open Competitive Bidding,Lowest Evaluated Responsive Bid (L1),2024-05-20 11:30:00,2024-06-24 04:30:00,2024-07-03,2024-07-06,2024-07-14,540,AWARDED
T378,B02,National Highways Authority of India (NHAI) - RO Shimla,Govt Senior School for National Highways Authority of India (NHAI) at Shimla,Civil Construction,Govt Senior School,Shimla,Himachal Pradesh,98142729,Open Competitive Bidding,Lowest Evaluated Responsive Bid (L1),2024-05-20 11:30:00,2024-06-25 04:30:00,2024-07-03,2024-07-06,2024-07-16,240,AWARDED
T379,B03,Municipal Corporation Solan - Works Wing,Lift Irrigation Scheme for Municipal Corporation Solan at Solan,Water & Sanitation,Lift Irrigation Scheme,Solan,Himachal Pradesh,100110335,Open Competitive Bidding,Lowest Evaluated Responsive Bid (L1),2024-05-21 11:30:00,2024-06-21 04:30:00,2024-06-29,2024-07-03,2024-07-06,90,AWARDED
T380,B04,Rural Development & Panchayati Raj Dept,Solar Microgrid 500kW for Rural Development & Panchayati Raj Dept at Mandi,Electrical & Energy,Solar Microgrid 500kW,Mandi,Himachal Pradesh,147722069,Open Competitive Bidding,Lowest Evaluated Responsive Bid (L1),2024-05-23 11:30:00,2024-06-17 04:30:00,2024-06-22,2024-06-25,2024-06-28,540,AWARDED
T381,B05,State Health Infrastructure Development Agency,Bridge Construction for State Health Infrastructure Development Agency at Dharamshala,Road Infrastructure,Bridge Construction,Dharamshala,Himachal Pradesh,109063914,Open Competitive Bidding,Lowest Evaluated Responsive Bid (L1),2024-05-24 11:30:00,2024-06-22 04:30:00,2024-07-02,2024-07-05,2024-07-14,365,AWARDED
T382,B06,Jal Shakti / State Water & Sewerage Board,District Sports Stadium for Jal Shakti / State Water & Sewerage Board at Chandigarh,Civil Construction,District Sports Stadium,Chandigarh,Himachal Pradesh,95713663,Open Competitive Bidding,Lowest Evaluated Responsive Bid (L1),2024-05-27 11:30:00,2024-06-28 04:30:00,2024-07-06,2024-07-11,2024-07-18,90,AWARDED
T383,B07,Education Engineering Directorate,Rural Water Supply Pipeline for Education Engineering Directorate at Mohali,Water & Sanitation,Rural Water Supply Pipeline,Mohali,Himachal Pradesh,100268996,Open Competitive Bidding,Lowest Evaluated Responsive Bid (L1),2024-05-27 11:30:00,2024-06-21 04:30:00,2024-06-28,2024-07-03,2024-07-13,240,AWARDED
T384,B08,State Electricity Board Ltd (HPSEBL),Smart Metering System for State Electricity Board Ltd (HPSEBL) at Ludhiana,Electrical & Energy,Smart Metering System,Ludhiana,Himachal Pradesh,84298380,Open Competitive Bidding,Lowest Evaluated Responsive Bid (L1),2024-05-28 11:30:00,2024-07-01 04:30:00,2024-07-07,2024-07-12,2024-07-18,90,AWARDED
T385,B01,Public Works Department (PWD) - Roads Division,Pavement Overlay for Public Works Department (PWD) at Ambala,Road Infrastructure,Pavement Overlay,Ambala,Himachal Pradesh,55839330,Open Competitive Bidding,Lowest Evaluated Responsive Bid (L1),2024-05-29 11:30:00,2024-06-27 04:30:00,2024-07-01,2024-07-04,2024-07-11,90,AWARDED
T386,B02,National Highways Authority of India (NHAI) - RO Shimla,Govt Senior School for National Highways Authority of India (NHAI) at Panchkula,Civil Construction,Govt Senior School,Panchkula,Himachal Pradesh,172927764,Open Competitive Bidding,Lowest Evaluated Responsive Bid (L1),2024-05-30 11:30:00,2024-07-04 04:30:00,2024-07-11,2024-07-15,2024-07-23,240,AWARDED
T387,B03,Municipal Corporation Solan - Works Wing,Rural Water Supply Pipeline for Municipal Corporation Solan at Dehradun,Water & Sanitation,Rural Water Supply Pipeline,Dehradun,Himachal Pradesh,42463033,Open Competitive Bidding,Lowest Evaluated Responsive Bid (L1),2024-06-03 11:30:00,2024-06-28 04:30:00,2024-07-03,2024-07-07,2024-07-12,540,AWARDED
T388,B04,Rural Development & Panchayati Raj Dept,HT Transmission Line for Rural Development & Panchayati Raj Dept at Haridwar,Electrical & Energy,HT Transmission Line,Haridwar,Himachal Pradesh,135510196,Open Competitive Bidding,Lowest Evaluated Responsive Bid (L1),2024-06-03 11:30:00,2024-06-29 04:30:00,2024-07-03,2024-07-07,2024-07-10,240,AWARDED
T389,B05,State Health Infrastructure Development Agency,Bridge Construction for State Health Infrastructure Development Agency at Jaipur,Road Infrastructure,Bridge Construction,Jaipur,Himachal Pradesh,118461566,Open Competitive Bidding,Lowest Evaluated Responsive Bid (L1),2024-06-03 11:30:00,2024-06-29 04:30:00,2024-07-03,2024-07-10,2024-07-14,365,AWARDED
T390,B06,Jal Shakti / State Water & Sewerage Board,Govt Senior School for Jal Shakti / State Water & Sewerage Board at New Delhi,Civil Construction,Govt Senior School,New Delhi,Himachal Pradesh,156955372,Open Competitive Bidding,Lowest Evaluated Responsive Bid (L1),2024-06-05 11:30:00,2024-07-11 04:30:00,2024-07-20,2024-07-25,2024-07-31,90,AWARDED
T391,B07,Education Engineering Directorate,Stormwater Drainage Network for Education Engineering Directorate at Shimla,Water & Sanitation,Stormwater Drainage Network,Shimla,Himachal Pradesh,56966932,Open Competitive Bidding,Lowest Evaluated Responsive Bid (L1),2024-06-06 11:30:00,2024-06-28 04:30:00,2024-07-06,2024-07-12,2024-07-19,540,AWARDED
T392,B08,State Electricity Board Ltd (HPSEBL),HT Transmission Line for State Electricity Board Ltd (HPSEBL) at Solan,Electrical & Energy,HT Transmission Line,Solan,Himachal Pradesh,86014791,Open Competitive Bidding,Lowest Evaluated Responsive Bid (L1),2024-06-07 11:30:00,2024-07-10 04:30:00,2024-07-16,2024-07-19,2024-07-26,365,AWARDED
T393,B01,Public Works Department (PWD) - Roads Division,Pavement Overlay for Public Works Department (PWD) at Mandi,Road Infrastructure,Pavement Overlay,Mandi,Himachal Pradesh,105908514,Open Competitive Bidding,Lowest Evaluated Responsive Bid (L1),2024-06-10 11:30:00,2024-07-16 04:30:00,2024-07-20,2024-07-24,2024-07-30,90,AWARDED
T394,B02,National Highways Authority of India (NHAI) - RO Shimla,Community Health Center for National Highways Authority of India (NHAI) at Dharamshala,Civil Construction,Community Health Center,Dharamshala,Himachal Pradesh,83124239,Open Competitive Bidding,Lowest Evaluated Responsive Bid (L1),2024-06-10 11:30:00,2024-07-16 04:30:00,2024-07-21,2024-07-25,2024-08-03,180,AWARDED
T395,B03,Municipal Corporation Solan - Works Wing,Sewage Treatment Plant for Municipal Corporation Solan at Chandigarh,Water & Sanitation,Sewage Treatment Plant,Chandigarh,Himachal Pradesh,20790274,Open Competitive Bidding,Lowest Evaluated Responsive Bid (L1),2024-06-11 11:30:00,2024-07-10 04:30:00,2024-07-16,2024-07-20,2024-07-23,240,AWARDED
T396,B04,Rural Development & Panchayati Raj Dept,Smart Metering System for Rural Development & Panchayati Raj Dept at Mohali,Electrical & Energy,Smart Metering System,Mohali,Himachal Pradesh,21678667,Open Competitive Bidding,Lowest Evaluated Responsive Bid (L1),2024-06-12 11:30:00,2024-07-15 04:30:00,2024-07-24,2024-07-27,2024-08-05,240,AWARDED
T397,B05,State Health Infrastructure Development Agency,Highway Widening for State Health Infrastructure Development Agency at Ludhiana,Road Infrastructure,Highway Widening,Ludhiana,Himachal Pradesh,17490639,Open Competitive Bidding,Lowest Evaluated Responsive Bid (L1),2024-06-14 11:30:00,2024-07-20 04:30:00,2024-07-26,2024-07-29,2024-08-08,365,AWARDED
T398,B06,Jal Shakti / State Water & Sewerage Board,Community Health Center for Jal Shakti / State Water & Sewerage Board at Ambala,Civil Construction,Community Health Center,Ambala,Himachal Pradesh,30270983,Open Competitive Bidding,Lowest Evaluated Responsive Bid (L1),2024-06-17 11:30:00,2024-07-11 04:30:00,2024-07-15,2024-07-18,2024-07-21,365,AWARDED
T399,B07,Education Engineering Directorate,Lift Irrigation Scheme for Education Engineering Directorate at Panchkula,Water & Sanitation,Lift Irrigation Scheme,Panchkula,Himachal Pradesh,138309185,Limited Tender,Lowest Evaluated Responsive Bid (L1),2024-06-17 11:30:00,2024-07-22 04:30:00,2024-07-30,2024-08-05,2024-08-13,365,AWARDED
T400,B08,State Electricity Board Ltd (HPSEBL),Substation 33/11kV for State Electricity Board Ltd (HPSEBL) at Dehradun,Electrical & Energy,Substation 33/11kV,Dehradun,Himachal Pradesh,155766986,Open Competitive Bidding,Lowest Evaluated Responsive Bid (L1),2024-06-18 11:30:00,2024-07-12 04:30:00,2024-07-16,2024-07-22,2024-07-26,240,AWARDED
T401,B01,Public Works Department (PWD) - Roads Division,Rural Road Upgrade for Public Works Department (PWD) at Haridwar,Road Infrastructure,Rural Road Upgrade,Haridwar,Himachal Pradesh,23973422,Open Competitive Bidding,Lowest Evaluated Responsive Bid (L1),2024-06-19 11:30:00,2024-07-16 04:30:00,2024-07-25,2024-07-30,2024-08-03,540,AWARDED
T402,B02,National Highways Authority of India (NHAI) - RO Shimla,Govt Senior School for National Highways Authority of India (NHAI) at Jaipur,Civil Construction,Govt Senior School,Jaipur,Himachal Pradesh,167383875,Open Competitive Bidding,Lowest Evaluated Responsive Bid (L1),2024-06-20 11:30:00,2024-07-14 04:30:00,2024-07-23,2024-07-29,2024-08-03,180,AWARDED
T403,B03,Municipal Corporation Solan - Works Wing,Lift Irrigation Scheme for Municipal Corporation Solan at New Delhi,Water & Sanitation,Lift Irrigation Scheme,New Delhi,Himachal Pradesh,96871387,Open Competitive Bidding,Lowest Evaluated Responsive Bid (L1),2024-06-21 11:30:00,2024-07-27 04:30:00,2024-08-01,2024-08-05,2024-08-13,365,AWARDED
T404,B04,Rural Development & Panchayati Raj Dept,Smart Metering System for Rural Development & Panchayati Raj Dept at Shimla,Electrical & Energy,Smart Metering System,Shimla,Himachal Pradesh,139236585,Open Competitive Bidding,Lowest Evaluated Responsive Bid (L1),2024-06-24 11:30:00,2024-07-21 04:30:00,2024-07-30,2024-08-02,2024-08-11,365,AWARDED
T405,B05,State Health Infrastructure Development Agency,Pavement Overlay for State Health Infrastructure Development Agency at Solan,Road Infrastructure,Pavement Overlay,Solan,Himachal Pradesh,135840916,Open Competitive Bidding,Lowest Evaluated Responsive Bid (L1),2024-06-24 11:30:00,2024-07-22 04:30:00,2024-07-26,2024-07-29,2024-08-07,240,AWARDED
T406,B06,Jal Shakti / State Water & Sewerage Board,District Sports Stadium for Jal Shakti / State Water & Sewerage Board at Mandi,Civil Construction,District Sports Stadium,Mandi,Himachal Pradesh,171916829,Open Competitive Bidding,Lowest Evaluated Responsive Bid (L1),2024-06-25 11:30:00,2024-07-24 04:30:00,2024-07-29,2024-08-05,2024-08-14,240,AWARDED
T407,B07,Education Engineering Directorate,Rural Water Supply Pipeline for Education Engineering Directorate at Dharamshala,Water & Sanitation,Rural Water Supply Pipeline,Dharamshala,Himachal Pradesh,110516624,Open Competitive Bidding,Lowest Evaluated Responsive Bid (L1),2024-06-27 11:30:00,2024-07-30 04:30:00,2024-08-07,2024-08-14,2024-08-18,240,AWARDED
T408,B08,State Electricity Board Ltd (HPSEBL),HT Transmission Line for State Electricity Board Ltd (HPSEBL) at Chandigarh,Electrical & Energy,HT Transmission Line,Chandigarh,Himachal Pradesh,111759231,Open Competitive Bidding,Lowest Evaluated Responsive Bid (L1),2024-06-28 11:30:00,2024-07-21 04:30:00,2024-07-29,2024-08-05,2024-08-13,90,AWARDED
T409,B01,Public Works Department (PWD) - Roads Division,Highway Widening for Public Works Department (PWD) at Mohali,Road Infrastructure,Highway Widening,Mohali,Himachal Pradesh,90367667,Open Competitive Bidding,Lowest Evaluated Responsive Bid (L1),2024-07-01 11:30:00,2024-08-06 04:30:00,2024-08-12,2024-08-19,2024-08-28,180,AWARDED
T410,B02,National Highways Authority of India (NHAI) - RO Shimla,Community Health Center for National Highways Authority of India (NHAI) at Ludhiana,Civil Construction,Community Health Center,Ludhiana,Himachal Pradesh,67073181,Open Competitive Bidding,Lowest Evaluated Responsive Bid (L1),2024-07-01 11:30:00,2024-08-06 04:30:00,2024-08-16,2024-08-20,2024-08-30,365,AWARDED
T411,B03,Municipal Corporation Solan - Works Wing,Rural Water Supply Pipeline for Municipal Corporation Solan at Ambala,Water & Sanitation,Rural Water Supply Pipeline,Ambala,Himachal Pradesh,127314271,Open Competitive Bidding,Lowest Evaluated Responsive Bid (L1),2024-07-02 11:30:00,2024-07-25 04:30:00,2024-07-31,2024-08-07,2024-08-14,540,AWARDED
T412,B04,Rural Development & Panchayati Raj Dept,Smart Metering System for Rural Development & Panchayati Raj Dept at Panchkula,Electrical & Energy,Smart Metering System,Panchkula,Himachal Pradesh,82027401,Limited Tender,Lowest Evaluated Responsive Bid (L1),2024-07-03 11:30:00,2024-07-29 04:30:00,2024-08-08,2024-08-14,2024-08-24,365,AWARDED
T413,B05,State Health Infrastructure Development Agency,Pavement Overlay for State Health Infrastructure Development Agency at Dehradun,Road Infrastructure,Pavement Overlay,Dehradun,Himachal Pradesh,103012286,Open Competitive Bidding,Lowest Evaluated Responsive Bid (L1),2024-07-04 11:30:00,2024-08-02 04:30:00,2024-08-07,2024-08-14,2024-08-22,365,AWARDED
T414,B06,Jal Shakti / State Water & Sewerage Board,District Sports Stadium for Jal Shakti / State Water & Sewerage Board at Haridwar,Civil Construction,District Sports Stadium,Haridwar,Himachal Pradesh,34122294,Open Competitive Bidding,Lowest Evaluated Responsive Bid (L1),2024-07-08 11:30:00,2024-08-11 04:30:00,2024-08-15,2024-08-22,2024-08-28,365,AWARDED
T415,B07,Education Engineering Directorate,Rural Water Supply Pipeline for Education Engineering Directorate at Jaipur,Water & Sanitation,Rural Water Supply Pipeline,Jaipur,Himachal Pradesh,127259090,Open Competitive Bidding,Lowest Evaluated Responsive Bid (L1),2024-07-08 11:30:00,2024-08-02 04:30:00,2024-08-09,2024-08-12,2024-08-20,540,AWARDED
T416,B08,State Electricity Board Ltd (HPSEBL),Smart Metering System for State Electricity Board Ltd (HPSEBL) at New Delhi,Electrical & Energy,Smart Metering System,New Delhi,Himachal Pradesh,4757885,Open Competitive Bidding,Lowest Evaluated Responsive Bid (L1),2024-07-08 11:30:00,2024-08-04 04:30:00,2024-08-09,2024-08-14,2024-08-19,365,AWARDED
T417,B01,Public Works Department (PWD) - Roads Division,Rural Road Upgrade for Public Works Department (PWD) at Shimla,Road Infrastructure,Rural Road Upgrade,Shimla,Himachal Pradesh,136455305,Open Competitive Bidding,Lowest Evaluated Responsive Bid (L1),2024-07-10 11:30:00,2024-08-07 04:30:00,2024-08-13,2024-08-20,2024-08-23,180,AWARDED
T418,B02,National Highways Authority of India (NHAI) - RO Shimla,District Sports Stadium for National Highways Authority of India (NHAI) at Solan,Civil Construction,District Sports Stadium,Solan,Himachal Pradesh,53506762,Open Competitive Bidding,Lowest Evaluated Responsive Bid (L1),2024-07-11 11:30:00,2024-08-10 04:30:00,2024-08-15,2024-08-21,2024-08-26,180,AWARDED
T419,B03,Municipal Corporation Solan - Works Wing,Rural Water Supply Pipeline for Municipal Corporation Solan at Mandi,Water & Sanitation,Rural Water Supply Pipeline,Mandi,Himachal Pradesh,173766402,Open Competitive Bidding,Lowest Evaluated Responsive Bid (L1),2024-07-12 11:30:00,2024-08-17 04:30:00,2024-08-22,2024-08-26,2024-09-02,365,AWARDED
T420,B04,Rural Development & Panchayati Raj Dept,Substation 33/11kV for Rural Development & Panchayati Raj Dept at Dharamshala,Electrical & Energy,Substation 33/11kV,Dharamshala,Himachal Pradesh,130977621,Open Competitive Bidding,Lowest Evaluated Responsive Bid (L1),2024-07-15 11:30:00,2024-08-06 04:30:00,2024-08-11,2024-08-18,2024-08-27,180,AWARDED
T421,B05,State Health Infrastructure Development Agency,Rural Road Upgrade for State Health Infrastructure Development Agency at Chandigarh,Road Infrastructure,Rural Road Upgrade,Chandigarh,Himachal Pradesh,12789822,Limited Tender,Lowest Evaluated Responsive Bid (L1),2024-07-15 11:30:00,2024-08-16 04:30:00,2024-08-23,2024-08-27,2024-09-01,180,AWARDED
T422,B06,Jal Shakti / State Water & Sewerage Board,District Sports Stadium for Jal Shakti / State Water & Sewerage Board at Mohali,Civil Construction,District Sports Stadium,Mohali,Himachal Pradesh,171409040,Open Competitive Bidding,Lowest Evaluated Responsive Bid (L1),2024-07-16 11:30:00,2024-08-12 04:30:00,2024-08-18,2024-08-21,2024-08-27,365,AWARDED
T423,B07,Education Engineering Directorate,Lift Irrigation Scheme for Education Engineering Directorate at Ludhiana,Water & Sanitation,Lift Irrigation Scheme,Ludhiana,Himachal Pradesh,81769315,Limited Tender,Lowest Evaluated Responsive Bid (L1),2024-07-17 11:30:00,2024-08-17 04:30:00,2024-08-27,2024-09-03,2024-09-08,240,AWARDED
T424,B08,State Electricity Board Ltd (HPSEBL),Substation 33/11kV for State Electricity Board Ltd (HPSEBL) at Ambala,Electrical & Energy,Substation 33/11kV,Ambala,Himachal Pradesh,99943386,Open Competitive Bidding,Lowest Evaluated Responsive Bid (L1),2024-07-19 11:30:00,2024-08-24 04:30:00,2024-08-30,2024-09-02,2024-09-08,90,AWARDED
T425,B01,Public Works Department (PWD) - Roads Division,Pavement Overlay for Public Works Department (PWD) at Panchkula,Road Infrastructure,Pavement Overlay,Panchkula,Himachal Pradesh,15506963,Open Competitive Bidding,Lowest Evaluated Responsive Bid (L1),2024-07-22 11:30:00,2024-08-19 04:30:00,2024-08-23,2024-08-30,2024-09-07,90,AWARDED
T426,B02,National Highways Authority of India (NHAI) - RO Shimla,Community Health Center for National Highways Authority of India (NHAI) at Dehradun,Civil Construction,Community Health Center,Dehradun,Himachal Pradesh,148206806,Open Competitive Bidding,Lowest Evaluated Responsive Bid (L1),2024-07-22 11:30:00,2024-08-27 04:30:00,2024-08-31,2024-09-07,2024-09-12,180,AWARDED
T427,B03,Municipal Corporation Solan - Works Wing,Stormwater Drainage Network for Municipal Corporation Solan at Haridwar,Water & Sanitation,Stormwater Drainage Network,Haridwar,Himachal Pradesh,37632176,Open Competitive Bidding,Lowest Evaluated Responsive Bid (L1),2024-07-23 11:30:00,2024-08-23 04:30:00,2024-09-01,2024-09-07,2024-09-11,180,AWARDED
T428,B04,Rural Development & Panchayati Raj Dept,Solar Microgrid 500kW for Rural Development & Panchayati Raj Dept at Jaipur,Electrical & Energy,Solar Microgrid 500kW,Jaipur,Himachal Pradesh,137508505,Open Competitive Bidding,Lowest Evaluated Responsive Bid (L1),2024-07-24 11:30:00,2024-08-26 04:30:00,2024-09-04,2024-09-08,2024-09-15,180,AWARDED
T429,B05,State Health Infrastructure Development Agency,Rural Road Upgrade for State Health Infrastructure Development Agency at New Delhi,Road Infrastructure,Rural Road Upgrade,New Delhi,Himachal Pradesh,59252296,Open Competitive Bidding,Lowest Evaluated Responsive Bid (L1),2024-07-25 11:30:00,2024-08-21 04:30:00,2024-08-25,2024-08-28,2024-09-06,90,AWARDED
T430,B06,Jal Shakti / State Water & Sewerage Board,Community Health Center for Jal Shakti / State Water & Sewerage Board at Shimla,Civil Construction,Community Health Center,Shimla,Himachal Pradesh,112257057,Open Competitive Bidding,Lowest Evaluated Responsive Bid (L1),2024-07-29 11:30:00,2024-08-24 04:30:00,2024-09-03,2024-09-06,2024-09-14,90,AWARDED
T431,B07,Education Engineering Directorate,Stormwater Drainage Network for Education Engineering Directorate at Solan,Water & Sanitation,Stormwater Drainage Network,Solan,Himachal Pradesh,163131720,Limited Tender,Lowest Evaluated Responsive Bid (L1),2024-07-29 11:30:00,2024-08-27 04:30:00,2024-09-04,2024-09-11,2024-09-14,240,AWARDED
T432,B08,State Electricity Board Ltd (HPSEBL),Smart Metering System for State Electricity Board Ltd (HPSEBL) at Mandi,Electrical & Energy,Smart Metering System,Mandi,Himachal Pradesh,91723125,Limited Tender,Lowest Evaluated Responsive Bid (L1),2024-07-29 11:30:00,2024-09-02 04:30:00,2024-09-08,2024-09-11,2024-09-15,365,AWARDED
T433,B01,Public Works Department (PWD) - Roads Division,Bridge Construction for Public Works Department (PWD) at Dharamshala,Road Infrastructure,Bridge Construction,Dharamshala,Himachal Pradesh,55617992,Open Competitive Bidding,Lowest Evaluated Responsive Bid (L1),2024-07-30 11:30:00,2024-09-02 04:30:00,2024-09-12,2024-09-16,2024-09-22,180,AWARDED
T434,B02,National Highways Authority of India (NHAI) - RO Shimla,Administrative Complex for National Highways Authority of India (NHAI) at Chandigarh,Civil Construction,Administrative Complex,Chandigarh,Himachal Pradesh,79217401,Open Competitive Bidding,Lowest Evaluated Responsive Bid (L1),2024-08-01 11:30:00,2024-09-05 04:30:00,2024-09-10,2024-09-13,2024-09-19,240,AWARDED
T435,B03,Municipal Corporation Solan - Works Wing,Sewage Treatment Plant for Municipal Corporation Solan at Mohali,Water & Sanitation,Sewage Treatment Plant,Mohali,Himachal Pradesh,29930793,Open Competitive Bidding,Lowest Evaluated Responsive Bid (L1),2024-08-02 11:30:00,2024-08-29 04:30:00,2024-09-04,2024-09-09,2024-09-14,90,AWARDED
T436,B04,Rural Development & Panchayati Raj Dept,HT Transmission Line for Rural Development & Panchayati Raj Dept at Ludhiana,Electrical & Energy,HT Transmission Line,Ludhiana,Himachal Pradesh,123945614,Limited Tender,Lowest Evaluated Responsive Bid (L1),2024-08-05 11:30:00,2024-09-02 04:30:00,2024-09-09,2024-09-14,2024-09-19,365,AWARDED
T437,B05,State Health Infrastructure Development Agency,Highway Widening for State Health Infrastructure Development Agency at Ambala,Road Infrastructure,Highway Widening,Ambala,Himachal Pradesh,57191063,Open Competitive Bidding,Lowest Evaluated Responsive Bid (L1),2024-08-05 11:30:00,2024-09-05 04:30:00,2024-09-12,2024-09-15,2024-09-23,365,AWARDED
T438,B06,Jal Shakti / State Water & Sewerage Board,Administrative Complex for Jal Shakti / State Water & Sewerage Board at Panchkula,Civil Construction,Administrative Complex,Panchkula,Himachal Pradesh,81064457,Open Competitive Bidding,Lowest Evaluated Responsive Bid (L1),2024-08-06 11:30:00,2024-09-01 04:30:00,2024-09-11,2024-09-18,2024-09-27,180,AWARDED
T439,B07,Education Engineering Directorate,Sewage Treatment Plant for Education Engineering Directorate at Dehradun,Water & Sanitation,Sewage Treatment Plant,Dehradun,Himachal Pradesh,123127782,Open Competitive Bidding,Lowest Evaluated Responsive Bid (L1),2024-08-07 11:30:00,2024-09-12 04:30:00,2024-09-22,2024-09-25,2024-10-03,90,AWARDED
T440,B08,State Electricity Board Ltd (HPSEBL),Solar Microgrid 500kW for State Electricity Board Ltd (HPSEBL) at Haridwar,Electrical & Energy,Solar Microgrid 500kW,Haridwar,Himachal Pradesh,154686135,Open Competitive Bidding,Lowest Evaluated Responsive Bid (L1),2024-08-09 11:30:00,2024-09-13 04:30:00,2024-09-20,2024-09-23,2024-09-28,365,AWARDED
T441,B01,Public Works Department (PWD) - Roads Division,Rural Road Upgrade for Public Works Department (PWD) at Jaipur,Road Infrastructure,Rural Road Upgrade,Jaipur,Himachal Pradesh,103959160,Open Competitive Bidding,Lowest Evaluated Responsive Bid (L1),2024-08-12 11:30:00,2024-09-17 04:30:00,2024-09-26,2024-10-01,2024-10-09,90,AWARDED
T442,B02,National Highways Authority of India (NHAI) - RO Shimla,Community Health Center for National Highways Authority of India (NHAI) at New Delhi,Civil Construction,Community Health Center,New Delhi,Himachal Pradesh,75834171,Open Competitive Bidding,Lowest Evaluated Responsive Bid (L1),2024-08-12 11:30:00,2024-09-15 04:30:00,2024-09-21,2024-09-24,2024-09-29,90,AWARDED
T443,B03,Municipal Corporation Solan - Works Wing,Sewage Treatment Plant for Municipal Corporation Solan at Shimla,Water & Sanitation,Sewage Treatment Plant,Shimla,Himachal Pradesh,123911789,Limited Tender,Lowest Evaluated Responsive Bid (L1),2024-08-12 11:30:00,2024-09-15 04:30:00,2024-09-25,2024-09-29,2024-10-02,540,AWARDED
T444,B04,Rural Development & Panchayati Raj Dept,Substation 33/11kV for Rural Development & Panchayati Raj Dept at Solan,Electrical & Energy,Substation 33/11kV,Solan,Himachal Pradesh,172153312,Open Competitive Bidding,Lowest Evaluated Responsive Bid (L1),2024-08-14 11:30:00,2024-09-17 04:30:00,2024-09-26,2024-10-01,2024-10-05,90,AWARDED
T445,B05,State Health Infrastructure Development Agency,Highway Widening for State Health Infrastructure Development Agency at Mandi,Road Infrastructure,Highway Widening,Mandi,Himachal Pradesh,48672789,Open Competitive Bidding,Lowest Evaluated Responsive Bid (L1),2024-08-15 11:30:00,2024-09-11 04:30:00,2024-09-17,2024-09-21,2024-09-29,90,AWARDED
T446,B06,Jal Shakti / State Water & Sewerage Board,Govt Senior School for Jal Shakti / State Water & Sewerage Board at Dharamshala,Civil Construction,Govt Senior School,Dharamshala,Himachal Pradesh,103018562,Open Competitive Bidding,Lowest Evaluated Responsive Bid (L1),2024-08-16 11:30:00,2024-09-19 04:30:00,2024-09-24,2024-10-01,2024-10-06,240,AWARDED
T447,B07,Education Engineering Directorate,Sewage Treatment Plant for Education Engineering Directorate at Chandigarh,Water & Sanitation,Sewage Treatment Plant,Chandigarh,Himachal Pradesh,77594033,Open Competitive Bidding,Lowest Evaluated Responsive Bid (L1),2024-08-19 11:30:00,2024-09-24 04:30:00,2024-10-04,2024-10-09,2024-10-13,180,AWARDED
T448,B08,State Electricity Board Ltd (HPSEBL),HT Transmission Line for State Electricity Board Ltd (HPSEBL) at Mohali,Electrical & Energy,HT Transmission Line,Mohali,Himachal Pradesh,102746795,Open Competitive Bidding,Lowest Evaluated Responsive Bid (L1),2024-08-19 11:30:00,2024-09-21 04:30:00,2024-09-26,2024-10-02,2024-10-07,540,AWARDED
T449,B01,Public Works Department (PWD) - Roads Division,Pavement Overlay for Public Works Department (PWD) at Ludhiana,Road Infrastructure,Pavement Overlay,Ludhiana,Himachal Pradesh,24344705,Open Competitive Bidding,Lowest Evaluated Responsive Bid (L1),2024-08-20 11:30:00,2024-09-15 04:30:00,2024-09-24,2024-09-30,2024-10-03,365,AWARDED
T450,B02,National Highways Authority of India (NHAI) - RO Shimla,Community Health Center for National Highways Authority of India (NHAI) at Ambala,Civil Construction,Community Health Center,Ambala,Himachal Pradesh,43537877,Limited Tender,Lowest Evaluated Responsive Bid (L1),2024-08-22 11:30:00,2024-09-20 04:30:00,2024-09-27,2024-10-01,2024-10-05,540,AWARDED
T451,B03,Municipal Corporation Solan - Works Wing,Lift Irrigation Scheme for Municipal Corporation Solan at Panchkula,Water & Sanitation,Lift Irrigation Scheme,Panchkula,Himachal Pradesh,129860137,Open Competitive Bidding,Lowest Evaluated Responsive Bid (L1),2024-08-23 11:30:00,2024-09-26 04:30:00,2024-10-01,2024-10-08,2024-10-17,180,AWARDED
T452,B04,Rural Development & Panchayati Raj Dept,Substation 33/11kV for Rural Development & Panchayati Raj Dept at Dehradun,Electrical & Energy,Substation 33/11kV,Dehradun,Himachal Pradesh,67228005,Open Competitive Bidding,Lowest Evaluated Responsive Bid (L1),2024-08-26 11:30:00,2024-09-22 04:30:00,2024-09-28,2024-10-05,2024-10-08,240,AWARDED
T453,B05,State Health Infrastructure Development Agency,Rural Road Upgrade for State Health Infrastructure Development Agency at Haridwar,Road Infrastructure,Rural Road Upgrade,Haridwar,Himachal Pradesh,131262926,Open Competitive Bidding,Lowest Evaluated Responsive Bid (L1),2024-08-26 11:30:00,2024-09-17 04:30:00,2024-09-25,2024-09-29,2024-10-08,90,AWARDED
T454,B06,Jal Shakti / State Water & Sewerage Board,Govt Senior School for Jal Shakti / State Water & Sewerage Board at Jaipur,Civil Construction,Govt Senior School,Jaipur,Himachal Pradesh,55742461,Open Competitive Bidding,Lowest Evaluated Responsive Bid (L1),2024-08-27 11:30:00,2024-09-28 04:30:00,2024-10-04,2024-10-09,2024-10-16,540,AWARDED
T455,B07,Education Engineering Directorate,Sewage Treatment Plant for Education Engineering Directorate at New Delhi,Water & Sanitation,Sewage Treatment Plant,New Delhi,Himachal Pradesh,138048483,Open Competitive Bidding,Lowest Evaluated Responsive Bid (L1),2024-08-28 11:30:00,2024-10-01 04:30:00,2024-10-05,2024-10-12,2024-10-22,240,AWARDED
T456,B08,State Electricity Board Ltd (HPSEBL),Substation 33/11kV for State Electricity Board Ltd (HPSEBL) at Shimla,Electrical & Energy,Substation 33/11kV,Shimla,Himachal Pradesh,17055376,Open Competitive Bidding,Lowest Evaluated Responsive Bid (L1),2024-08-29 11:30:00,2024-09-24 04:30:00,2024-09-29,2024-10-06,2024-10-15,365,AWARDED
T457,B01,Public Works Department (PWD) - Roads Division,Highway Widening for Public Works Department (PWD) at Solan,Road Infrastructure,Highway Widening,Solan,Himachal Pradesh,79801237,Open Competitive Bidding,Lowest Evaluated Responsive Bid (L1),2024-09-02 11:30:00,2024-10-05 04:30:00,2024-10-13,2024-10-16,2024-10-22,90,AWARDED
T458,B02,National Highways Authority of India (NHAI) - RO Shimla,Community Health Center for National Highways Authority of India (NHAI) at Mandi,Civil Construction,Community Health Center,Mandi,Himachal Pradesh,102826909,Limited Tender,Lowest Evaluated Responsive Bid (L1),2024-09-02 11:30:00,2024-09-30 04:30:00,2024-10-08,2024-10-12,2024-10-15,240,AWARDED
T459,B03,Municipal Corporation Solan - Works Wing,Lift Irrigation Scheme for Municipal Corporation Solan at Dharamshala,Water & Sanitation,Lift Irrigation Scheme,Dharamshala,Himachal Pradesh,115986191,Open Competitive Bidding,Lowest Evaluated Responsive Bid (L1),2024-09-02 11:30:00,2024-09-25 04:30:00,2024-10-05,2024-10-12,2024-10-17,180,AWARDED
T460,B04,Rural Development & Panchayati Raj Dept,Solar Microgrid 500kW for Rural Development & Panchayati Raj Dept at Chandigarh,Electrical & Energy,Solar Microgrid 500kW,Chandigarh,Himachal Pradesh,67627156,Limited Tender,Lowest Evaluated Responsive Bid (L1),2024-09-04 11:30:00,2024-10-06 04:30:00,2024-10-11,2024-10-18,2024-10-26,240,AWARDED
T461,B05,State Health Infrastructure Development Agency,Highway Widening for State Health Infrastructure Development Agency at Mohali,Road Infrastructure,Highway Widening,Mohali,Himachal Pradesh,103290001,Open Competitive Bidding,Lowest Evaluated Responsive Bid (L1),2024-09-05 11:30:00,2024-10-11 04:30:00,2024-10-21,2024-10-28,2024-11-06,240,AWARDED
T462,B06,Jal Shakti / State Water & Sewerage Board,District Sports Stadium for Jal Shakti / State Water & Sewerage Board at Ludhiana,Civil Construction,District Sports Stadium,Ludhiana,Himachal Pradesh,14927699,Open Competitive Bidding,Lowest Evaluated Responsive Bid (L1),2024-09-06 11:30:00,2024-10-06 04:30:00,2024-10-15,2024-10-22,2024-11-01,90,AWARDED
T463,B07,Education Engineering Directorate,Lift Irrigation Scheme for Education Engineering Directorate at Ambala,Water & Sanitation,Lift Irrigation Scheme,Ambala,Himachal Pradesh,157124253,Open Competitive Bidding,Lowest Evaluated Responsive Bid (L1),2024-09-09 11:30:00,2024-10-06 04:30:00,2024-10-15,2024-10-19,2024-10-26,365,AWARDED
T464,B08,State Electricity Board Ltd (HPSEBL),Solar Microgrid 500kW for State Electricity Board Ltd (HPSEBL) at Panchkula,Electrical & Energy,Solar Microgrid 500kW,Panchkula,Himachal Pradesh,101435040,Open Competitive Bidding,Lowest Evaluated Responsive Bid (L1),2024-09-09 11:30:00,2024-10-03 04:30:00,2024-10-07,2024-10-14,2024-10-21,180,AWARDED
T465,B01,Public Works Department (PWD) - Roads Division,Bridge Construction for Public Works Department (PWD) at Dehradun,Road Infrastructure,Bridge Construction,Dehradun,Himachal Pradesh,36610969,Open Competitive Bidding,Lowest Evaluated Responsive Bid (L1),2024-09-10 11:30:00,2024-10-09 04:30:00,2024-10-17,2024-10-23,2024-10-26,365,AWARDED
T466,B02,National Highways Authority of India (NHAI) - RO Shimla,Administrative Complex for National Highways Authority of India (NHAI) at Haridwar,Civil Construction,Administrative Complex,Haridwar,Himachal Pradesh,60889933,Open Competitive Bidding,Lowest Evaluated Responsive Bid (L1),2024-09-11 11:30:00,2024-10-04 04:30:00,2024-10-13,2024-10-18,2024-10-28,240,AWARDED
T467,B03,Municipal Corporation Solan - Works Wing,Stormwater Drainage Network for Municipal Corporation Solan at Jaipur,Water & Sanitation,Stormwater Drainage Network,Jaipur,Himachal Pradesh,155306264,Limited Tender,Lowest Evaluated Responsive Bid (L1),2024-09-13 11:30:00,2024-10-18 04:30:00,2024-10-25,2024-10-30,2024-11-06,540,AWARDED
T468,B04,Rural Development & Panchayati Raj Dept,Substation 33/11kV for Rural Development & Panchayati Raj Dept at New Delhi,Electrical & Energy,Substation 33/11kV,New Delhi,Himachal Pradesh,5940827,Open Competitive Bidding,Lowest Evaluated Responsive Bid (L1),2024-09-16 11:30:00,2024-10-20 04:30:00,2024-10-29,2024-11-04,2024-11-12,90,AWARDED
T469,B05,State Health Infrastructure Development Agency,Bridge Construction for State Health Infrastructure Development Agency at Shimla,Road Infrastructure,Bridge Construction,Shimla,Himachal Pradesh,13591445,Open Competitive Bidding,Lowest Evaluated Responsive Bid (L1),2024-09-16 11:30:00,2024-10-18 04:30:00,2024-10-25,2024-10-30,2024-11-02,365,AWARDED
T470,B06,Jal Shakti / State Water & Sewerage Board,Community Health Center for Jal Shakti / State Water & Sewerage Board at Solan,Civil Construction,Community Health Center,Solan,Himachal Pradesh,164223606,Limited Tender,Lowest Evaluated Responsive Bid (L1),2024-09-17 11:30:00,2024-10-23 04:30:00,2024-11-01,2024-11-08,2024-11-17,540,AWARDED
T471,B07,Education Engineering Directorate,Sewage Treatment Plant for Education Engineering Directorate at Mandi,Water & Sanitation,Sewage Treatment Plant,Mandi,Himachal Pradesh,135488419,Open Competitive Bidding,Lowest Evaluated Responsive Bid (L1),2024-09-18 11:30:00,2024-10-11 04:30:00,2024-10-21,2024-10-28,2024-11-02,180,AWARDED
T472,B08,State Electricity Board Ltd (HPSEBL),Solar Microgrid 500kW for State Electricity Board Ltd (HPSEBL) at Dharamshala,Electrical & Energy,Solar Microgrid 500kW,Dharamshala,Himachal Pradesh,19432711,Open Competitive Bidding,Lowest Evaluated Responsive Bid (L1),2024-09-19 11:30:00,2024-10-20 04:30:00,2024-10-25,2024-10-31,2024-11-04,180,AWARDED
T473,B01,Public Works Department (PWD) - Roads Division,Highway Widening for Public Works Department (PWD) at Chandigarh,Road Infrastructure,Highway Widening,Chandigarh,Himachal Pradesh,18932310,Open Competitive Bidding,Lowest Evaluated Responsive Bid (L1),2024-09-20 11:30:00,2024-10-17 04:30:00,2024-10-21,2024-10-27,2024-11-05,240,AWARDED
T474,B02,National Highways Authority of India (NHAI) - RO Shimla,Govt Senior School for National Highways Authority of India (NHAI) at Mohali,Civil Construction,Govt Senior School,Mohali,Himachal Pradesh,141125393,Limited Tender,Lowest Evaluated Responsive Bid (L1),2024-09-23 11:30:00,2024-10-25 04:30:00,2024-11-01,2024-11-04,2024-11-09,240,AWARDED
T475,B03,Municipal Corporation Solan - Works Wing,Lift Irrigation Scheme for Municipal Corporation Solan at Ludhiana,Water & Sanitation,Lift Irrigation Scheme,Ludhiana,Himachal Pradesh,58433695,Open Competitive Bidding,Lowest Evaluated Responsive Bid (L1),2024-09-23 11:30:00,2024-10-20 04:30:00,2024-10-30,2024-11-05,2024-11-15,540,AWARDED
T476,B04,Rural Development & Panchayati Raj Dept,HT Transmission Line for Rural Development & Panchayati Raj Dept at Ambala,Electrical & Energy,HT Transmission Line,Ambala,Himachal Pradesh,14470695,Open Competitive Bidding,Lowest Evaluated Responsive Bid (L1),2024-09-24 11:30:00,2024-10-19 04:30:00,2024-10-23,2024-10-30,2024-11-09,365,AWARDED
T477,B05,State Health Infrastructure Development Agency,Rural Road Upgrade for State Health Infrastructure Development Agency at Panchkula,Road Infrastructure,Rural Road Upgrade,Panchkula,Himachal Pradesh,55165718,Open Competitive Bidding,Lowest Evaluated Responsive Bid (L1),2024-09-26 11:30:00,2024-10-29 04:30:00,2024-11-02,2024-11-08,2024-11-17,540,AWARDED
T478,B06,Jal Shakti / State Water & Sewerage Board,Community Health Center for Jal Shakti / State Water & Sewerage Board at Dehradun,Civil Construction,Community Health Center,Dehradun,Himachal Pradesh,88421812,Limited Tender,Lowest Evaluated Responsive Bid (L1),2024-09-27 11:30:00,2024-11-01 04:30:00,2024-11-07,2024-11-14,2024-11-24,540,AWARDED
T479,B07,Education Engineering Directorate,Lift Irrigation Scheme for Education Engineering Directorate at Haridwar,Water & Sanitation,Lift Irrigation Scheme,Haridwar,Himachal Pradesh,34240233,Open Competitive Bidding,Lowest Evaluated Responsive Bid (L1),2024-09-30 11:30:00,2024-11-05 04:30:00,2024-11-14,2024-11-21,2024-11-24,240,AWARDED
T480,B08,State Electricity Board Ltd (HPSEBL),Smart Metering System for State Electricity Board Ltd (HPSEBL) at Jaipur,Electrical & Energy,Smart Metering System,Jaipur,Himachal Pradesh,166567007,Open Competitive Bidding,Lowest Evaluated Responsive Bid (L1),2024-09-30 11:30:00,2024-11-05 04:30:00,2024-11-12,2024-11-15,2024-11-21,90,AWARDED
T481,B01,Public Works Department (PWD) - Roads Division,Highway Widening for Public Works Department (PWD) at New Delhi,Road Infrastructure,Highway Widening,New Delhi,Himachal Pradesh,90125216,Open Competitive Bidding,Lowest Evaluated Responsive Bid (L1),2024-10-01 11:30:00,2024-11-05 04:30:00,2024-11-09,2024-11-13,2024-11-22,365,AWARDED
T482,B02,National Highways Authority of India (NHAI) - RO Shimla,Govt Senior School for National Highways Authority of India (NHAI) at Shimla,Civil Construction,Govt Senior School,Shimla,Himachal Pradesh,168092807,Open Competitive Bidding,Lowest Evaluated Responsive Bid (L1),2024-10-02 11:30:00,2024-10-29 04:30:00,2024-11-05,2024-11-09,2024-11-19,180,AWARDED
T483,B03,Municipal Corporation Solan - Works Wing,Rural Water Supply Pipeline for Municipal Corporation Solan at Solan,Water & Sanitation,Rural Water Supply Pipeline,Solan,Himachal Pradesh,69921378,Open Competitive Bidding,Lowest Evaluated Responsive Bid (L1),2024-10-03 11:30:00,2024-11-03 04:30:00,2024-11-10,2024-11-16,2024-11-19,180,AWARDED
T484,B04,Rural Development & Panchayati Raj Dept,Solar Microgrid 500kW for Rural Development & Panchayati Raj Dept at Mandi,Electrical & Energy,Solar Microgrid 500kW,Mandi,Himachal Pradesh,162277245,Open Competitive Bidding,Lowest Evaluated Responsive Bid (L1),2024-10-07 11:30:00,2024-11-10 04:30:00,2024-11-19,2024-11-23,2024-12-02,180,AWARDED
T485,B05,State Health Infrastructure Development Agency,Rural Road Upgrade for State Health Infrastructure Development Agency at Dharamshala,Road Infrastructure,Rural Road Upgrade,Dharamshala,Himachal Pradesh,59537718,Open Competitive Bidding,Lowest Evaluated Responsive Bid (L1),2024-10-07 11:30:00,2024-11-09 04:30:00,2024-11-16,2024-11-22,2024-11-28,365,AWARDED
T486,B06,Jal Shakti / State Water & Sewerage Board,District Sports Stadium for Jal Shakti / State Water & Sewerage Board at Chandigarh,Civil Construction,District Sports Stadium,Chandigarh,Himachal Pradesh,74020193,Limited Tender,Lowest Evaluated Responsive Bid (L1),2024-10-07 11:30:00,2024-11-10 04:30:00,2024-11-14,2024-11-19,2024-11-22,540,AWARDED
T487,B07,Education Engineering Directorate,Rural Water Supply Pipeline for Education Engineering Directorate at Mohali,Water & Sanitation,Rural Water Supply Pipeline,Mohali,Himachal Pradesh,68960729,Limited Tender,Lowest Evaluated Responsive Bid (L1),2024-10-09 11:30:00,2024-11-07 04:30:00,2024-11-14,2024-11-20,2024-11-29,180,AWARDED
T488,B08,State Electricity Board Ltd (HPSEBL),HT Transmission Line for State Electricity Board Ltd (HPSEBL) at Ludhiana,Electrical & Energy,HT Transmission Line,Ludhiana,Himachal Pradesh,84350693,Open Competitive Bidding,Lowest Evaluated Responsive Bid (L1),2024-10-10 11:30:00,2024-11-03 04:30:00,2024-11-09,2024-11-15,2024-11-18,540,AWARDED
T489,B01,Public Works Department (PWD) - Roads Division,Highway Widening for Public Works Department (PWD) at Ambala,Road Infrastructure,Highway Widening,Ambala,Himachal Pradesh,111871641,Open Competitive Bidding,Lowest Evaluated Responsive Bid (L1),2024-10-11 11:30:00,2024-11-08 04:30:00,2024-11-15,2024-11-18,2024-11-22,240,AWARDED
T490,B01,Public Works Department (PWD) - Roads Division,"Maintenance & Resurfacing Package A - Sector 4, Panchkula",Civil Construction,Community Health Center,Panchkula,Himachal Pradesh,4820000,Open Competitive Bidding,Lowest Evaluated Responsive Bid (L1),2023-02-06 11:30:00,2023-03-02 04:30:00,2023-03-07,2023-03-14,2023-03-21,365,AWARDED
T491,B03,Municipal Corporation Solan - Works Wing,Lift Irrigation Scheme for Municipal Corporation Solan at Dehradun,Water & Sanitation,Lift Irrigation Scheme,Dehradun,Himachal Pradesh,134476447,Open Competitive Bidding,Lowest Evaluated Responsive Bid (L1),2024-10-14 11:30:00,2024-11-17 04:30:00,2024-11-24,2024-11-28,2024-12-06,540,AWARDED
T492,B04,Rural Development & Panchayati Raj Dept,Substation 33/11kV for Rural Development & Panchayati Raj Dept at Haridwar,Electrical & Energy,Substation 33/11kV,Haridwar,Himachal Pradesh,81248602,Open Competitive Bidding,Lowest Evaluated Responsive Bid (L1),2024-10-15 11:30:00,2024-11-09 04:30:00,2024-11-18,2024-11-24,2024-12-04,180,AWARDED
T493,B05,State Health Infrastructure Development Agency,Rural Road Upgrade for State Health Infrastructure Development Agency at Jaipur,Road Infrastructure,Rural Road Upgrade,Jaipur,Himachal Pradesh,69224577,Open Competitive Bidding,Lowest Evaluated Responsive Bid (L1),2024-10-16 11:30:00,2024-11-07 04:30:00,2024-11-14,2024-11-18,2024-11-28,90,AWARDED
T494,B06,Jal Shakti / State Water & Sewerage Board,District Sports Stadium for Jal Shakti / State Water & Sewerage Board at New Delhi,Civil Construction,District Sports Stadium,New Delhi,Himachal Pradesh,155745037,Open Competitive Bidding,Lowest Evaluated Responsive Bid (L1),2024-10-18 11:30:00,2024-11-16 04:30:00,2024-11-20,2024-11-27,2024-12-06,90,AWARDED
T495,B07,Education Engineering Directorate,Lift Irrigation Scheme for Education Engineering Directorate at Shimla,Water & Sanitation,Lift Irrigation Scheme,Shimla,Himachal Pradesh,16266963,Open Competitive Bidding,Lowest Evaluated Responsive Bid (L1),2024-10-21 11:30:00,2024-11-25 04:30:00,2024-12-01,2024-12-05,2024-12-08,540,AWARDED
T496,B08,State Electricity Board Ltd (HPSEBL),Solar Microgrid 500kW for State Electricity Board Ltd (HPSEBL) at Solan,Electrical & Energy,Solar Microgrid 500kW,Solan,Himachal Pradesh,28200260,Open Competitive Bidding,Lowest Evaluated Responsive Bid (L1),2024-10-21 11:30:00,2024-11-13 04:30:00,2024-11-18,2024-11-25,2024-12-05,240,AWARDED
T497,B01,Public Works Department (PWD) - Roads Division,Highway Widening for Public Works Department (PWD) at Mandi,Road Infrastructure,Highway Widening,Mandi,Himachal Pradesh,50610518,Open Competitive Bidding,Lowest Evaluated Responsive Bid (L1),2024-10-22 11:30:00,2024-11-25 04:30:00,2024-12-04,2024-12-10,2024-12-17,90,AWARDED
T498,B02,National Highways Authority of India (NHAI) - RO Shimla,Community Health Center for National Highways Authority of India (NHAI) at Dharamshala,Civil Construction,Community Health Center,Dharamshala,Himachal Pradesh,45392656,Open Competitive Bidding,Lowest Evaluated Responsive Bid (L1),2024-10-23 11:30:00,2024-11-20 04:30:00,2024-11-27,2024-12-01,2024-12-09,90,AWARDED
T499,B03,Municipal Corporation Solan - Works Wing,Stormwater Drainage Network for Municipal Corporation Solan at Chandigarh,Water & Sanitation,Stormwater Drainage Network,Chandigarh,Himachal Pradesh,50473313,Open Competitive Bidding,Lowest Evaluated Responsive Bid (L1),2024-10-24 11:30:00,2024-11-23 04:30:00,2024-11-28,2024-12-03,2024-12-06,365,AWARDED
T500,B04,Rural Development & Panchayati Raj Dept,Substation 33/11kV for Rural Development & Panchayati Raj Dept at Mohali,Electrical & Energy,Substation 33/11kV,Mohali,Himachal Pradesh,37759276,Limited Tender,Lowest Evaluated Responsive Bid (L1),2024-10-28 11:30:00,2024-12-03 04:30:00,2024-12-11,2024-12-14,2024-12-18,240,AWARDED
